Store,Cluster,Date,DayOfWeek_sin,DayOfWeek_cos,Month_sin,Month_cos,DayOfYear_sin,DayOfYear_cos,Sales_Lag_1,Sales_Lag_7,Sales_Lag_14,RollingMean_7,RollingMedian_7,RollingStd_7,RollingMean_30,RollingMedian_30,RollingStd_30,CompetitionDistance,Promo,Promo2,StoreType_a,StoreType_b,StoreType_c,StoreType_d,Assortment_a,Assortment_b,Assortment_c,Sales
17,0,2013-01-30,0.43388373911755823,-0.900968867902419,0.49999999999999994,0.8660254037844387,0.4937755501599772,0.869589389346611,4810.0,7165.0,4405.0,4306.0,4472.0,2566.0439720836166,4880.533333333334,4843.5,3045.257361111257,50.0,0,1,1,0,0,0,1,0,0,3955
17,0,2013-01-31,-0.433883739117558,-0.9009688679024191,0.49999999999999994,0.8660254037844387,0.5086709438521044,0.8609610158889943,3955.0,7580.0,4576.0,4129.428571428572,4472.0,2335.3663422214836,5092.0,4989.5,2912.01295468888,50.0,0,1,1,0,0,0,1,0,0,6344
17,0,2013-02-01,-0.9749279121818236,-0.2225209339563146,0.8660254037844386,0.5000000000000001,0.5234156073655503,0.8520775211013093,6344.0,6852.0,4877.0,3976.4285714285716,4472.0,2155.421293478598,5098.266666666666,4989.5,2913.33027749123,50.0,0,1,1,0,0,0,1,0,0,5781
17,0,2013-02-02,-0.7818314824680299,0.6234898018587334,0.8660254037844386,0.5000000000000001,0.5380051715382996,0.8429415373547828,5781.0,2473.0,2638.0,4074.0,4472.0,2090.502730604929,5033.4,4843.5,2934.82926249552,50.0,0,1,1,0,0,0,1,0,0,3156
17,0,2013-02-03,-2.4492935982947064e-16,1.0,0.8660254037844386,0.5000000000000001,0.5524353131676196,0.8335557718385699,3156.0,0.0,0.0,4074.0,4472.0,2090.502730604929,4838.3,4780.0,3069.903470907457,50.0,0,1,1,0,0,0,1,0,0,0
17,0,2013-02-04,0.7818314824680298,0.6234898018587336,0.8660254037844386,0.5000000000000001,0.5667017562911176,0.8239230057575542,0.0,4472.0,8783.0,4776.285714285715,4810.0,2911.1557106119503,5065.366666666667,4843.5,3147.7408591070443,50.0,1,1,1,0,0,0,1,0,0,9388
17,0,2013-02-05,0.9749279121818236,-0.22252093395631434,0.8660254037844386,0.5000000000000001,0.5808002734538009,0.8140460935082178,9388.0,4810.0,9034.0,5367.571428571428,5781.0,3311.8987935997707,5363.666666666667,5017.5,3074.338082202112,50.0,1,1,1,0,0,0,1,0,0,8949
17,0,2013-02-06,0.43388373911755823,-0.900968867902419,0.8660254037844386,0.5000000000000001,0.5947266869607634,0.8039279618328213,8949.0,3955.0,7165.0,5858.857142857143,6344.0,3322.488145379976,5234.166666666667,5017.5,2893.0538820367337,50.0,1,1,1,0,0,0,1,0,0,7394
17,0,2013-02-07,-0.433883739117558,-0.9009688679024191,0.8660254037844386,0.5000000000000001,0.6084768701151261,0.7935716089521474,7394.0,6344.0,7580.0,5994.571428571428,7294.0,3364.7413896238168,5176.166666666667,5017.5,2831.024684521104,50.0,1,1,1,0,0,0,1,0,0,7294
17,0,2013-02-08,-0.9749279121818236,-0.2225209339563146,0.8660254037844386,0.5000000000000001,0.6220467484408675,0.7829801036770629,7294.0,5781.0,6852.0,6105.142857142857,7294.0,3369.2677952621207,5146.333333333333,5017.5,2810.8808575608996,50.0,1,1,1,0,0,0,1,0,0,6555
17,0,2013-02-09,-0.7818314824680299,0.6234898018587334,0.8660254037844386,0.5000000000000001,0.6354323008901774,0.7721565844991642,6555.0,3156.0,2473.0,6005.428571428572,7294.0,3479.6168303010436,4986.3,4843.5,2823.0940491497668,50.0,0,1,1,0,0,0,1,0,0,2458
17,0,2013-02-10,-2.4492935982947064e-16,1.0,0.8660254037844386,0.5000000000000001,0.6486295610349814,0.7611042586607747,2458.0,0.0,0.0,6005.428571428572,7294.0,3479.6168303010436,4729.266666666666,4780.0,2915.9676566643607,50.0,0,1,1,0,0,0,1,0,0,0
17,0,2013-02-11,0.7818314824680298,0.6234898018587336,0.8660254037844386,0.5000000000000001,0.6616346182422783,0.7498264012045686,0.0,9388.0,4472.0,5406.285714285715,6555.0,3145.1078791400096,4801.366666666667,4843.5,2899.221470805845,50.0,0,1,1,0,0,0,1,0,0,5194
17,0,2013-02-12,0.9749279121818236,-0.22252093395631434,0.8660254037844386,0.5000000000000001,0.6744436188329455,0.7383263540031065,5194.0,8949.0,4810.0,4862.428571428572,5194.0,2732.4829890987953,4972.766666666666,5009.5,2753.9353620157676,50.0,0,1,1,0,0,0,1,0,0,5142
17,0,2013-02-13,0.43388373911755823,-0.900968867902419,0.8660254037844386,0.5000000000000001,0.6870527672236669,0.7266075247685656,5142.0,7394.0,3955.0,4582.857142857143,5194.0,2522.3314894868886,4995.666666666667,5150.0,2754.87526888722,50.0,0,1,1,0,0,0,1,0,0,5437
17,0,2013-02-14,-0.433883739117558,-0.9009688679024191,0.8660254037844386,0.5000000000000001,0.6994583270516471,0.7146733860429609,5437.0,7294.0,6344.0,4370.0,5194.0,2309.281056952575,5017.2,5168.0,2758.7099358839496,50.0,0,1,1,0,0,0,1,0,0,5804
17,0,2013-02-15,-0.9749279121818236,-0.2225209339563146,0.8660254037844386,0.5000000000000001,0.7116566222817746,0.702527474169157,5804.0,6555.0,5781.0,4237.142857142857,5194.0,2186.089234879754,5057.866666666667,5315.5,2758.3662922641092,50.0,0,1,1,0,0,0,1,0,0,5625
17,0,2013-02-16,-0.7818314824680299,0.6234898018587334,0.8660254037844386,0.5000000000000001,0.7236440382959124,0.6901733882429719,5625.0,2458.0,3156.0,4232.714285714285,5194.0,2190.3214158570217,4986.233333333334,5315.5,2798.917754927889,50.0,0,1,1,0,0,0,1,0,0,2427
17,0,2013-02-17,-2.4492935982947064e-16,1.0,0.8660254037844386,0.5000000000000001,0.7354170229639855,0.6776147890466889,2427.0,0.0,0.0,4232.714285714285,5194.0,2190.3214158570217,4823.666666666667,5315.5,2943.385516518448,50.0,0,1,1,0,0,0,1,0,0,0
17,0,2013-02-18,0.7818314824680298,0.6234898018587336,0.8660254037844386,0.5000000000000001,0.7469720876965552,0.6648553979642865,0.0,5194.0,9388.0,5030.857142857143,5437.0,3323.6977113134817,5095.1,5531.0,3105.8589277863766,50.0,1,1,1,0,0,0,1,0,0,10781
17,0,2013-02-19,0.9749279121818236,-0.22252093395631434,0.8660254037844386,0.5000000000000001,0.7583058084785625,0.6518989958787126,10781.0,5142.0,8949.0,5464.428571428572,5625.0,3532.0384037711547,5367.666666666667,5703.0,3000.3087005924194,50.0,1,1,1,0,0,0,1,0,0,8177
17,0,2013-02-20,0.43388373911755823,-0.900968867902419,0.8660254037844386,0.5000000000000001,0.7694148268839378,0.6387494220515272,8177.0,5437.0,7394.0,5747.142857142857,5804.0,3607.8654552043845,5322.1,5703.0,2956.714128543886,50.0,1,1,1,0,0,0,1,0,0,7416
17,0,2013-02-21,-0.433883739117558,-0.9009688679024191,0.8660254037844386,0.5000000000000001,0.7802958510707755,0.6254105729852463,7416.0,5804.0,7294.0,5994.857142857143,7416.0,3671.3884489191746,5272.233333333334,5703.0,2904.0993937029334,50.0,1,1,1,0,0,0,1,0,0,7538
17,0,2013-02-22,-0.9749279121818236,-0.2225209339563146,0.8660254037844386,0.5000000000000001,0.7909456567567772,0.6118864012687243,7538.0,5625.0,6555.0,6138.428571428572,7416.0,3674.1638893378563,5254.4,5703.0,2893.69963172073,50.0,1,1,1,0,0,0,1,0,0,6630
17,0,2013-02-23,-0.7818314824680299,0.6234898018587334,0.8660254037844386,0.5000000000000001,0.8013610881746766,0.5981809144059164,6630.0,2427.0,2458.0,6095.142857142857,7416.0,3726.5869294647,5072.533333333334,5531.0,2913.879707044619,50.0,0,1,1,0,0,0,1,0,0,2124
17,0,2013-02-24,-2.4492935982947064e-16,1.0,0.8660254037844386,0.5000000000000001,0.8115390590073611,0.5842981736283683,2124.0,0.0,0.0,6095.142857142857,7416.0,3726.5869294647,4844.133333333333,5315.5,3035.589185931971,50.0,0,1,1,0,0,0,1,0,0,0
17,0,2013-02-25,0.7818314824680298,0.6234898018587336,0.8660254037844386,0.5000000000000001,0.8214765533024142,0.5702422926917871,0.0,10781.0,5194.0,5209.571428571428,6630.0,3113.6095803821677,4914.433333333333,5315.5,3003.0296619538594,50.0,0,1,1,0,0,0,1,0,0,4582
17,0,2013-02-26,0.9749279121818236,-0.22252093395631434,0.8660254037844386,0.5000000000000001,0.8311706263658079,0.5560174366570446,4582.0,8177.0,5142.0,4693.0,4582.0,2825.906285306244,5066.466666666666,5315.5,2857.5807435218912,50.0,0,1,1,0,0,0,1,0,0,4561
17,0,2013-02-27,0.43388373911755823,-0.900968867902419,0.8660254037844386,0.5000000000000001,0.8406184056344782,0.5416278206559814,4561.0,7416.0,5437.0,4351.714285714285,4582.0,2575.3955498321493,5084.966666666666,5315.5,2855.3951533210243,50.0,0,1,1,0,0,0,1,0,0,5027
17,0,2013-02-28,-0.433883739117558,-0.9009688679024191,0.8660254037844386,0.5000000000000001,0.8498170915275278,0.5270777086423722,5027.0,7538.0,5804.0,4167.428571428572,4582.0,2345.2692707620918,5132.9,5531.0,2862.6806505261025,50.0,0,1,1,0,0,0,1,0,0,6248
17,0,2013-03-01,-0.9749279121818236,-0.2225209339563146,1.0,6.123233995736766e-17,0.8587639582758029,0.5123714121284237,6248.0,6630.0,5625.0,4124.857142857143,4582.0,2295.290571915419,5212.133333333333,5703.0,2861.8497121114942,50.0,0,1,1,0,0,0,1,0,0,6332
17,0,2013-03-02,-0.7818314824680299,0.6234898018587334,1.0,6.123233995736766e-17,0.8674563547295968,0.49751328890718066,6332.0,2124.0,2427.0,4268.714285714285,4582.0,2177.5219642432785,5105.033333333334,5531.0,2878.1052853106903,50.0,0,1,1,0,0,0,1,0,0,3131
17,0,2013-03-03,-2.4492935982947064e-16,1.0,1.0,6.123233995736766e-17,0.8758917051442429,0.48250774176121847,3131.0,0.0,0.0,4268.714285714285,4582.0,2177.5219642432785,4912.333333333333,5315.5,3021.2559997610188,50.0,0,1,1,0,0,0,1,0,0,0
17,0,2013-03-04,0.7818314824680298,0.6234898018587336,1.0,6.123233995736766e-17,0.8840675099433636,0.46735921715800227,0.0,4582.0,10781.0,5411.857142857143,5027.0,3837.2735732796627,5226.6,5531.0,3308.9143088705505,50.0,1,1,1,0,0,0,1,0,0,12584
17,0,2013-03-05,0.9749279121818236,-0.22252093395631434,1.0,6.123233995736766e-17,0.8919813464595485,0.45207220393230435,12584.0,4561.0,8177.0,6214.857142857143,6248.0,4200.4891155106925,5566.0,5714.5,3276.359280959741,50.0,1,1,1,0,0,0,1,0,0,10182
17,0,2013-03-06,0.43388373911755823,-0.900968867902419,1.0,6.123233995736766e-17,0.8996308696522433,0.43665123195606403,10182.0,5027.0,7416.0,6615.142857142857,6332.0,4201.934174820424,5514.033333333334,5714.5,3225.618587916532,50.0,1,1,1,0,0,0,1,0,0,7829
17,0,2013-03-07,-0.433883739117558,-0.9009688679024191,1.0,6.123233995736766e-17,0.9070138128026359,0.4211008707960896,7829.0,6248.0,7538.0,6781.571428571428,7413.0,4208.035917826068,5462.833333333333,5714.5,3181.098694209101,50.0,1,1,1,0,0,0,1,0,0,7413
17,0,2013-03-08,-0.9749279121818236,-0.2225209339563146,1.0,6.123233995736766e-17,0.9141279881853337,0.40542572835999735,7413.0,6332.0,6630.0,6817.428571428572,7413.0,4204.634619763563,5435.8,5714.5,3167.538600586723,50.0,1,1,1,0,0,0,1,0,0,6583
17,0,2013-03-09,-0.7818314824680299,0.6234898018587334,1.0,6.123233995736766e-17,0.9209712877166346,0.38963044953078796,6583.0,3131.0,2124.0,6768.714285714285,7413.0,4256.123577242783,5285.666666666667,5531.0,3183.128328236703,50.0,0,1,1,0,0,0,1,0,0,2790
17,0,2013-03-10,-2.4492935982947064e-16,1.0,1.0,6.123233995736766e-17,0.9275416835791966,0.37371971479046906,2790.0,0.0,0.0,6768.714285714285,7413.0,4256.123577242783,5067.166666666667,5315.5,3315.229591917645,50.0,0,1,1,0,0,0,1,0,0,0
17,0,2013-03-11,0.7818314824680298,0.6234898018587336,1.0,6.123233995736766e-17,0.9338372288229252,0.35769823883312546,0.0,12584.0,4582.0,5592.142857142857,6583.0,3440.9202949487913,5130.166666666667,5315.5,3281.726050086462,50.0,0,1,1,0,0,0,1,0,0,4348
17,0,2013-03-12,0.9749279121818236,-0.22252093395631434,1.0,6.123233995736766e-17,0.9398560579418954,0.3415707691678556,4348.0,10182.0,4561.0,4667.142857142857,4348.0,2814.7585703793166,5253.733333333334,5315.5,3149.005217123539,50.0,0,1,1,0,0,0,1,0,0,3707
17,0,2013-03-13,0.43388373911755823,-0.900968867902419,1.0,6.123233995736766e-17,0.9455963874271426,0.3253420847119801,3707.0,7829.0,5027.0,4247.142857142857,4348.0,2461.5129106961467,5243.566666666667,5289.5,3149.6969934542453,50.0,0,1,1,0,0,0,1,0,0,4889
17,0,2013-03-14,-0.433883739117558,-0.9009688679024191,1.0,6.123233995736766e-17,0.9510565162951535,0.30901699437494745,4889.0,7413.0,6248.0,3918.285714285714,4348.0,2094.4706343358566,5242.533333333334,5274.0,3149.7365487349543,50.0,0,1,1,0,0,0,1,0,0,5111
17,0,2013-03-15,-0.9749279121818236,-0.2225209339563146,1.0,6.123233995736766e-17,0.9562348265919056,0.29260033563334836,5111.0,6583.0,6332.0,3807.8571428571427,4348.0,1945.6516841897692,5254.966666666666,5368.0,3151.2664830392296,50.0,0,1,1,0,0,0,1,0,0,5810
17,0,2013-03-16,-0.7818314824680299,0.6234898018587334,1.0,6.123233995736766e-17,0.9611297838723007,0.27609697309746883,5810.0,2790.0,3131.0,3814.1428571428573,4348.0,1941.8827143240358,5155.966666666666,5069.0,3179.945482978072,50.0,0,1,1,0,0,0,1,0,0,2834
17,0,2013-03-17,-2.4492935982947064e-16,1.0,1.0,6.123233995736766e-17,0.9657399376548549,0.2595117970697999,2834.0,0.0,0.0,3814.1428571428573,4348.0,1941.8827143240358,4968.466666666666,4958.0,3314.3307301031,50.0,0,1,1,0,0,0,1,0,0,0
17,0,2013-03-18,0.7818314824680298,0.6234898018587336,1.0,6.123233995736766e-17,0.970063921851507,0.2428497220959356,0.0,4348.0,12584.0,4789.857142857143,4889.0,3413.2758179678085,5260.166666666667,5069.0,3464.6263776605997,50.0,1,1,1,0,0,0,1,0,0,11178
17,0,2013-03-19,0.9749279121818236,-0.22252093395631434,1.0,6.123233995736766e-17,0.9741004551724205,0.22611568550828828,11178.0,3707.0,10182.0,5488.571428571428,5111.0,3647.2517442197886,5546.766666666666,5460.5,3368.786916459061,50.0,1,1,1,0,0,0,1,0,0,8598
17,0,2013-03-20,0.43388373911755823,-0.900968867902419,1.0,6.123233995736766e-17,0.9778483415056568,0.20931464596304847,8598.0,4889.0,7829.0,5756.428571428572,5810.0,3664.6889753039463,5412.866666666667,5460.5,3230.563180680393,50.0,1,1,1,0,0,0,1,0,0,6764
17,0,2013-03-21,-0.433883739117558,-0.9009688679024191,1.0,6.123233995736766e-17,0.9813064702716093,0.19245158197082998,6764.0,5111.0,7413.0,6134.857142857143,6764.0,3723.236380201658,5398.966666666666,5460.5,3219.13685672089,50.0,1,1,1,0,0,0,1,0,0,7760
17,0,2013-03-22,-0.9749279121818236,-0.2225209339563146,1.0,6.123233995736766e-17,0.9844738167520922,0.1755314904214282,7760.0,5810.0,6583.0,6379.428571428572,7522.0,3754.438744434951,5402.5,5460.5,3221.4844163564703,50.0,1,1,1,0,0,0,1,0,0,7522
17,0,2013-03-23,-0.7818314824680299,0.6234898018587334,1.0,6.123233995736766e-17,0.9873494423939864,0.15855938510313478,7522.0,2834.0,2790.0,6384.142857142857,7522.0,3749.2620797774516,5246.8,5069.0,3227.58593891835,50.0,0,1,1,0,0,0,1,0,0,2867
17,0,2013-03-24,-2.4492935982947064e-16,1.0,1.0,6.123233995736766e-17,0.989932495087353,0.141540295217043,2867.0,0.0,0.0,6384.142857142857,7522.0,3749.2620797774516,5025.8,4958.0,3354.1145951266158,50.0,0,1,1,0,0,0,1,0,0,0
17,0,2013-03-25,0.7818314824680298,0.6234898018587336,1.0,6.123233995736766e-17,0.9922222094179323,0.12447926388678915,0.0,11178.0,4348.0,6372.571428571428,7522.0,3732.08645206864,5324.9,5069.0,3483.9912639939566,50.0,1,1,1,0,0,0,1,0,0,11097
17,0,2013-03-26,0.9749279121818236,-0.22252093395631434,1.0,6.123233995736766e-17,0.994217906893952,0.10738134666416309,11097.0,8598.0,3707.0,6582.571428571428,7522.0,3915.0516325732265,5660.5,5460.5,3437.978934660946,50.0,1,1,1,0,0,0,1,0,0,10068
17,0,2013-03-27,0.43388373911755823,-0.900968867902419,1.0,6.123233995736766e-17,0.995918996147179,0.09025161003104117,10068.0,6764.0,4889.0,6983.142857142857,7760.0,4076.8133155105115,5826.7,6029.0,3503.928811176549,50.0,1,1,1,0,0,0,1,0,0,9568
17,0,2013-03-28,-0.433883739117558,-0.9009688679024191,1.0,6.123233995736766e-17,0.9973249731081555,0.07309512989807777,9568.0,7760.0,5111.0,7235.857142857143,9529.0,4186.352247823532,5992.3,6290.0,3559.0115069913095,50.0,1,1,1,0,0,0,1,0,0,9529
17,0,2013-03-29,-0.9749279121818236,-0.2225209339563146,1.0,6.123233995736766e-17,0.9984354211555643,0.055916990100603484,9529.0,7522.0,5810.0,6161.285714285715,9529.0,4989.089686983179,5824.733333333334,6290.0,3720.696180067356,50.0,1,1,1,0,0,0,1,0,0,0
17,0,2013-03-30,-0.7818314824680299,0.6234898018587334,1.0,6.123233995736766e-17,0.9992500112396835,0.03872228089217446,0.0,2867.0,2834.0,6494.857142857143,9529.0,4806.854773084351,5789.866666666667,6071.0,3721.4939226192423,50.0,0,1,1,0,0,0,1,0,0,5202
17,0,2013-03-31,-2.4492935982947064e-16,1.0,1.0,6.123233995736766e-17,0.9997685019798909,0.021516097436222254,5202.0,0.0,0.0,6494.857142857143,9529.0,4806.854773084351,5578.8,5506.0,3866.4256272472744,50.0,0,1,1,0,0,0,1,0,0,0
17,0,2013-04-01,0.7818314824680298,0.6234898018587336,0.8660254037844387,-0.49999999999999983,0.9999907397361901,0.004303538296244289,0.0,11097.0,11178.0,4909.571428571428,5202.0,4865.638904849081,5474.433333333333,5506.0,3975.49684323541,50.0,0,1,1,0,0,0,1,0,0,0
17,0,2013-04-02,0.9749279121818236,-0.22252093395631434,0.8660254037844387,-0.49999999999999983,0.9999166586547379,-0.01291029607500882,0.0,10068.0,8598.0,4286.428571428572,5202.0,4346.519981822351,5664.633333333333,5758.0,3838.6941070012904,50.0,0,1,1,0,0,0,1,0,0,5706
17,0,2013-04-03,0.43388373911755823,-0.900968867902419,0.8660254037844387,-0.49999999999999983,0.9995462806873573,-0.030120304846908114,5706.0,9568.0,6764.0,3790.0,5202.0,3807.8215556929686,5448.266666666666,5758.0,3611.4426760366623,50.0,0,1,1,0,0,0,1,0,0,6093
17,0,2013-04-04,-0.433883739117558,-0.9009688679024191,0.8660254037844387,-0.49999999999999983,0.9988797155850336,-0.04732138832243185,6093.0,9529.0,7760.0,3296.0,5202.0,3097.1927611952124,5311.233333333334,5758.0,3501.9661933748343,50.0,0,1,1,0,0,0,1,0,0,6071
17,0,2013-04-05,-0.9749279121818236,-0.2225209339563146,0.8660254037844387,-0.49999999999999983,0.9979171608653922,-0.06450844944931623,6071.0,0.0,7522.0,4152.285714285715,5706.0,2853.028491170144,5250.066666666667,5758.0,3472.373876792343,50.0,0,1,1,0,0,0,1,0,0,5994
17,0,2013-04-06,-0.7818314824680299,0.6234898018587334,0.8660254037844387,-0.49999999999999983,0.9966589017541702,-0.08167639533042241,5994.0,5202.0,2867.0,3828.8571428571427,5706.0,2842.504085518699,5100.9,5454.0,3472.373136134958,50.0,0,1,1,0,0,0,1,0,0,2938
17,0,2013-04-07,-2.4492935982947064e-16,1.0,0.8660254037844387,-0.49999999999999983,0.9951053111006976,-0.09882013873287143,2938.0,0.0,0.0,3828.8571428571427,5706.0,2842.504085518699,4881.466666666666,5156.5,3581.76373172283,50.0,0,1,1,0,0,0,1,0,0,0
17,0,2013-04-08,0.7818314824680298,0.6234898018587336,0.8660254037844387,-0.49999999999999983,0.9932568492674143,-0.11593459959550041,0.0,0.0,11097.0,5363.285714285715,5994.0,3294.3196421661805,5146.5,5454.0,3713.4170967564037,50.0,1,1,1,0,0,0,1,0,0,10741
17,0,2013-04-09,0.9749279121818236,-0.22252093395631434,0.8660254037844387,-0.49999999999999983,0.9911140639934547,-0.1330147065341959,10741.0,5706.0,10068.0,5775.428571428572,6071.0,3517.264697514385,5432.866666666667,5758.0,3633.2396081974434,50.0,1,1,1,0,0,0,1,0,0,8591
17,0,2013-04-10,0.43388373911755823,-0.900968867902419,0.8660254037844387,-0.49999999999999983,0.9886775902323405,-0.1500553983446526,8591.0,6093.0,9568.0,5914.428571428572,6071.0,3550.9712688757363,5523.466666666666,5902.0,3639.137873778323,50.0,1,1,1,0,0,0,1,0,0,7066
17,0,2013-04-11,-0.433883739117558,-0.9009688679024191,0.8660254037844387,-0.49999999999999983,0.9859481499638304,-0.16705162550211924,7066.0,6071.0,9529.0,6063.142857142857,7066.0,3580.2987039524805,5636.966666666666,6032.5,3633.62566613695,50.0,1,1,1,0,0,0,1,0,0,7112
17,0,2013-04-12,-0.9749279121818236,-0.2225209339563146,0.8660254037844387,-0.49999999999999983,0.9829265519799822,-0.18399835165768005,7112.0,5994.0,0.0,6282.285714285715,7112.0,3622.0641773389257,5724.933333333333,6082.0,3646.8136203553363,50.0,1,1,1,0,0,0,1,0,0,7528
17,0,2013-04-13,-0.7818314824680299,0.6234898018587334,0.8660254037844387,-0.49999999999999983,0.9796136916454901,-0.20089055513063506,7528.0,2938.0,5202.0,6225.857142857143,7112.0,3685.3723207916387,5639.333333333333,6082.0,3691.5850378873874,50.0,0,1,1,0,0,0,1,0,0,2543
17,0,2013-04-14,-2.4492935982947064e-16,1.0,0.8660254037844387,-0.49999999999999983,0.9760105506323683,-0.21772323039653177,2543.0,0.0,0.0,6225.857142857143,7112.0,3685.3723207916387,5445.666666666667,6082.0,3832.051546818135,50.0,0,1,1,0,0,0,1,0,0,0
17,0,2013-04-15,0.7818314824680298,0.6234898018587336,0.8660254037844387,-0.49999999999999983,0.9721181966290613,-0.23449138957040985,0.0,10741.0,0.0,5330.571428571428,7066.0,3124.1945019019377,5500.333333333333,6082.0,3805.1128610144365,50.0,0,1,1,0,0,0,1,0,0,4474
17,0,2013-04-16,0.9749279121818236,-0.22252093395631434,0.8660254037844387,-0.49999999999999983,0.9679377830240642,-0.25119006388481935,4474.0,8591.0,5706.0,4773.571428571428,4692.0,2773.9617791853166,5656.733333333334,6082.0,3665.0894511672527,50.0,0,1,1,0,0,0,1,0,0,4692
17,0,2013-04-17,0.43388373911755823,-0.900968867902419,0.8660254037844387,-0.49999999999999983,0.9634705485641488,-0.2678143051621742,4692.0,7066.0,6093.0,4388.285714285715,4474.0,2583.2317430101493,5429.766666666666,6032.5,3519.316133445024,50.0,0,1,1,0,0,0,1,0,0,4369
17,0,2013-04-18,-0.433883739117558,-0.9009688679024191,0.8660254037844387,-0.49999999999999983,0.9587178169872964,-0.2843591872810034,4369.0,7112.0,6071.0,3994.8571428571427,4369.0,2292.644501339845,5288.433333333333,5850.0,3472.521310809048,50.0,0,1,1,0,0,0,1,0,0,4358
17,0,2013-04-19,-0.9749279121818236,-0.2225209339563146,0.8660254037844387,-0.49999999999999983,0.9536809966304457,-0.30081980763566735,4358.0,7528.0,5994.0,3633.714285714286,4369.0,1786.5962717120108,5229.633333333333,5454.0,3461.591705672639,50.0,0,1,1,0,0,0,1,0,0,5000
17,0,2013-04-20,-0.7818314824680299,0.6234898018587334,0.8660254037844387,-0.49999999999999983,0.9483615800121715,-0.3171912885891061,5000.0,2543.0,2938.0,3622.285714285714,4369.0,1794.972489509312,5053.066666666667,5101.0,3463.1664197053415,50.0,0,1,1,0,0,0,1,0,0,2463
17,0,2013-04-21,-2.4492935982947064e-16,1.0,0.8660254037844387,-0.49999999999999983,0.9427611433904207,-0.3334687789181868,2463.0,0.0,0.0,3622.285714285714,4369.0,1794.9724895093116,4802.333333333333,4846.0,3549.472824706978,50.0,0,1,1,0,0,0,1,0,0,0
17,0,2013-04-22,0.7818314824680298,0.6234898018587336,0.8660254037844387,-0.49999999999999983,0.9368813462954315,-0.3496474552512284,0.0,4474.0,10741.0,4295.142857142857,4369.0,2779.977483636122,5012.9,5101.0,3617.425740724358,50.0,1,1,1,0,0,0,1,0,0,9184
17,0,2013-04-23,0.9749279121818236,-0.22252093395631434,0.8660254037844387,-0.49999999999999983,0.9307239310379795,-0.36572252349726897,9184.0,4692.0,8591.0,4792.857142857143,4369.0,3150.110285295393,5285.433333333333,5454.0,3533.754003530985,50.0,1,1,1,0,0,0,1,0,0,8176
17,0,2013-04-24,0.43388373911755823,-0.900968867902419,0.8660254037844387,-0.49999999999999983,0.9242907221930934,-0.3816892202666588,8176.0,4369.0,7066.0,5117.285714285715,5000.0,3215.4489947898805,5136.866666666667,5454.0,3370.938094474832,50.0,1,1,1,0,0,0,1,0,0,6640
17,0,2013-04-25,-0.433883739117558,-0.9009688679024191,0.8660254037844387,-0.49999999999999983,0.9175836260593937,-0.39754281428255595,6640.0,4358.0,7112.0,5351.857142857143,6000.0,3210.7158302872517,5001.266666666666,5454.0,3245.21285560145,50.0,1,1,1,0,0,0,1,0,0,6000
17,0,2013-04-26,-0.9749279121818236,-0.2225209339563146,0.8660254037844387,-0.49999999999999983,0.9106046300942163,-0.4132786077829042,6000.0,5000.0,7528.0,5507.714285714285,6091.0,3217.262434342058,4885.366666666667,5454.0,3136.7689777126125,50.0,1,1,1,0,0,0,1,0,0,6091
17,0,2013-04-27,-0.7818314824680299,0.6234898018587334,0.8660254037844387,-0.49999999999999983,0.9033558023246845,-0.4288919379124835,6091.0,2463.0,2543.0,5525.571428571428,6091.0,3197.8346766284885,4654.0,5101.0,3036.8365800274964,50.0,0,1,1,0,0,0,1,0,0,2588
17,0,2013-04-28,-2.4492935982947064e-16,1.0,0.8660254037844387,-0.49999999999999983,0.895839290734909,-0.4443781781046132,2588.0,0.0,0.0,5525.571428571428,6091.0,3197.8346766284885,4654.0,5101.0,3036.8365800274964,50.0,0,1,1,0,0,0,1,0,0,0
17,0,2013-04-29,0.7818314824680298,0.6234898018587336,0.8660254037844387,-0.49999999999999983,0.8880573226294932,-0.45973273945210397,0.0,9184.0,4474.0,5562.0,6091.0,3247.522491582367,4795.233333333334,5353.0,3159.258049991608,50.0,1,1,1,0,0,0,1,0,0,9439
17,0,2013-04-30,0.9749279121818236,-0.22252093395631434,0.8660254037844387,-0.49999999999999983,0.8800122039735357,-0.47495107206704995,9439.0,8176.0,4692.0,5848.142857142857,6091.0,3586.7571903959647,5134.533333333334,5850.0,3173.0730099442685,50.0,1,1,1,0,0,0,1,0,0,10179
17,0,2013-05-01,0.43388373911755823,-0.900968867902419,0.49999999999999994,-0.8660254037844387,0.8717063187093218,-0.49002866642905923,10179.0,6640.0,4369.0,4899.571428571428,6000.0,4172.61280483196,5134.533333333334,5850.0,3173.0730099442685,50.0,1,1,1,0,0,0,1,0,0,0
17,0,2013-05-02,-0.433883739117558,-0.9009688679024191,0.49999999999999994,-0.8660254037844387,0.8631421280499114,-0.5049610547215204,0.0,6000.0,4358.0,5245.0,6091.0,4374.115834466818,5224.933333333333,5997.0,3228.0708013998965,50.0,1,1,1,0,0,0,1,0,0,8418
17,0,2013-05-03,-0.9749279121818236,-0.2225209339563146,0.49999999999999994,-0.8660254037844387,0.854322169749827,-0.5197438121555155,8418.0,6091.0,5000.0,5379.857142857143,7035.0,4418.868913669027,5256.333333333333,5997.0,3241.3599458947124,50.0,1,1,1,0,0,0,1,0,0,7035
17,0,2013-05-04,-0.7818314824680299,0.6234898018587334,0.49999999999999994,-0.8660254037844387,0.8452490573530633,-0.5343725582809787,7035.0,2588.0,2463.0,5377.857142857143,7035.0,4420.346043338367,5139.766666666666,5497.0,3273.7704265490456,50.0,0,1,1,0,0,0,1,0,0,2574
17,0,2013-05-05,-2.4492935982947064e-16,1.0,0.49999999999999994,-0.8660254037844387,0.835925479418637,-0.548842958284719,2574.0,0.0,0.0,5377.857142857143,7035.0,4420.346043338367,4939.966666666666,4846.0,3400.3016953706065,50.0,0,1,1,0,0,0,1,0,0,0
17,0,2013-05-06,0.7818314824680298,0.6234898018587336,0.49999999999999994,-0.8660254037844387,0.8263541987239096,-0.5631507242749186,0.0,9439.0,9184.0,4819.428571428572,5530.0,4053.478418064453,5026.366666666667,5265.0,3380.5519696552847,50.0,0,1,1,0,0,0,1,0,0,5530
17,0,2013-05-07,0.9749279121818236,-0.22252093395631434,0.49999999999999994,-0.8660254037844387,0.8165380514459161,-0.5772916165517272,5530.0,10179.0,8176.0,4155.714285714285,5530.0,3348.7481598494765,5210.8,5531.5,3245.0899929075867,50.0,0,1,1,0,0,0,1,0,0,5533
17,0,2013-05-08,0.43388373911755823,-0.900968867902419,0.49999999999999994,-0.8660254037844387,0.8064799463209448,-0.5912614448635781,5533.0,0.0,6640.0,4998.714285714285,5533.0,2830.9657783334737,5049.466666666666,5531.5,3076.6084857701085,50.0,0,1,1,0,0,0,1,0,0,5901
17,0,2013-05-09,-0.433883739117558,-0.9009688679024191,0.49999999999999994,-0.8660254037844387,0.7961828637826158,-0.6050560696488488,5901.0,8418.0,6000.0,3796.1428571428573,5530.0,2922.8578154819347,4763.1,5265.0,3134.868158147247,50.0,0,1,1,0,0,0,1,0,0,0
17,0,2013-05-10,-0.9749279121818236,-0.2225209339563146,0.49999999999999994,-0.8660254037844387,0.7856498550787145,-0.6186714032625031,0.0,7035.0,6091.0,3792.8571428571427,5530.0,2918.6199037999377,4761.3,5265.0,3133.5154781369974,50.0,0,1,1,0,0,0,1,0,0,7012
17,0,2013-05-11,-0.7818314824680299,0.6234898018587334,0.49999999999999994,-0.8660254037844387,0.7748840413670407,-0.6321034111873487,7012.0,2574.0,2588.0,3818.0,5530.0,2907.105261252165,4615.9,4846.0,3121.8582038311065,50.0,0,1,1,0,0,0,1,0,0,2750
17,0,2013-05-12,-2.4492935982947064e-16,1.0,0.49999999999999994,-0.8660254037844387,0.7638886127905428,-0.6453481132295501,2750.0,0.0,0.0,3818.0,5530.0,2907.105261252165,4364.966666666666,4583.0,3181.6886698660533,50.0,0,1,1,0,0,0,1,0,0,0
17,0,2013-05-13,0.7818314824680298,0.6234898018587336,0.49999999999999994,-0.8660254037844387,0.7526668275320084,-0.6584015846980488,0.0,5530.0,9439.0,4349.0,5533.0,3542.0553355361367,4588.433333333333,4846.0,3283.121450832962,50.0,1,1,1,0,0,0,1,0,0,9247
17,0,2013-05-14,0.9749279121818236,-0.22252093395631434,0.49999999999999994,-0.8660254037844387,0.741222010848596,-0.6712599575675313,9247.0,5533.0,10179.0,4754.285714285715,5901.0,3849.1065073289305,4867.433333333333,5265.0,3235.0398567425163,50.0,1,1,1,0,0,0,1,0,0,8370
17,0,2013-05-15,0.43388373911755823,-0.900968867902419,0.49999999999999994,-0.8660254037844387,0.7295575540864875,-0.6839194216246106,8370.0,5901.0,0.0,4994.571428571428,7012.0,3982.8012695062957,4971.066666666667,5531.5,3271.5930943062954,50.0,1,1,1,0,0,0,1,0,0,7583
17,0,2013-05-16,-0.433883739117558,-0.9009688679024191,0.49999999999999994,-0.8660254037844387,0.717676913675962,-0.6963762255968722,7583.0,0.0,8418.0,5984.571428571428,7012.0,3344.5397220515943,5045.666666666667,5717.0,3290.471649803553,50.0,1,1,1,0,0,0,1,0,0,6930
17,0,2013-05-17,-0.9749279121818236,-0.2225209339563146,0.49999999999999994,-0.8660254037844387,0.705583610107178,-0.7086266782644596,6930.0,7012.0,7035.0,5890.428571428572,6930.0,3319.984079135665,5111.8,5950.5,3296.3351687635745,50.0,1,1,1,0,0,0,1,0,0,6353
17,0,2013-05-18,-0.7818314824680299,0.6234898018587334,0.49999999999999994,-0.8660254037844387,0.6932812268869777,-0.7206671495538609,6353.0,2750.0,2574.0,5806.285714285715,6930.0,3418.8339003372544,5038.566666666667,5950.5,3337.8036003804414,50.0,0,1,1,0,0,0,1,0,0,2161
17,0,2013-05-19,-2.4492935982947064e-16,1.0,0.49999999999999994,-0.8660254037844387,0.6807734094770161,-0.7324940716135789,2161.0,0.0,0.0,5806.285714285715,6930.0,3418.8339003372544,4871.9,5950.5,3462.306320737766,50.0,0,1,1,0,0,0,1,0,0,0
17,0,2013-05-20,0.7818314824680298,0.6234898018587336,0.49999999999999994,-0.8660254037844387,0.6680638642135335,-0.7441039398713607,0.0,9247.0,5530.0,4485.285714285715,6353.0,3646.681217869464,4789.8,5950.5,3549.5011053036337,50.0,0,1,1,0,0,0,1,0,0,0
17,0,2013-05-21,0.9749279121818236,-0.22252093395631434,0.49999999999999994,-0.8660254037844387,0.6551563572090853,-0.7554933140726803,0.0,8370.0,5533.0,4161.142857142857,6101.0,3331.0096281543765,4993.166666666667,6045.5,3438.6550406380893,50.0,0,1,1,0,0,0,1,0,0,6101
17,0,2013-05-22,0.43388373911755823,-0.900968867902419,0.49999999999999994,-0.8660254037844387,0.6420547132365637,-0.766658819300159,6101.0,7583.0,5901.0,3768.1428571428573,4832.0,3006.4805242770426,4848.1,5950.5,3346.318959074592,50.0,0,1,1,0,0,0,1,0,0,4832
17,0,2013-05-23,-0.433883739117558,-0.9009688679024191,0.49999999999999994,-0.8660254037844387,0.6287628145958344,-0.777597146973627,4832.0,6930.0,0.0,3541.1428571428573,4832.0,2779.370038250364,4753.6,5717.0,3288.631363998685,50.0,0,1,1,0,0,0,1,0,0,5341
17,0,2013-05-24,-0.9749279121818236,-0.2225209339563146,0.49999999999999994,-0.8660254037844387,0.6152845999633276,-0.7883050558305255,5341.0,6353.0,7012.0,3408.5714285714284,4832.0,2641.6137023382075,4713.1,5531.5,3272.038575251066,50.0,0,1,1,0,0,0,1,0,0,5425
17,0,2013-05-25,-0.7818314824680299,0.6234898018587334,0.49999999999999994,-0.8660254037844387,0.6016240632249226,-0.7987793728863649,5425.0,2161.0,2750.0,3484.5714285714284,4832.0,2607.1668439862015,4602.866666666667,5477.5,3282.876196194462,50.0,0,1,1,0,0,0,1,0,0,2693
17,0,2013-05-26,-2.4492935982947064e-16,1.0,0.49999999999999994,-0.8660254037844387,0.5877852522924732,-0.8090169943749473,2693.0,0.0,0.0,3484.5714285714284,4832.0,2607.1668439862015,4399.833333333333,5383.0,3374.7345855620256,50.0,0,1,1,0,0,0,1,0,0,0
17,0,2013-05-27,0.7818314824680298,0.6234898018587336,0.49999999999999994,-0.8660254037844387,0.5737722679043246,-0.8190148866680801,0.0,0.0,9247.0,4735.571428571428,5341.0,2753.3365127388556,4605.466666666666,5477.5,3447.6867880516265,50.0,1,1,1,0,0,0,1,0,0,8757
17,0,2013-05-28,0.9749279121818236,-0.22252093395631434,0.49999999999999994,-0.8660254037844387,0.5595892624101765,-0.8287700871745037,8757.0,6101.0,8370.0,5114.714285714285,5341.0,3129.705455485427,4897.3,5531.5,3414.790771093424,50.0,1,1,1,0,0,0,1,0,0,8755
17,0,2013-05-29,0.43388373911755823,-0.900968867902419,0.49999999999999994,-0.8660254037844387,0.545240438540651,-0.8382797052177743,8755.0,4832.0,7583.0,5446.428571428572,5425.0,3216.593843241785,4821.133333333333,5531.5,3334.535585027709,50.0,1,1,1,0,0,0,1,0,0,7154
17,0,2013-05-30,-0.433883739117558,-0.9009688679024191,0.49999999999999994,-0.8660254037844387,0.5307300481619334,-0.8475409228928311,7154.0,5341.0,6930.0,5822.857142857143,7154.0,3353.4704127998225,4747.7,5531.5,3235.2550094022054,50.0,1,1,1,0,0,0,1,0,0,7976
17,0,2013-05-31,-0.9749279121818236,-0.2225209339563146,0.49999999999999994,-0.8660254037844387,0.5160623910158528,-0.8565509959010036,7976.0,5425.0,6353.0,6317.285714285715,7976.0,3535.24915266641,5043.9,5717.0,3192.081866874279,50.0,1,1,1,0,0,0,1,0,0,8886
17,0,2013-06-01,-0.7818314824680299,0.6234898018587334,1.2246467991473532e-16,-1.0,0.5012418134457758,-0.865307254363206,8886.0,2693.0,2161.0,6319.0,7976.0,3533.2010981544763,4853.466666666666,5531.5,3154.0350153669688,50.0,0,1,1,0,0,0,1,0,0,2705
17,0,2013-06-02,-2.4492935982947064e-16,1.0,1.2246467991473532e-16,-1.0,0.48627270710869,-0.8738071036110808,2705.0,0.0,0.0,6319.0,7976.0,3533.2010981544763,4618.966666666666,5477.5,3246.4171920838317,50.0,0,1,1,0,0,0,1,0,0,0
17,0,2013-06-03,0.7818314824680298,0.6234898018587336,1.2246467991473532e-16,-1.0,0.4711595076738638,-0.8820480249558537,0.0,8757.0,0.0,6486.285714285715,7976.0,3692.0230549246626,4864.1,5531.5,3362.2588297052675,50.0,1,1,1,0,0,0,1,0,0,9928
17,0,2013-06-04,0.9749279121818236,-0.22252093395631434,1.2246467991473532e-16,-1.0,0.4559066935084588,-0.8900275764346767,9928.0,8755.0,6101.0,6377.857142857143,7976.0,3624.823693577911,5130.633333333333,5717.0,3279.281234149288,50.0,1,1,1,0,0,0,1,0,0,7996
17,0,2013-06-05,0.43388373911755823,-0.900968867902419,1.2246467991473532e-16,-1.0,0.440518784350495,-0.8977433935342337,7996.0,7154.0,4832.0,6392.571428571428,7976.0,3628.706374506065,5188.2,6001.0,3301.616118373462,50.0,1,1,1,0,0,0,1,0,0,7257
17,0,2013-06-06,-0.433883739117558,-0.9009688679024191,1.2246467991473532e-16,-1.0,0.42500033996955416,-0.9051931898913974,7257.0,7976.0,5341.0,6216.0,7257.0,3568.3861431558475,5228.433333333333,6227.0,3313.296282257744,50.0,1,1,1,0,0,0,1,0,0,6740
17,0,2013-06-07,-0.9749279121818236,-0.2225209339563146,1.2246467991473532e-16,-1.0,0.4093559588156213,-0.9123747579707273,6740.0,8886.0,5425.0,5915.571428571428,6783.0,3390.2080986837595,5257.833333333333,6546.5,3323.367819083458,50.0,1,1,1,0,0,0,1,0,0,6783
17,0,2013-06-08,-0.7818314824680299,0.6234898018587334,1.2246467991473532e-16,-1.0,0.39359027665646673,-0.9192859697186104,6783.0,2705.0,2693.0,5924.571428571428,6783.0,3380.333704293254,5350.1,6546.5,3208.8106116409103,50.0,0,1,1,0,0,0,1,0,0,2768
17,0,2013-06-09,-2.4492935982947064e-16,1.0,1.2246467991473532e-16,-1.0,0.3777079652039649,-0.9259247771938498,2768.0,0.0,0.0,5924.571428571428,6783.0,3380.333704293254,5116.366666666667,6227.0,3336.424996530158,50.0,0,1,1,0,0,0,1,0,0,0
17,0,2013-06-10,0.7818314824680298,0.6234898018587336,1.2246467991473532e-16,-1.0,0.36171373072976765,-0.9322892131745133,0.0,9928.0,8757.0,5210.0,6740.0,2885.4622391106313,5188.9,6227.0,3306.7273992731016,50.0,0,1,1,0,0,0,1,0,0,4926
17,0,2013-06-11,0.9749279121818236,-0.22252093395631434,1.2246467991473532e-16,-1.0,0.3456123126707335,-0.9383773917408641,4926.0,7996.0,8755.0,4806.285714285715,5170.0,2615.7937427790275,5361.233333333334,6227.0,3158.3695453599908,50.0,0,1,1,0,0,0,1,0,0,5170
17,0,2013-06-12,0.43388373911755823,-0.900968867902419,1.2246467991473532e-16,-1.0,0.3294084822245304,-0.9441875088341993,5170.0,7257.0,7154.0,4527.857142857143,5170.0,2406.8416668995533,5229.933333333333,5763.0,3071.953819845665,50.0,0,1,1,0,0,0,1,0,0,5308
17,0,2013-06-13,-0.433883739117558,-0.9009688679024191,1.2246467991473532e-16,-1.0,0.3131070409358269,-0.9497178427914316,5308.0,6740.0,7976.0,4316.571428571428,5170.0,2239.3731159369054,5126.3,5383.0,3014.2698452527443,50.0,0,1,1,0,0,0,1,0,0,5261
17,0,2013-06-14,-0.9749279121818236,-0.2225209339563146,1.2246467991473532e-16,-1.0,0.29671281927349075,-0.9549667548552551,5261.0,6783.0,8886.0,4118.0,5170.0,2036.6707310379556,5053.3,5367.0,2979.0344553574564,50.0,0,1,1,0,0,0,1,0,0,5393
17,0,2013-06-15,-0.7818314824680299,0.6234898018587334,1.2246467991473532e-16,-1.0,0.28023067519921585,-0.9599326896597447,5393.0,2768.0,2705.0,4057.8571428571427,5170.0,2088.7311482150653,4900.533333333334,5324.5,2996.933314565745,50.0,0,1,1,0,0,0,1,0,0,2347
17,0,2013-06-16,-2.4492935982947064e-16,1.0,1.2246467991473532e-16,-1.0,0.26366549272800704,-0.9646141756912435,2347.0,0.0,0.0,4057.8571428571427,5170.0,2088.731148215065,4688.766666666666,5284.5,3112.9699942430334,50.0,0,1,1,0,0,0,1,0,0,0
17,0,2013-06-17,0.7818314824680298,0.6234898018587336,1.2246467991473532e-16,-1.0,0.24702218048093552,-0.9690098257244062,0.0,4926.0,9928.0,4749.142857142857,5261.0,3017.986714603598,4942.233333333334,5324.5,3208.1687942880562,50.0,1,1,1,0,0,0,1,0,0,9765
17,0,2013-06-18,0.9749279121818236,-0.22252093395631434,1.2246467991473532e-16,-1.0,0.23030567023061221,-0.9731183372332619,9765.0,5170.0,7996.0,5060.571428571428,5308.0,3176.9452233837715,5187.233333333334,5367.0,3096.4327827616285,50.0,1,1,1,0,0,0,1,0,0,7350
17,0,2013-06-19,0.43388373911755823,-0.900968867902419,1.2246467991473532e-16,-1.0,0.21352091543979612,-0.9769384927771817,7350.0,5308.0,7257.0,5150.857142857143,5393.0,3194.0830415301484,5385.233333333334,5409.0,2939.2242195252275,50.0,1,1,1,0,0,0,1,0,0,5940
17,0,2013-06-20,-0.433883739117558,-0.9009688679024191,1.2246467991473532e-16,-1.0,0.19667288979357647,-0.980469160361632,5940.0,5261.0,6740.0,5224.714285714285,5778.0,3203.0191858248227,5374.466666666666,5409.0,2937.1027095484396,50.0,1,1,1,0,0,0,1,0,0,5778
17,0,2013-06-21,-0.9749279121818236,-0.2225209339563146,1.2246467991473532e-16,-1.0,0.1797665857255624,-0.9837092937736097,5778.0,5393.0,6783.0,5538.571428571428,5940.0,3327.479118749551,5466.4,5601.5,2962.590683611338,50.0,1,1,1,0,0,0,1,0,0,7590
17,0,2013-06-22,-0.7818314824680299,0.6234898018587334,1.2246467991473532e-16,-1.0,0.16280701293851715,-0.986657932891657,7590.0,2347.0,2768.0,5536.428571428572,5940.0,3329.8809717036866,5366.1,5601.5,3017.410963175162,50.0,0,1,1,0,0,0,1,0,0,2332
17,0,2013-06-23,-2.4492935982947064e-16,1.0,1.2246467991473532e-16,-1.0,0.1457991969198751,-0.9893142039703663,2332.0,0.0,0.0,5536.428571428572,5940.0,3329.8809717036866,5185.266666666666,5585.5,3172.341884142543,50.0,0,1,1,0,0,0,1,0,0,0
17,0,2013-06-24,0.7818314824680298,0.6234898018587336,1.2246467991473532e-16,-1.0,0.12874817745258132,-0.99167731989929,0.0,9765.0,4926.0,4929.714285714285,5778.0,2771.0242218528597,5279.433333333333,5648.0,3137.5486552988814,50.0,0,1,1,0,0,0,1,0,0,5518
17,0,2013-06-25,0.9749279121818236,-0.22252093395631434,1.2246467991473532e-16,-1.0,0.11165900712169512,-0.993746580436178,5518.0,7350.0,5170.0,4625.142857142857,5518.0,2570.584591655593,5453.366666666667,5648.0,2975.218965959027,50.0,0,1,1,0,0,0,1,0,0,5218
17,0,2013-06-26,0.43388373911755823,-0.900968867902419,1.2246467991473532e-16,-1.0,0.09453674981719912,-0.9955213724144752,5218.0,5940.0,5308.0,4481.714285714285,5218.0,2512.3432431553974,5326.0,5455.5,2909.9882450289897,50.0,0,1,1,0,0,0,1,0,0,4936
17,0,2013-06-27,-0.433883739117558,-0.9009688679024191,1.2246467991473532e-16,-1.0,0.07738647923346301,-0.9970011699250151,4936.0,5778.0,5261.0,4466.857142857143,5218.0,2503.6924350893855,5223.3,5455.5,2838.2823867431784,50.0,0,1,1,0,0,0,1,0,0,5674
17,0,2013-06-28,-0.9749279121818236,-0.2225209339563146,1.2246467991473532e-16,-1.0,0.06021327736579302,-0.9981855344718586,5674.0,7590.0,5393.0,4334.714285714285,5218.0,2329.7508246080556,5207.0,5455.5,2828.1984396065823,50.0,0,1,1,0,0,0,1,0,0,6665
17,0,2013-06-29,-0.7818314824680299,0.6234898018587334,1.2246467991473532e-16,-1.0,0.04302223300453059,-0.99907411510223,6665.0,2332.0,2347.0,4430.0,5218.0,2246.335757034852,5041.1,5350.5,2806.0569015048077,50.0,0,1,1,0,0,0,1,0,0,2999
17,0,2013-06-30,-2.4492935982947064e-16,1.0,1.2246467991473532e-16,-1.0,0.02581844022713308,-0.9996666485105112,2999.0,0.0,0.0,4430.0,5218.0,2246.335757034852,4744.9,5284.5,2854.772801516062,50.0,0,1,1,0,0,0,1,0,0,0
17,0,2013-07-01,0.7818314824680298,0.6234898018587336,-0.4999999999999998,-0.8660254037844388,0.008606996888688698,-0.9999629591162655,0.0,5518.0,9765.0,5034.714285714285,5218.0,3023.4000570155963,4979.766666666666,5350.5,2968.728273919292,50.0,1,1,1,0,0,0,1,0,0,9751
17,0,2013-07-02,0.9749279121818236,-0.22252093395631434,-0.4999999999999998,-0.8660254037844388,-0.008606996888688009,-0.9999629591162655,9751.0,5218.0,7350.0,5515.0,5674.0,3310.7507708474027,5265.766666666666,5455.5,2884.541458609459,50.0,1,1,1,0,0,0,1,0,0,8580
17,0,2013-07-03,0.43388373911755823,-0.900968867902419,-0.4999999999999998,-0.8660254037844388,-0.02581844022713239,-0.9996666485105112,8580.0,4936.0,5940.0,5974.0,6665.0,3437.401441011315,5206.466666666666,5455.5,2802.510718344675,50.0,1,1,1,0,0,0,1,0,0,8149
17,0,2013-07-04,-0.433883739117558,-0.9009688679024191,-0.4999999999999998,-0.8660254037844388,-0.04302223300453034,-0.99907411510223,8149.0,5674.0,5778.0,6420.142857142857,8149.0,3591.202139886281,5233.166666666667,5455.5,2833.6461838772857,50.0,1,1,1,0,0,0,1,0,0,8797
17,0,2013-07-05,-0.9749279121818236,-0.2225209339563146,-0.4999999999999998,-0.8660254037844388,-0.060213277365792774,-0.9981855344718586,8797.0,6665.0,7590.0,6545.142857142857,8149.0,3616.286005861604,5242.6,5455.5,2841.0772556222046,50.0,1,1,1,0,0,0,1,0,0,7540
17,0,2013-07-06,-0.7818314824680299,0.6234898018587334,-0.4999999999999998,-0.8660254037844388,-0.07738647923346322,-0.9970011699250151,7540.0,2999.0,2332.0,6484.142857142857,8149.0,3688.943725448222,5103.666666666667,5350.5,2867.1185984314056,50.0,0,1,1,0,0,0,1,0,0,2572
17,0,2013-07-07,-2.4492935982947064e-16,1.0,-0.4999999999999998,-0.8660254037844388,-0.09453674981719933,-0.9955213724144752,2572.0,0.0,0.0,6484.142857142857,8149.0,3688.943725448222,4877.566666666667,5284.5,2994.7328438021195,50.0,0,1,1,0,0,0,1,0,0,0
17,0,2013-07-08,0.7818314824680298,0.6234898018587336,-0.4999999999999998,-0.8660254037844388,-0.11165900712169444,-0.9937465804361781,0.0,9751.0,5518.0,5909.285714285715,7540.0,3396.9966987662165,4976.2,5350.5,2971.4952047284446,50.0,0,1,1,0,0,0,1,0,0,5727
17,0,2013-07-09,0.9749279121818236,-0.22252093395631434,-0.4999999999999998,-0.8660254037844388,-0.12874817745258066,-0.99167731989929,5727.0,8580.0,5218.0,5459.857142857143,5727.0,3186.345839598052,5157.333333333333,5413.5,2819.430516395397,50.0,0,1,1,0,0,0,1,0,0,5434
17,0,2013-07-10,0.43388373911755823,-0.900968867902419,-0.4999999999999998,-0.8660254037844388,-0.14579919691987442,-0.9893142039703664,5434.0,8149.0,4936.0,5171.714285714285,5727.0,2987.638460628825,5197.533333333334,5476.0,2824.6113157490317,50.0,0,1,1,0,0,0,1,0,0,6132
17,0,2013-07-11,-0.433883739117558,-0.9009688679024191,-0.4999999999999998,-0.8660254037844388,-0.16280701293851646,-0.9866579328916572,6132.0,8797.0,5674.0,4776.142857142857,5727.0,2583.637386100679,5226.133333333333,5596.0,2828.6637607295024,50.0,0,1,1,0,0,0,1,0,0,6028
17,0,2013-07-12,-0.9749279121818236,-0.2225209339563146,-0.4999999999999998,-0.8660254037844388,-0.17976658572556214,-0.9837092937736098,6028.0,7540.0,6665.0,4532.857142857143,5727.0,2349.584674545089,5243.766666666666,5700.5,2830.8397034160703,50.0,0,1,1,0,0,0,1,0,0,5837
17,0,2013-07-13,-0.7818314824680299,0.6234898018587334,-0.4999999999999998,-0.8660254037844388,-0.19667288979357622,-0.9804691603616321,5837.0,2572.0,2999.0,4619.857142857143,5727.0,2274.9675036925587,5174.433333333333,5700.5,2855.76516328218,50.0,0,1,1,0,0,0,1,0,0,3181
17,0,2013-07-14,-2.4492935982947064e-16,1.0,-0.4999999999999998,-0.8660254037844388,-0.2135209154397959,-0.9769384927771817,3181.0,0.0,0.0,4619.857142857143,5727.0,2274.9675036925587,4994.666666666667,5700.5,3007.2553225013417,50.0,0,1,1,0,0,0,1,0,0,0
17,0,2013-07-15,0.7818314824680298,0.6234898018587336,-0.4999999999999998,-0.8660254037844388,-0.23030567023061196,-0.973118337233262,0.0,5727.0,9751.0,5487.857142857143,5837.0,3562.5522418893,5309.866666666667,5752.5,3208.967421561597,50.0,1,1,1,0,0,0,1,0,0,11803
17,0,2013-07-16,0.9749279121818236,-0.22252093395631434,-0.4999999999999998,-0.8660254037844388,-0.24702218048093527,-0.9690098257244063,11803.0,5434.0,8580.0,6029.142857142857,6028.0,3830.755601208524,5617.3,5807.5,3123.3776826179487,50.0,1,1,1,0,0,0,1,0,0,9223
17,0,2013-07-17,0.43388373911755823,-0.900968867902419,-0.4999999999999998,-0.8660254037844388,-0.2636654927280072,-0.9646141756912435,9223.0,6132.0,8149.0,6245.142857142857,6028.0,3879.8351094074187,5546.6,5807.5,3049.382635087374,50.0,1,1,1,0,0,0,1,0,0,7644
17,0,2013-07-18,-0.433883739117558,-0.9009688679024191,-0.4999999999999998,-0.8660254037844388,-0.2802306751992161,-0.9599326896597445,7644.0,6028.0,8797.0,6362.857142857143,6852.0,3884.6460769106293,5530.0,5807.5,3040.5696494412773,50.0,1,1,1,0,0,0,1,0,0,6852
17,0,2013-07-19,-0.9749279121818236,-0.2225209339563146,-0.4999999999999998,-0.8660254037844388,-0.2967128192734901,-0.9549667548552553,6852.0,5837.0,7540.0,6457.142857142857,6852.0,3877.7590362034025,5548.566666666667,5807.5,3044.857152907046,50.0,1,1,1,0,0,0,1,0,0,6497
17,0,2013-07-20,-0.7818314824680299,0.6234898018587334,-0.4999999999999998,-0.8660254037844388,-0.3131070409358267,-0.9497178427914317,6497.0,3181.0,2572.0,6391.428571428572,6852.0,3945.8314230397145,5446.666666666667,5782.0,3087.764969317958,50.0,0,1,1,0,0,0,1,0,0,2721
17,0,2013-07-21,-2.4492935982947064e-16,1.0,-0.4999999999999998,-0.8660254037844388,-0.3294084822245302,-0.9441875088341994,2721.0,0.0,0.0,6391.428571428572,6852.0,3945.8314230397145,5193.666666666667,5700.5,3214.442154996119,50.0,0,1,1,0,0,0,1,0,0,0
17,0,2013-07-22,0.7818314824680298,0.6234898018587336,-0.4999999999999998,-0.8660254037844388,-0.3456123126707333,-0.9383773917408642,0.0,11803.0,5727.0,5460.857142857143,6497.0,3143.406190136821,5292.233333333334,5700.5,3168.6775407843675,50.0,0,1,1,0,0,0,1,0,0,5289
17,0,2013-07-23,0.9749279121818236,-0.22252093395631434,-0.4999999999999998,-0.8660254037844388,-0.3617137307297674,-0.9322892131745134,5289.0,9223.0,5434.0,4881.857142857143,5289.0,2673.0197298543244,5464.566666666667,5700.5,3007.411806065869,50.0,0,1,1,0,0,0,1,0,0,5170
17,0,2013-07-24,0.43388373911755823,-0.900968867902419,-0.4999999999999998,-0.8660254037844388,-0.37770796520396466,-0.9259247771938499,5170.0,7644.0,6132.0,4477.857142857143,5170.0,2384.065115761415,5441.166666666667,5700.5,3009.7118900186347,50.0,0,1,1,0,0,0,1,0,0,4816
17,0,2013-07-25,-0.433883739117558,-0.9009688679024191,-0.4999999999999998,-0.8660254037844388,-0.39359027665646645,-0.9192859697186105,4816.0,6852.0,6028.0,4169.714285714285,4816.0,2154.395948929054,5423.733333333334,5700.5,3012.562478199826,50.0,0,1,1,0,0,0,1,0,0,4695
17,0,2013-07-26,-0.9749279121818236,-0.2225209339563146,-0.4999999999999998,-0.8660254037844388,-0.4093559588156211,-0.9123747579707274,4695.0,6497.0,5837.0,3930.8571428571427,4816.0,1934.8687663139226,5420.033333333334,5700.5,3013.250249782798,50.0,0,1,1,0,0,0,1,0,0,4825
17,0,2013-07-27,-0.7818314824680299,0.6234898018587334,-0.4999999999999998,-0.8660254037844388,-0.42500033996955394,-0.9051931898913975,4825.0,2721.0,3181.0,3908.8571428571427,4816.0,1951.720047255026,5316.466666666666,5580.5,3057.2928833712754,50.0,0,1,1,0,0,0,1,0,0,2567
17,0,2013-07-28,-2.4492935982947064e-16,1.0,-0.4999999999999998,-0.8660254037844388,-0.4405187843504952,-0.8977433935342336,2567.0,0.0,0.0,3908.8571428571427,4816.0,1951.720047255026,5094.3,5361.5,3194.9836128229044,50.0,0,1,1,0,0,0,1,0,0,0
17,0,2013-07-29,0.7818314824680298,0.6234898018587336,-0.4999999999999998,-0.8660254037844388,-0.455906693508459,-0.8900275764346766,0.0,5289.0,11803.0,4692.142857142857,4816.0,3259.8171435716795,5353.4,5580.5,3331.468037181,50.0,1,1,1,0,0,0,1,0,0,10772
17,0,2013-07-30,0.9749279121818236,-0.22252093395631434,-0.4999999999999998,-0.8660254037844388,-0.47115950767386394,-0.8820480249558535,10772.0,5170.0,9223.0,5293.428571428572,4816.0,3718.5552237906813,5666.033333333334,5782.0,3250.867655886957,50.0,1,1,1,0,0,0,1,0,0,9379
17,0,2013-07-31,0.43388373911755823,-0.900968867902419,-0.4999999999999998,-0.8660254037844388,-0.4862727071086902,-0.8738071036110807,9379.0,4816.0,7644.0,6014.714285714285,4825.0,4082.3905053406206,5669.833333333333,5782.0,3255.870084285786,50.0,1,1,1,0,0,0,1,0,0,9865
17,0,2013-08-01,-0.433883739117558,-0.9009688679024191,-0.8660254037844384,-0.5000000000000004,-0.5012418134457756,-0.8653072543632061,9865.0,4695.0,6852.0,6430.142857142857,7603.0,4073.663642986554,5637.266666666666,5782.0,3230.5452505872686,50.0,1,1,1,0,0,0,1,0,0,7603
17,0,2013-08-02,-0.9749279121818236,-0.2225209339563146,-0.8660254037844384,-0.5000000000000004,-0.5160623910158526,-0.8565509959010037,7603.0,4825.0,6497.0,6684.857142857143,7603.0,4011.845104544435,5585.9,5782.0,3201.3500314926414,50.0,1,1,1,0,0,0,1,0,0,6608
17,0,2013-08-03,-0.7818314824680299,0.6234898018587334,-0.8660254037844384,-0.5000000000000004,-0.5307300481619331,-0.8475409228928312,6608.0,2567.0,2721.0,6688.857142857143,7603.0,4007.0662347313173,5379.166666666667,5580.5,3187.057761974346,50.0,0,1,1,0,0,0,1,0,0,2595
17,0,2013-08-04,-2.4492935982947064e-16,1.0,-0.8660254037844384,-0.5000000000000004,-0.5452404385406507,-0.8382797052177745,2595.0,0.0,0.0,6688.857142857143,7603.0,4007.0662347313173,5127.833333333333,5361.5,3305.867084164293,50.0,0,1,1,0,0,0,1,0,0,0
17,0,2013-08-05,0.7818314824680298,0.6234898018587336,-0.8660254037844384,-0.5000000000000004,-0.5595892624101763,-0.828770087174504,0.0,10772.0,5289.0,5973.142857142857,6608.0,3580.98587117065,5234.166666666667,5580.5,3271.953113686216,50.0,0,1,1,0,0,0,1,0,0,5762
17,0,2013-08-06,0.9749279121818236,-0.22252093395631434,-0.8660254037844384,-0.5000000000000004,-0.5737722679043243,-0.8190148866680802,5762.0,9379.0,5170.0,5347.714285714285,5762.0,3254.428557841645,5400.866666666667,5580.5,3119.951577136761,50.0,0,1,1,0,0,0,1,0,0,5001
17,0,2013-08-07,0.43388373911755823,-0.900968867902419,-0.8660254037844384,-0.5000000000000004,-0.5877852522924734,-0.8090169943749472,5001.0,9865.0,4816.0,4559.142857142857,5001.0,2575.3473182318194,5354.8,5361.5,3125.168490906007,50.0,0,1,1,0,0,0,1,0,0,4345
17,0,2013-08-08,-0.433883739117558,-0.9009688679024191,-0.8660254037844384,-0.5000000000000004,-0.6016240632249227,-0.7987793728863648,4345.0,7603.0,4695.0,4266.857142857143,5001.0,2270.356758204275,5358.9,5423.0,3125.356656612887,50.0,0,1,1,0,0,0,1,0,0,5557
17,0,2013-08-09,-0.9749279121818236,-0.2225209339563146,-0.8660254037844384,-0.5000000000000004,-0.6152845999633277,-0.7883050558305253,5557.0,6608.0,4825.0,4087.1428571428573,5001.0,2097.3509822767287,5332.833333333333,5319.5,3121.9455923524993,50.0,0,1,1,0,0,0,1,0,0,5350
17,0,2013-08-10,-0.7818314824680299,0.6234898018587334,-0.8660254037844384,-0.5000000000000004,-0.6287628145958345,-0.7775971469736268,5350.0,2595.0,2567.0,4044.4285714285716,5001.0,2135.5021936414946,5208.433333333333,5229.5,3167.3148824150426,50.0,0,1,1,0,0,0,1,0,0,2296
17,0,2013-08-11,-2.4492935982947064e-16,1.0,-0.8660254037844384,-0.5000000000000004,-0.6420547132365636,-0.7666588193001592,2296.0,0.0,0.0,4044.4285714285716,5001.0,2135.5021936414946,5013.866666666667,5085.5,3303.715877962094,50.0,0,1,1,0,0,0,1,0,0,0
17,0,2013-08-12,0.7818314824680298,0.6234898018587336,-0.8660254037844384,-0.5000000000000004,-0.655156357209085,-0.7554933140726804,0.0,5762.0,10772.0,4758.857142857143,5001.0,3316.0848113687457,5266.6,5229.5,3445.629561613098,50.0,1,1,1,0,0,0,1,0,0,10763
17,0,2013-08-13,0.9749279121818236,-0.22252093395631434,-0.8660254037844384,-0.5000000000000004,-0.6680638642135333,-0.7441039398713608,10763.0,5001.0,9379.0,5263.285714285715,5350.0,3614.2160844036316,5551.0,5319.5,3346.6287205340614,50.0,1,1,1,0,0,0,1,0,0,8532
17,0,2013-08-14,0.43388373911755823,-0.900968867902419,-0.8660254037844384,-0.5000000000000004,-0.6807734094770159,-0.7324940716135792,8532.0,4345.0,9865.0,5779.857142857143,5557.0,3718.015574136803,5422.933333333333,5319.5,3167.868607225318,50.0,1,1,1,0,0,0,1,0,0,7961
17,0,2013-08-15,-0.433883739117558,-0.9009688679024191,-0.8660254037844384,-0.5000000000000004,-0.6932812268869771,-0.7206671495538615,7961.0,5557.0,7603.0,6003.714285714285,7124.0,3749.4023841267353,5352.966666666666,5319.5,3103.57199639087,50.0,1,1,1,0,0,0,1,0,0,7124
17,0,2013-08-16,-0.9749279121818236,-0.2225209339563146,-0.8660254037844384,-0.5000000000000004,-0.7055836101071774,-0.7086266782644601,7124.0,5350.0,6608.0,6180.857142857143,7124.0,3742.655938794065,5317.833333333333,5319.5,3082.637709353215,50.0,1,1,1,0,0,0,1,0,0,6590
17,0,2013-08-17,-0.7818314824680299,0.6234898018587334,-0.8660254037844384,-0.5000000000000004,-0.7176769136759615,-0.6963762255968726,6590.0,2296.0,2595.0,6257.142857142857,7124.0,3654.68267790659,5183.766666666666,5229.5,3101.0200400038934,50.0,0,1,1,0,0,0,1,0,0,2830
17,0,2013-08-18,-2.4492935982947064e-16,1.0,-0.8660254037844384,-0.5000000000000004,-0.7295575540864876,-0.6839194216246105,2830.0,0.0,0.0,6257.142857142857,7124.0,3654.68267790659,4967.2,5085.5,3230.3157462838917,50.0,0,1,1,0,0,0,1,0,0,0
17,0,2013-08-19,0.7818314824680298,0.6234898018587336,-0.8660254037844384,-0.5000000000000004,-0.7412220108485957,-0.6712599575675315,0.0,10763.0,5762.0,5445.857142857143,6590.0,3071.5483841526066,5045.966666666666,5127.0,3202.3448142252582,50.0,0,1,1,0,0,0,1,0,0,5084
17,0,2013-08-20,0.9749279121818236,-0.22252093395631434,-0.8660254037844384,-0.5000000000000004,-0.7526668275320083,-0.6584015846980489,5084.0,8532.0,5001.0,5001.571428571428,5422.0,2759.861702884337,5226.7,5229.5,3057.4670737223896,50.0,0,1,1,0,0,0,1,0,0,5422
17,0,2013-08-21,0.43388373911755823,-0.900968867902419,-0.8660254037844384,-0.5000000000000004,-0.7638886127905429,-0.64534811322955,5422.0,7961.0,4345.0,4582.857142857143,5084.0,2439.8209926530453,5218.066666666667,5127.0,3057.650753983086,50.0,0,1,1,0,0,0,1,0,0,5030
17,0,2013-08-22,-0.433883739117558,-0.9009688679024191,-0.8660254037844384,-0.5000000000000004,-0.7748840413670406,-0.6321034111873488,5030.0,7124.0,5557.0,4314.285714285715,5084.0,2205.717850971709,5220.533333333334,5164.0,3057.6404891549205,50.0,0,1,1,0,0,0,1,0,0,5244
17,0,2013-08-23,-0.9749279121818236,-0.2225209339563146,-0.8660254037844384,-0.5000000000000004,-0.7856498550787144,-0.6186714032625032,5244.0,6590.0,5350.0,4130.142857142857,5084.0,2030.948746158757,5236.7,5272.5,3056.709873658954,50.0,0,1,1,0,0,0,1,0,0,5301
17,0,2013-08-24,-0.7818314824680299,0.6234898018587334,-0.8660254037844384,-0.5000000000000004,-0.7961828637826154,-0.6050560696488494,5301.0,2830.0,2296.0,4027.285714285714,5084.0,2123.8748169549112,5150.533333333334,5272.5,3108.502552603139,50.0,0,1,1,0,0,0,1,0,0,2110
17,0,2013-08-25,-2.4492935982947064e-16,1.0,-0.8660254037844384,-0.5000000000000004,-0.8064799463209447,-0.5912614448635782,2110.0,0.0,0.0,4027.285714285714,5084.0,2123.8748169549112,4989.7,5272.5,3247.6349819310162,50.0,0,1,1,0,0,0,1,0,0,0
17,0,2013-08-26,0.7818314824680298,0.6234898018587336,-0.8660254037844384,-0.5000000000000004,-0.8165380514459157,-0.5772916165517278,0.0,5084.0,10763.0,4396.571428571428,5244.0,2525.07094666948,5159.766666666666,5325.5,3249.97798065043,50.0,1,1,1,0,0,0,1,0,0,7669
17,0,2013-08-27,0.9749279121818236,-0.22252093395631434,-0.8660254037844384,-0.5000000000000004,-0.8263541987239095,-0.5631507242749187,7669.0,5422.0,8532.0,4905.857142857143,5244.0,3067.594792263773,5459.333333333333,5386.0,3171.21029145714,50.0,1,1,1,0,0,0,1,0,0,8987
17,0,2013-08-28,0.43388373911755823,-0.900968867902419,-0.8660254037844384,-0.5000000000000004,-0.8359254794186365,-0.5488429582847199,8987.0,5030.0,7961.0,5267.714285714285,5301.0,3229.7894520791774,5352.366666666667,5386.0,3037.117490981044,50.0,1,1,1,0,0,0,1,0,0,7563
17,0,2013-08-29,-0.433883739117558,-0.9009688679024191,-0.8660254037844384,-0.5000000000000004,-0.8452490573530634,-0.5343725582809785,7563.0,5244.0,7124.0,5559.0,7283.0,3318.0346090218336,5282.5,5386.0,2964.534768990191,50.0,1,1,1,0,0,0,1,0,0,7283
17,0,2013-08-30,-0.9749279121818236,-0.2225209339563146,-0.8660254037844384,-0.5000000000000004,-0.8543221697498269,-0.5197438121555157,7283.0,5301.0,6590.0,6024.285714285715,7563.0,3499.240951705847,5238.933333333333,5386.0,2903.851056944819,50.0,1,1,1,0,0,0,1,0,0,8558
17,0,2013-08-31,-0.7818314824680299,0.6234898018587334,-0.8660254037844384,-0.5000000000000004,-0.8631421280499115,-0.5049610547215202,8558.0,2110.0,2830.0,6157.142857142857,7563.0,3339.8826041529974,5086.833333333333,5325.5,2895.2436748539167,50.0,0,1,1,0,0,0,1,0,0,3040
17,0,2013-09-01,-2.4492935982947064e-16,1.0,-1.0,-1.8369701987210297e-16,-0.8717063187093218,-0.4900286664290594,3040.0,0.0,0.0,6157.142857142857,7563.0,3339.8826041529974,4866.566666666667,5272.5,3024.0247522629265,50.0,0,1,1,0,0,0,1,0,0,0
17,0,2013-09-02,0.7818314824680298,0.6234898018587336,-1.0,-1.8369701987210297e-16,-0.8800122039735356,-0.4749510720670502,0.0,7669.0,5084.0,5893.571428571428,7283.0,3272.8142251556155,4974.2,5325.5,2997.735701814127,50.0,0,1,1,0,0,0,1,0,0,5824
17,0,2013-09-03,0.9749279121818236,-0.22252093395631434,-1.0,-1.8369701987210297e-16,-0.888057322629493,-0.4597327394521046,5824.0,8987.0,5422.0,5368.285714285715,5824.0,2975.1094497673944,5151.2,5330.0,2846.8760059235897,50.0,0,1,1,0,0,0,1,0,0,5310
17,0,2013-09-04,0.43388373911755823,-0.900968867902419,-1.0,-1.8369701987210297e-16,-0.8958392907349089,-0.44437817810461344,5310.0,7563.0,5030.0,5047.142857142857,5315.0,2815.7828058150762,5136.3,5312.5,2844.7379147204892,50.0,0,1,1,0,0,0,1,0,0,5315
17,0,2013-09-05,-0.433883739117558,-0.9009688679024191,-1.0,-1.8369701987210297e-16,-0.9033558023246842,-0.4288919379124841,5315.0,7283.0,5244.0,4748.571428571428,5310.0,2644.806222085272,5142.7,5312.5,2844.6390007921195,50.0,0,1,1,0,0,0,1,0,0,5193
17,0,2013-09-06,-0.9749279121818236,-0.2225209339563146,-1.0,-1.8369701987210297e-16,-0.9106046300942162,-0.41327860778290443,5193.0,8558.0,5301.0,4266.857142857143,5193.0,2082.676837515565,5170.733333333334,5312.5,2840.6478976038056,50.0,0,1,1,0,0,0,1,0,0,5186
17,0,2013-09-07,-0.7818314824680299,0.6234898018587334,-1.0,-1.8369701987210297e-16,-0.9175836260593934,-0.3975428142825566,5186.0,3040.0,2110.0,4182.857142857143,5193.0,2151.1389563493653,5067.233333333334,5305.5,2882.3486314693673,50.0,0,1,1,0,0,0,1,0,0,2452
17,0,2013-09-08,-2.4492935982947064e-16,1.0,-1.0,-1.8369701987210297e-16,-0.9242907221930934,-0.3816892202666586,2452.0,0.0,0.0,4182.857142857143,5193.0,2151.1389563493653,4888.9,5272.5,3026.166852181383,50.0,0,1,1,0,0,0,1,0,0,0
17,0,2013-09-09,0.7818314824680298,0.6234898018587336,-1.0,-1.8369701987210297e-16,-0.9307239310379793,-0.3657225234972692,0.0,5824.0,7669.0,4747.571428571428,5193.0,3003.6966589600283,5138.266666666666,5305.5,3112.1439991209227,50.0,1,1,1,0,0,0,1,0,0,9777
17,0,2013-09-10,0.9749279121818236,-0.22252093395631434,-1.0,-1.8369701987210297e-16,-0.9368813462954315,-0.34964745525122826,9777.0,5310.0,8987.0,5201.0,5193.0,3325.120348699178,5421.066666666667,5312.5,3013.021394951716,50.0,1,1,1,0,0,0,1,0,0,8484
17,0,2013-09-11,0.43388373911755823,-0.900968867902419,-1.0,-1.8369701987210297e-16,-0.9427611433904206,-0.33346877891818705,8484.0,5315.0,7563.0,5449.142857142857,5193.0,3399.0374337730505,5297.366666666667,5312.5,2858.353040178706,50.0,1,1,1,0,0,0,1,0,0,7052
17,0,2013-09-12,-0.433883739117558,-0.9009688679024191,-1.0,-1.8369701987210297e-16,-0.9483615800121716,-0.31719128858910595,7052.0,5193.0,7283.0,5831.0,7052.0,3513.6784618592146,5275.166666666667,5312.5,2834.854008079859,50.0,1,1,1,0,0,0,1,0,0,7866
17,0,2013-09-13,-0.9749279121818236,-0.2225209339563146,-1.0,-1.8369701987210297e-16,-0.9536809966304455,-0.300819807635668,7866.0,5186.0,8558.0,6078.142857142857,7052.0,3521.5825244044013,5240.333333333333,5312.5,2806.997123364168,50.0,1,1,1,0,0,0,1,0,0,6916
17,0,2013-09-14,-0.7818314824680299,0.6234898018587334,-1.0,-1.8369701987210297e-16,-0.9587178169872964,-0.2843591872810036,6916.0,2452.0,3040.0,6101.285714285715,7052.0,3494.2067633100796,5090.0,5305.5,2823.358088615705,50.0,0,1,1,0,0,0,1,0,0,2614
17,0,2013-09-15,-2.4492935982947064e-16,1.0,-1.0,-1.8369701987210297e-16,-0.9634705485641486,-0.26781430516217486,2614.0,0.0,0.0,6101.285714285715,7052.0,3494.2067633100796,4870.333333333333,5272.5,2955.8805950095525,50.0,0,1,1,0,0,0,1,0,0,0
17,0,2013-09-16,0.7818314824680298,0.6234898018587336,-1.0,-1.8369701987210297e-16,-0.9679377830240642,-0.25119006388481957,0.0,9777.0,5824.0,5371.428571428572,6916.0,3111.0415649823176,4931.6,5272.5,2931.0763187277976,50.0,0,1,1,0,0,0,1,0,0,4668
17,0,2013-09-17,0.9749279121818236,-0.22252093395631434,-1.0,-1.8369701987210297e-16,-0.9721181966290612,-0.23449138957041052,4668.0,8484.0,5310.0,4924.0,5352.0,2798.2854274239694,5110.0,5305.5,2779.520573892134,50.0,0,1,1,0,0,0,1,0,0,5352
17,0,2013-09-18,0.43388373911755823,-0.900968867902419,-1.0,-1.8369701987210297e-16,-0.9760105506323682,-0.21772323039653224,5352.0,7052.0,5315.0,4536.571428571428,4668.0,2637.6875514449466,5085.2,5305.5,2783.077413521797,50.0,0,1,1,0,0,0,1,0,0,4340
17,0,2013-09-19,-0.433883739117558,-0.9009688679024191,-1.0,-1.8369701987210297e-16,-0.9796136916454901,-0.20089055513063528,4340.0,7866.0,5193.0,4159.0,4668.0,2241.002082402726,5078.566666666667,5272.5,2782.484076025115,50.0,0,1,1,0,0,0,1,0,0,5223
17,0,2013-09-20,-0.9749279121818236,-0.2225209339563146,-1.0,-1.8369701987210297e-16,-0.9829265519799822,-0.18399835165767986,5223.0,6916.0,5186.0,3853.714285714286,4668.0,1926.287337019566,5070.2,5272.5,2783.012463575001,50.0,0,1,1,0,0,0,1,0,0,4779
17,0,2013-09-21,-0.7818314824680299,0.6234898018587334,-1.0,-1.8369701987210297e-16,-0.9859481499638303,-0.1670516255021195,4779.0,2614.0,2452.0,3875.285714285714,4668.0,1910.8744694760207,4987.566666666667,5262.0,2814.3014406510506,50.0,0,1,1,0,0,0,1,0,0,2765
17,0,2013-09-22,-2.4492935982947064e-16,1.0,-1.0,-1.8369701987210297e-16,-0.9886775902323404,-0.15005539834465262,2765.0,0.0,0.0,3875.285714285714,4668.0,1910.874469476021,4810.866666666667,5208.0,2956.753692041713,50.0,0,1,1,0,0,0,1,0,0,0
17,0,2013-09-23,0.7818314824680298,0.6234898018587336,-1.0,-1.8369701987210297e-16,-0.9911140639934546,-0.13301470653419636,0.0,4668.0,9777.0,4637.857142857143,4779.0,3022.0109986878756,5074.066666666667,5266.5,3057.7537499612854,50.0,1,1,1,0,0,0,1,0,0,10006
17,0,2013-09-24,0.9749279121818236,-0.22252093395631434,-1.0,-1.8369701987210297e-16,-0.9932568492674143,-0.11593459959550066,10006.0,5352.0,8484.0,4926.857142857143,4779.0,3193.5509718061217,5319.9,5312.5,2929.5227497630594,50.0,1,1,1,0,0,0,1,0,0,7375
17,0,2013-09-25,0.43388373911755823,-0.900968867902419,-1.0,-1.8369701987210297e-16,-0.9951053111006974,-0.09882013873287211,7375.0,4340.0,7052.0,5387.571428571428,5223.0,3324.710506552557,5316.433333333333,5312.5,2926.7072551711194,50.0,1,1,1,0,0,0,1,0,0,7565
17,0,2013-09-26,-0.433883739117558,-0.9009688679024191,-1.0,-1.8369701987210297e-16,-0.99665890175417,-0.08167639533042288,7565.0,5223.0,7866.0,5612.857142857143,6800.0,3364.8871912032673,5243.533333333334,5312.5,2858.570437670977,50.0,1,1,1,0,0,0,1,0,0,6800
17,0,2013-09-27,-0.9749279121818236,-0.2225209339563146,-1.0,-1.8369701987210297e-16,-0.9979171608653922,-0.06450844944931625,6800.0,4779.0,6916.0,5892.285714285715,6800.0,3365.3162166570974,5215.933333333333,5312.5,2839.335873456829,50.0,1,1,1,0,0,0,1,0,0,6735
17,0,2013-09-28,-0.7818314824680299,0.6234898018587334,-1.0,-1.8369701987210297e-16,-0.9988797155850335,-0.04732138832243232,6735.0,2765.0,2614.0,5866.0,6800.0,3394.4066737305757,5059.2,5266.5,2851.050422273312,50.0,0,1,1,0,0,0,1,0,0,2581
17,0,2013-09-29,-2.4492935982947064e-16,1.0,-1.0,-1.8369701987210297e-16,-0.9995462806873573,-0.03012030484690836,2581.0,0.0,0.0,5866.0,6800.0,3394.4066737305757,4773.933333333333,5208.0,2916.2964105219125,50.0,0,1,1,0,0,0,1,0,0,0
17,0,2013-09-30,0.7818314824680298,0.6234898018587336,-1.0,-1.8369701987210297e-16,-0.9999166586547379,-0.012910296075008843,0.0,10006.0,4668.0,5471.857142857143,6800.0,2966.819308539672,4914.166666666667,5266.5,2931.15447519766,50.0,0,1,1,0,0,0,1,0,0,7247
17,0,2013-10-01,0.9749279121818236,-0.22252093395631434,-0.8660254037844386,0.5000000000000001,-0.9999907397361901,0.004303538296243821,7247.0,7375.0,5352.0,5150.428571428572,6735.0,2845.6763611452666,5085.0,5266.5,2780.3387662607624,50.0,0,1,1,0,0,0,1,0,0,5125
17,0,2013-10-02,0.43388373911755823,-0.900968867902419,-0.8660254037844386,0.5000000000000001,-0.9997685019798909,0.021516097436222233,5125.0,7565.0,4340.0,4804.285714285715,5142.0,2643.1816506050536,5062.266666666666,5208.0,2776.8740169023026,50.0,0,1,1,0,0,0,1,0,0,5142
17,0,2013-10-03,-0.433883739117558,-0.9009688679024191,-0.8660254037844386,0.5000000000000001,-0.9992500112396835,0.03872228089217399,5142.0,6800.0,5223.0,3832.8571428571427,5125.0,3011.3957687740926,4885.266666666666,5189.5,2925.7781273662426,50.0,0,1,1,0,0,0,1,0,0,0
17,0,2013-10-04,-0.9749279121818236,-0.2225209339563146,-0.8660254037844386,0.5000000000000001,-0.9984354211555643,0.05591699010060302,0.0,6735.0,4779.0,3876.714285714286,5125.0,3062.5078892026713,4942.833333333333,5189.5,2951.402718326852,50.0,0,1,1,0,0,0,1,0,0,7042
17,0,2013-10-05,-0.7818314824680299,0.6234898018587334,-0.8660254037844386,0.5000000000000001,-0.9973249731081555,0.07309512989807776,7042.0,2581.0,2765.0,3865.1428571428573,5125.0,3068.3670156709045,4853.066666666667,5164.0,2984.3018698809137,50.0,0,1,1,0,0,0,1,0,0,2500
17,0,2013-10-06,-2.4492935982947064e-16,1.0,-0.8660254037844386,0.5000000000000001,-0.9959189961471792,0.0902516100310407,2500.0,0.0,0.0,3865.1428571428573,5125.0,3068.3670156709045,4680.2,5133.5,3111.8272534272237,50.0,0,1,1,0,0,0,1,0,0,0
17,0,2013-10-07,0.7818314824680298,0.6234898018587336,-0.8660254037844386,0.5000000000000001,-0.994217906893952,0.10738134666416306,0.0,7247.0,10006.0,4474.571428571428,5125.0,4101.670304365565,4982.233333333334,5182.5,3320.812911314642,50.0,1,1,1,0,0,0,1,0,0,11513
17,0,2013-10-08,0.9749279121818236,-0.22252093395631434,-0.8660254037844386,0.5000000000000001,-0.9922222094179324,0.12447926388678869,11513.0,5125.0,7375.0,5184.428571428572,5142.0,4629.071824068078,5318.7,5287.5,3309.950350184978,50.0,1,1,1,0,0,0,1,0,0,10094
17,0,2013-10-09,0.43388373911755823,-0.900968867902419,-0.8660254037844386,0.5000000000000001,-0.989932495087353,0.141540295217043,10094.0,5142.0,7565.0,5664.857142857143,7042.0,4795.458769453015,5276.3,5287.5,3258.6198913883354,50.0,1,1,1,0,0,0,1,0,0,8505
17,0,2013-10-10,-0.433883739117558,-0.9009688679024191,-0.8660254037844386,0.5000000000000001,-0.9873494423939864,0.15855938510313475,8505.0,0.0,6800.0,6731.857142857143,7469.0,4106.366010175396,5242.466666666666,5287.5,3229.304171162119,50.0,1,1,1,0,0,0,1,0,0,7469
17,0,2013-10-11,-0.9749279121818236,-0.2225209339563146,-0.8660254037844386,0.5000000000000001,-0.9844738167520923,0.17553149042142777,7469.0,7042.0,6735.0,6742.571428571428,7469.0,4107.407814227964,5244.633333333333,5287.5,3230.581675854647,50.0,1,1,1,0,0,0,1,0,0,7117
17,0,2013-10-12,-0.7818314824680299,0.6234898018587334,-0.8660254037844386,0.5000000000000001,-0.9813064702716093,0.19245158197082995,7117.0,2500.0,2581.0,6832.142857142857,7469.0,4005.029688969084,5086.666666666667,5182.5,3213.8025853296076,50.0,0,1,1,0,0,0,1,0,0,3127
17,0,2013-10-13,-2.4492935982947064e-16,1.0,-0.8660254037844386,0.5000000000000001,-0.9778483415056568,0.20931464596304888,3127.0,0.0,0.0,6832.142857142857,7469.0,4005.029688969084,4856.133333333333,5133.5,3324.2091798297492,50.0,0,1,1,0,0,0,1,0,0,0
17,0,2013-10-14,0.7818314824680298,0.6234898018587336,-0.8660254037844386,0.5000000000000001,-0.9741004551724206,0.22611568550828803,0.0,11513.0,7247.0,6023.428571428572,7117.0,3433.0186356005925,4964.066666666667,5182.5,3301.3880772762254,50.0,0,1,1,0,0,0,1,0,0,5852
17,0,2013-10-15,0.9749279121818236,-0.22252093395631434,-0.8660254037844386,0.5000000000000001,-0.970063921851507,0.2428497220959358,5852.0,10094.0,5125.0,5327.571428571428,5852.0,2926.7534833635996,5138.166666666667,5223.0,3165.500985390109,50.0,0,1,1,0,0,0,1,0,0,5223
17,0,2013-10-16,0.43388373911755823,-0.900968867902419,-0.8660254037844386,0.5000000000000001,-0.965739937654855,0.25951179706979943,5223.0,8505.0,5142.0,4835.428571428572,5223.0,2571.4919701179256,5151.233333333334,5223.0,3164.3021204043403,50.0,0,1,1,0,0,0,1,0,0,5060
17,0,2013-10-17,-0.433883739117558,-0.9009688679024191,-0.8660254037844386,0.5000000000000001,-0.9611297838723007,0.27609697309746883,5060.0,7469.0,0.0,4522.714285714285,5223.0,2318.5066827799437,5148.833333333333,5223.0,3164.1718978036856,50.0,0,1,1,0,0,0,1,0,0,5280
17,0,2013-10-18,-0.9749279121818236,-0.2225209339563146,-0.8660254037844386,0.5000000000000001,-0.9562348265919058,0.2926003356333479,5280.0,7117.0,7042.0,4284.0,5223.0,2080.7084530675343,5185.7,5251.5,3160.864418543414,50.0,0,1,1,0,0,0,1,0,0,5446
17,0,2013-10-19,-0.7818314824680299,0.6234898018587334,-0.8660254037844386,0.5000000000000001,-0.9510565162951536,0.30901699437494723,5446.0,3127.0,2500.0,4235.285714285715,5223.0,2116.0036794459024,5104.466666666666,5251.5,3191.0437999709966,50.0,0,1,1,0,0,0,1,0,0,2786
17,0,2013-10-20,-2.4492935982947064e-16,1.0,-0.8660254037844386,0.5000000000000001,-0.9455963874271428,0.3253420847119795,2786.0,0.0,0.0,4235.285714285715,5223.0,2116.0036794459024,4945.166666666667,5251.5,3324.353254013669,50.0,0,1,1,0,0,0,1,0,0,0
17,0,2013-10-21,0.7818314824680298,0.6234898018587336,-0.8660254037844386,0.5000000000000001,-0.9398560579418953,0.341570769167856,0.0,5852.0,11513.0,4793.571428571428,5223.0,2960.623574921501,5178.333333333333,5363.0,3410.364045016343,50.0,1,1,1,0,0,0,1,0,0,9760
17,0,2013-10-22,0.9749279121818236,-0.22252093395631434,-0.8660254037844386,0.5000000000000001,-0.9338372288229252,0.35769823883312546,9760.0,5223.0,10094.0,5192.714285714285,5280.0,3206.312249001218,5445.566666666667,5649.0,3303.0152753499947,50.0,1,1,1,0,0,0,1,0,0,8017
17,0,2013-10-23,0.43388373911755823,-0.900968867902419,-0.8660254037844386,0.5000000000000001,-0.9275416835791965,0.3737197147904692,8017.0,5060.0,8505.0,5483.428571428572,5446.0,3283.5982223338915,5348.533333333334,5649.0,3205.749153751992,50.0,1,1,1,0,0,0,1,0,0,7095
17,0,2013-10-24,-0.433883739117558,-0.9009688679024191,-0.8660254037844386,0.5000000000000001,-0.9209712877166346,0.38963044953078774,7095.0,5280.0,7469.0,5653.714285714285,6472.0,3302.1461059077787,5318.433333333333,5649.0,3190.2676969434588,50.0,1,1,1,0,0,0,1,0,0,6472
17,0,2013-10-25,-0.9749279121818236,-0.2225209339563146,-0.8660254037844386,0.5000000000000001,-0.9141279881853337,0.4054257283599973,6472.0,5446.0,7117.0,5773.571428571428,6472.0,3308.5704293114704,5275.766666666666,5649.0,3167.6653393783336,50.0,1,1,1,0,0,0,1,0,0,6285
17,0,2013-10-26,-0.7818314824680299,0.6234898018587334,-0.8660254037844386,0.5000000000000001,-0.9070138128026362,0.42110087079608916,6285.0,2786.0,3127.0,5657.142857142857,6472.0,3442.840563089895,5114.8,5363.0,3209.9516313898052,50.0,0,1,1,0,0,0,1,0,0,1971
17,0,2013-10-27,-2.4492935982947064e-16,1.0,-0.8660254037844386,0.5000000000000001,-0.8996308696522434,0.4366512319560638,1971.0,0.0,0.0,5657.142857142857,6472.0,3442.840563089895,4890.3,5251.5,3326.1452178678,50.0,0,1,1,0,0,0,1,0,0,0
17,0,2013-10-28,0.7818314824680298,0.6234898018587336,-0.8660254037844386,0.5000000000000001,-0.8919813464595487,0.45207220393230374,0.0,9760.0,5852.0,4961.0,6285.0,2929.3425314678857,4967.166666666667,5251.5,3297.4593572390977,50.0,0,1,1,0,0,0,1,0,0,4887
17,0,2013-10-29,0.9749279121818236,-0.22252093395631434,-0.8660254037844386,0.5000000000000001,-0.8840675099433637,0.46735921715800205,4887.0,8017.0,5223.0,4606.428571428572,5535.0,2633.014106630328,5151.666666666667,5363.0,3162.0180737703854,50.0,0,1,1,0,0,0,1,0,0,5535
17,0,2013-10-30,0.43388373911755823,-0.900968867902419,-0.8660254037844386,0.5000000000000001,-0.8758917051442433,0.48250774176121763,5535.0,7095.0,5060.0,4655.142857142857,5535.0,2689.2828925552803,5157.966666666666,5363.0,3166.521843451814,50.0,0,1,1,0,0,0,1,0,0,7436
17,0,2013-10-31,-0.433883739117558,-0.9009688679024191,-0.8660254037844386,0.5000000000000001,-0.867456354729597,0.4975132889071803,7436.0,6472.0,5280.0,3730.5714285714284,4887.0,3049.016609616012,4987.133333333333,5363.0,3303.6394218929313,50.0,0,1,1,0,0,0,1,0,0,0
17,0,2013-11-01,-0.9749279121818236,-0.2225209339563146,-0.5000000000000004,0.8660254037844384,-0.858763958275803,0.5123714121284235,0.0,6285.0,5446.0,3819.8571428571427,4887.0,3143.959044928942,5046.066666666667,5490.5,3322.214715531186,50.0,0,1,1,0,0,0,1,0,0,6910
17,0,2013-11-02,-0.7818314824680299,0.6234898018587334,-0.5000000000000004,0.8660254037844384,-0.8498170915275277,0.5270777086423724,6910.0,1971.0,2786.0,4010.714285714286,4887.0,3052.22966120866,5156.3,5490.5,3201.68721845648,50.0,0,1,1,0,0,0,1,0,0,3307
17,0,2013-11-03,-2.4492935982947064e-16,1.0,-0.5000000000000004,0.8660254037844384,-0.8406184056344783,0.5416278206559811,3307.0,0.0,0.0,4010.714285714286,4887.0,3052.22966120866,4921.566666666667,5363.0,3314.8142058854874,50.0,0,1,1,0,0,0,1,0,0,0
17,0,2013-11-04,0.7818314824680298,0.6234898018587336,-0.5000000000000004,0.8660254037844384,-0.8311706263658079,0.5560174366570446,0.0,4887.0,9760.0,4756.571428571428,5535.0,3838.652795671198,5175.166666666667,5490.5,3412.7424514940894,50.0,1,1,1,0,0,0,1,0,0,10108
17,0,2013-11-05,0.9749279121818236,-0.22252093395631434,-0.5000000000000004,0.8660254037844384,-0.8214765533024145,0.5702422926917867,10108.0,5535.0,8017.0,5279.714285714285,6910.0,4195.379153079642,5481.733333333334,5693.5,3344.2220881264216,50.0,1,1,1,0,0,0,1,0,0,9197
17,0,2013-11-06,0.43388373911755823,-0.900968867902419,-0.5000000000000004,0.8660254037844384,-0.8115390590073611,0.5842981736283683,9197.0,7436.0,7095.0,5357.857142857143,6910.0,4247.012260737794,5364.066666666667,5693.5,3182.9048425583837,50.0,1,1,1,0,0,0,1,0,0,7983
17,0,2013-11-07,-0.433883739117558,-0.9009688679024191,-0.5000000000000004,0.8660254037844384,-0.8013610881746769,0.5981809144059159,7983.0,0.0,6472.0,6442.428571428572,7592.0,3565.4212868020168,5280.666666666667,5693.5,3085.9993332885656,50.0,1,1,1,0,0,0,1,0,0,7592
17,0,2013-11-08,-0.9749279121818236,-0.2225209339563146,-0.5000000000000004,0.8660254037844384,-0.7909456567567774,0.6118864012687242,7592.0,6910.0,6285.0,6473.714285714285,7592.0,3571.164129257466,5234.8,5693.5,3046.395624906305,50.0,1,1,1,0,0,0,1,0,0,7129
17,0,2013-11-09,-0.7818314824680299,0.6234898018587334,-0.5000000000000004,0.8660254037844384,-0.780295851070776,0.6254105729852457,7129.0,3307.0,1971.0,6443.285714285715,7592.0,3603.405505642577,5088.966666666666,5490.5,3040.4662582926476,50.0,0,1,1,0,0,0,1,0,0,3094
17,0,2013-11-10,-2.4492935982947064e-16,1.0,-0.5000000000000004,0.8660254037844384,-0.7694148268839381,0.6387494220515268,3094.0,0.0,0.0,6443.285714285715,7592.0,3603.405505642577,4851.733333333334,5363.0,3152.3657775395136,50.0,0,1,1,0,0,0,1,0,0,0
17,0,2013-11-11,0.7818314824680298,0.6234898018587336,-0.5000000000000004,0.8660254037844384,-0.7583058084785625,0.6518989958787125,0.0,10108.0,4887.0,5804.0,7129.0,3221.6149159492466,4935.266666666666,5490.5,3138.257961016758,50.0,0,1,1,0,0,0,1,0,0,5633
17,0,2013-11-12,0.9749279121818236,-0.22252093395631434,-0.5000000000000004,0.8660254037844384,-0.7469720876965551,0.6648553979642867,5633.0,9197.0,5535.0,5303.142857142857,5691.0,2858.237535531961,5124.966666666666,5584.0,2998.539420121568,50.0,0,1,1,0,0,0,1,0,0,5691
17,0,2013-11-13,0.43388373911755823,-0.900968867902419,-0.5000000000000004,0.8660254037844384,-0.7354170229639858,0.6776147890466887,5691.0,7983.0,7436.0,4964.428571428572,5633.0,2618.1353961132268,5116.966666666666,5573.5,2996.852515365175,50.0,0,1,1,0,0,0,1,0,0,5612
17,0,2013-11-14,-0.433883739117558,-0.9009688679024191,-0.5000000000000004,0.8660254037844384,-0.7236440382959123,0.690173388242972,5612.0,7592.0,0.0,4649.0,5612.0,2370.0646967259527,5122.333333333333,5573.5,2997.1930815041082,50.0,0,1,1,0,0,0,1,0,0,5384
17,0,2013-11-15,-0.9749279121818236,-0.2225209339563146,-0.5000000000000004,0.8660254037844384,-0.7116566222817751,0.7025274741691566,5384.0,7129.0,6910.0,4401.571428571428,5397.0,2148.0144984879184,5133.566666666667,5573.5,2997.5829076950895,50.0,0,1,1,0,0,0,1,0,0,5397
17,0,2013-11-16,-0.7818314824680299,0.6234898018587334,-0.5000000000000004,0.8660254037844384,-0.6994583270516471,0.7146733860429608,5397.0,3094.0,3307.0,4347.0,5397.0,2191.189174854608,5047.966666666666,5573.5,3029.7508544812536,50.0,0,1,1,0,0,0,1,0,0,2712
17,0,2013-11-17,-2.4492935982947064e-16,1.0,-0.5000000000000004,0.8660254037844384,-0.6870527672236675,0.726607524768565,2712.0,0.0,0.0,4347.0,5397.0,2191.189174854608,4866.433333333333,5573.5,3165.205355688342,50.0,0,1,1,0,0,0,1,0,0,0
17,0,2013-11-18,0.7818314824680298,0.6234898018587336,-0.5000000000000004,0.8660254037844384,-0.6744436188329457,0.7383263540031063,0.0,5633.0,10108.0,5027.0,5397.0,3174.6753114820017,5120.0,5622.5,3294.8396329558364,50.0,1,1,1,0,0,0,1,0,0,10393
17,0,2013-11-19,0.9749279121818236,-0.22252093395631434,-0.5000000000000004,0.8660254037844384,-0.661634618242279,0.749826401204568,10393.0,5691.0,9197.0,5584.285714285715,5397.0,3621.5958137394687,5439.733333333334,5662.0,3245.9023497893177,50.0,1,1,1,0,0,0,1,0,0,9592
17,0,2013-11-20,0.43388373911755823,-0.900968867902419,-0.5000000000000004,0.8660254037844384,-0.6486295610349818,0.7611042586607742,9592.0,5612.0,7983.0,5793.142857142857,5397.0,3665.3528447054696,5350.2,5662.0,3158.492748349964,50.0,1,1,1,0,0,0,1,0,0,7074
17,0,2013-11-21,-0.433883739117558,-0.9009688679024191,-0.5000000000000004,0.8660254037844384,-0.6354323008901775,0.7721565844991641,7074.0,5384.0,7592.0,6017.571428571428,6955.0,3684.1734874615076,5314.8,5662.0,3133.424824538556,50.0,1,1,1,0,0,0,1,0,0,6955
17,0,2013-11-22,-0.9749279121818236,-0.2225209339563146,-0.5000000000000004,0.8660254037844384,-0.622046748440868,0.7829801036770625,6955.0,5397.0,7129.0,6203.0,6955.0,3680.3967177466075,5301.466666666666,5662.0,3126.431751829963,50.0,1,1,1,0,0,0,1,0,0,6695
17,0,2013-11-23,-0.7818314824680299,0.6234898018587334,-0.5000000000000004,0.8660254037844384,-0.6084768701151264,0.7935716089521472,6695.0,2712.0,3094.0,6229.571428571428,6955.0,3651.5503947931884,5182.333333333333,5622.5,3148.3077592774243,50.0,0,1,1,0,0,0,1,0,0,2898
17,0,2013-11-24,-2.4492935982947064e-16,1.0,-0.5000000000000004,0.8660254037844384,-0.594726686960764,0.8039279618328208,2898.0,0.0,0.0,6229.571428571428,6955.0,3651.5503947931884,4972.833333333333,5573.5,3278.8108029603045,50.0,0,1,1,0,0,0,1,0,0,0
17,0,2013-11-25,0.7818314824680298,0.6234898018587336,-0.5000000000000004,0.8660254037844384,-0.5808002734538014,0.8140460935082175,0.0,10393.0,5633.0,5596.714285714285,6695.0,3160.5982405385294,5105.9,5622.5,3233.4759384952267,50.0,0,1,1,0,0,0,1,0,0,5963
17,0,2013-11-26,0.9749279121818236,-0.22252093395631434,-0.5000000000000004,0.8660254037844384,-0.5667017562911184,0.8239230057575536,5963.0,9592.0,5691.0,5116.142857142857,6228.0,2669.4524674903823,5313.5,5662.0,3091.153079688705,50.0,0,1,1,0,0,0,1,0,0,6228
17,0,2013-11-27,0.43388373911755823,-0.900968867902419,-0.5000000000000004,0.8660254037844384,-0.5524353131676203,0.8335557718385695,6228.0,7074.0,5612.0,4921.428571428572,5963.0,2549.8729940360367,5340.966666666666,5701.0,3090.893548779229,50.0,0,1,1,0,0,0,1,0,0,5711
17,0,2013-11-28,-0.433883739117558,-0.9009688679024191,-0.5000000000000004,0.8660254037844384,-0.5380051715382992,0.8429415373547832,5711.0,6955.0,5384.0,4704.857142857143,5711.0,2408.846849190949,5337.766666666666,5701.0,3090.735429538138,50.0,0,1,1,0,0,0,1,0,0,5439
17,0,2013-11-29,-0.9749279121818236,-0.2225209339563146,-0.5000000000000004,0.8660254037844384,-0.5234156073655503,0.8520775211013093,5439.0,6695.0,5397.0,4849.428571428572,5711.0,2572.973173661352,5346.8,5701.0,3097.468125131701,50.0,0,1,1,0,0,0,1,0,0,7707
17,0,2013-11-30,-0.7818314824680299,0.6234898018587334,-0.5000000000000004,0.8660254037844384,-0.5086709438521042,0.8609610158889945,7707.0,2898.0,2712.0,5006.714285714285,5711.0,2465.1953752380873,5480.1,5701.0,2941.558247033305,50.0,0,1,1,0,0,0,1,0,0,3999
17,0,2013-12-01,-2.4492935982947064e-16,1.0,-2.4492935982947064e-16,1.0,-0.4937755501599774,0.8695893893466109,3999.0,0.0,0.0,5006.714285714285,5711.0,2465.1953752380873,5249.766666666666,5662.0,3092.4014848784045,50.0,0,1,1,0,0,0,1,0,0,0
17,0,2013-12-02,0.7818314824680298,0.6234898018587336,-2.4492935982947064e-16,1.0,-0.4787338401157883,0.8779600847008883,0.0,5963.0,10393.0,6075.142857142857,5711.0,4056.1047582038377,5587.6,5701.0,3410.126224784871,50.0,1,1,1,0,0,0,1,0,0,13442
17,0,2013-12-03,0.9749279121818236,-0.22252093395631434,-2.4492935982947064e-16,1.0,-0.4635502709028512,0.8860706215341377,13442.0,6228.0,9592.0,6723.857142857143,5711.0,4430.482156927972,5946.566666666667,5837.0,3368.207265750946,50.0,1,1,1,0,0,0,1,0,0,10769
17,0,2013-12-04,0.43388373911755823,-0.900968867902419,-2.4492935982947064e-16,1.0,-0.4482293417404106,0.893918596519257,10769.0,5711.0,7074.0,7380.428571428572,7707.0,4592.937762011834,5953.2,5837.0,3376.8701934555124,50.0,1,1,1,0,0,0,1,0,0,10307
17,0,2013-12-05,-0.433883739117558,-0.9009688679024191,-2.4492935982947064e-16,1.0,-0.4327755925504317,0.9015016841318838,10307.0,5439.0,6955.0,7946.285714285715,9400.0,4557.752140192417,5959.966666666666,5837.0,3383.7906461218317,50.0,1,1,1,0,0,0,1,0,0,9400
17,0,2013-12-06,-0.9749279121818236,-0.2225209339563146,-2.4492935982947064e-16,1.0,-0.41719360261231697,0.9088176373395028,9400.0,7707.0,6695.0,7757.857142857143,9400.0,4596.395088493133,5906.8,5837.0,3363.377216942559,50.0,1,1,1,0,0,0,1,0,0,6388
17,0,2013-12-07,-0.7818314824680299,0.6234898018587334,-2.4492935982947064e-16,1.0,-0.4014879892059737,0.9158642882672868,6388.0,3999.0,2898.0,7741.571428571428,9400.0,4612.108081168625,5783.233333333334,5701.0,3367.4230266228633,50.0,0,1,1,0,0,0,1,0,0,3885
17,0,2013-12-08,-2.4492935982947064e-16,1.0,-2.4492935982947064e-16,1.0,-0.38566340624360745,0.9226395488404875,3885.0,0.0,0.0,7741.571428571428,9400.0,4612.108081168625,5545.6,5662.0,3517.3815162752085,50.0,0,1,1,0,0,0,1,0,0,0
17,0,2013-12-09,0.7818314824680298,0.6234898018587336,-2.4492935982947064e-16,1.0,-0.3697245428906732,0.9291414114031743,0.0,13442.0,5963.0,6729.142857142857,6388.0,3870.440518794186,5654.3,5701.0,3489.2817376685975,50.0,0,1,1,0,0,0,1,0,0,6355
17,0,2013-12-10,0.9749279121818236,-0.22252093395631434,-2.4492935982947064e-16,1.0,-0.3536761221763721,0.935367949313148,6355.0,10769.0,6228.0,6233.571428571428,6388.0,3468.1444057374,5897.633333333333,5837.0,3332.382449832855,50.0,0,1,1,0,0,0,1,0,0,7300
17,0,2013-12-11,0.43388373911755823,-0.900968867902419,-2.4492935982947064e-16,1.0,-0.33752289959411347,0.941317317512847,7300.0,10307.0,5711.0,5679.571428571428,6388.0,2985.105071134733,5924.166666666667,6095.5,3333.3715466200415,50.0,0,1,1,0,0,0,1,0,0,6429
17,0,2013-12-12,-0.433883739117558,-0.9009688679024191,-2.4492935982947064e-16,1.0,-0.32126966169236515,0.946987753076075,6429.0,9400.0,5439.0,5459.142857142857,6388.0,2708.7696732755185,5996.366666666667,6291.5,3351.5549811921655,50.0,0,1,1,0,0,0,1,0,0,7857
17,0,2013-12-13,-0.9749279121818236,-0.2225209339563146,-2.4492935982947064e-16,1.0,-0.3049212246562894,0.9523775757303973,7857.0,6388.0,7707.0,5477.285714285715,6429.0,2716.4423249467163,6026.466666666666,6371.5,3352.038831284145,50.0,0,1,1,0,0,0,1,0,0,6515
17,0,2013-12-14,-0.7818314824680299,0.6234898018587334,-2.4492935982947064e-16,1.0,-0.2884824328806098,0.9574851883550389,6515.0,3885.0,3999.0,5603.571428571428,6429.0,2649.811682437257,6005.966666666666,6371.5,3357.978748400984,50.0,0,1,1,0,0,0,1,0,0,4769
17,0,2013-12-15,-2.4492935982947064e-16,1.0,-2.4492935982947064e-16,1.0,-0.27195815753410524,0.9623090774541487,4769.0,0.0,0.0,5603.571428571428,6429.0,2649.811682437257,5826.066666666667,6371.5,3531.798857213713,50.0,0,1,1,0,0,0,1,0,0,0
17,0,2013-12-16,0.7818314824680298,0.6234898018587336,-2.4492935982947064e-16,1.0,-0.2553532951161881,0.9668478136052773,0.0,6355.0,13442.0,7245.0,6515.0,5362.787303880946,6330.5,6408.5,4105.749750927517,50.0,1,1,1,0,0,0,1,0,0,17845
17,0,2013-12-17,0.9749279121818236,-0.22252093395631434,-2.4492935982947064e-16,1.0,-0.23867276600594997,0.9711000518829505,17845.0,7300.0,10769.0,8242.142857142857,6515.0,5987.279137988346,6806.5,6472.0,4173.728546846166,50.0,1,1,1,0,0,0,1,0,0,14280
17,0,2013-12-18,0.43388373911755823,-0.900968867902419,-2.4492935982947064e-16,1.0,-0.22192151300416674,0.9750645322571945,14280.0,6429.0,10307.0,9170.714285714286,7857.0,6160.742615255774,6891.033333333334,6472.0,4273.365535365604,50.0,1,1,1,0,0,0,1,0,0,12929
17,0,2013-12-19,-0.433883739117558,-0.9009688679024191,-2.4492935982947064e-16,1.0,-0.20510449986861926,0.9787400799669153,12929.0,7857.0,9400.0,9650.57142857143,11216.0,6172.168793791012,6945.166666666667,6472.0,4318.8046724586375,50.0,1,1,1,0,0,0,1,0,0,11216
17,0,2013-12-20,-0.9749279121818236,-0.2225209339563146,-2.4492935982947064e-16,1.0,-0.1882267098432439,0.9821256058680006,11216.0,6515.0,6388.0,10262.42857142857,11216.0,6019.941939286534,7069.3,6472.0,4375.778134938617,50.0,1,1,1,0,0,0,1,0,0,10798
17,0,2013-12-21,-0.7818314824680299,0.6234898018587334,-2.4492935982947064e-16,1.0,-0.1712931441814778,0.9852201067560606,10798.0,4769.0,3885.0,10487.57142857143,11216.0,5805.914652522969,7048.966666666666,6408.5,4377.744408059798,50.0,0,1,1,0,0,0,1,0,0,6345
17,0,2013-12-22,-2.4492935982947064e-16,1.0,-2.4492935982947064e-16,1.0,-0.154308820664281,0.9880226656636976,6345.0,0.0,0.0,10487.57142857143,11216.0,5805.914652522969,6825.8,6371.5,4563.13290291387,50.0,0,1,1,0,0,0,1,0,0,0
17,0,2013-12-23,0.7818314824680298,0.6234898018587336,-2.4492935982947064e-16,1.0,-0.13727877211326517,0.9905324521322227,0.0,17845.0,6355.0,9752.57142857143,11216.0,4987.206628201896,7152.533333333334,6408.5,4622.729629016658,50.0,0,1,1,0,0,0,1,0,0,12700
17,0,2013-12-24,0.9749279121818236,-0.22252093395631434,-2.4492935982947064e-16,1.0,-0.12020804489935275,0.9927487224577402,12700.0,14280.0,7300.0,8177.285714285715,10798.0,5059.801106574766,7260.966666666666,6408.5,4485.279143916302,50.0,0,1,1,0,0,0,1,0,0,3253
17,0,2013-12-25,0.43388373911755823,-0.900968867902419,-2.4492935982947064e-16,1.0,-0.10310169744743544,0.9946708199115211,3253.0,12929.0,6429.0,6330.285714285715,6345.0,5385.456858190268,7062.2,6408.5,4672.981086467475,50.0,0,1,1,0,0,0,1,0,0,0
17,0,2013-12-26,-0.433883739117558,-0.9009688679024191,-2.4492935982947064e-16,1.0,-0.0859647987374467,0.9962981749346077,0.0,11216.0,7857.0,4728.0,3253.0,5358.015024241723,6854.6,6408.5,4846.440788583037,50.0,0,1,1,0,0,0,1,0,0,0
17,0,2013-12-27,-0.9749279121818236,-0.2225209339563146,-2.4492935982947064e-16,1.0,-0.06880242680232064,0.9976303053065857,0.0,10798.0,6515.0,4212.714285714285,3253.0,4823.774169475109,6903.933333333333,6472.0,4841.928911251091,50.0,0,1,1,0,0,0,1,0,0,7191
17,0,2013-12-28,-0.7818314824680299,0.6234898018587334,-2.4492935982947064e-16,1.0,-0.05161966722325418,0.9986668162884759,7191.0,6345.0,4769.0,3754.1428571428573,3135.0,4739.120784441336,6827.133333333333,6472.0,4884.055245058311,50.0,0,1,1,0,0,0,1,0,0,3135
17,0,2013-12-29,-2.4492935982947064e-16,1.0,-2.4492935982947064e-16,1.0,-0.034421611622745804,0.9994074007397048,3135.0,0.0,0.0,3754.1428571428573,3135.0,4739.120784441336,6570.233333333334,6408.5,5036.49279095417,50.0,0,1,1,0,0,0,1,0,0,0
17,0,2013-12-30,0.7818314824680298,0.6234898018587336,-2.4492935982947064e-16,1.0,-0.01721335615583528,0.9998518392091162,0.0,12700.0,17845.0,3238.0,3135.0,3681.072669752671,6739.833333333333,6472.0,5032.588550933654,50.0,0,1,1,0,0,0,1,0,0,9087
17,0,2013-12-31,0.9749279121818236,-0.22252093395631434,-2.4492935982947064e-16,1.0,6.432490598706546e-16,1.0,9087.0,3253.0,14280.0,3106.0,2329.0,3696.9776845418014,6817.466666666666,6472.0,4942.185637768062,50.0,0,1,1,0,0,0,1,0,0,2329
17,0,2014-01-01,0.43388373911755823,-0.900968867902419,0.49999999999999994,0.8660254037844387,0.017213356155834685,0.9998518392091162,2329.0,0.0,12929.0,3106.0,2329.0,3696.9776845418014,6369.4,6408.5,4930.206910395378,50.0,0,1,1,0,0,0,1,0,0,0
17,0,2014-01-02,-0.433883739117558,-0.9009688679024191,0.49999999999999994,0.8660254037844387,0.03442161162274574,0.9994074007397048,0.0,0.0,11216.0,3861.285714285714,3135.0,3490.9930160479107,6186.666666666667,6371.5,4862.646613928882,50.0,0,1,1,0,0,0,1,0,0,5287
17,0,2014-01-03,-0.9749279121818236,-0.2225209339563146,0.49999999999999994,0.8660254037844387,0.051619667223253764,0.998666816288476,5287.0,7191.0,10798.0,3695.285714285714,3135.0,3330.197427294958,6044.066666666667,6350.0,4799.972341395409,50.0,0,1,1,0,0,0,1,0,0,6029
17,0,2014-01-04,-0.7818314824680299,0.6234898018587334,0.49999999999999994,0.8660254037844387,0.06880242680231986,0.9976303053065857,6029.0,3135.0,6345.0,3628.8571428571427,2670.0,3347.8274262856694,5819.733333333334,6187.0,4794.985073748538,50.0,0,1,1,0,0,0,1,0,0,2670
17,0,2014-01-05,-2.4492935982947064e-16,1.0,0.49999999999999994,0.8660254037844387,0.08596479873744647,0.9962981749346078,2670.0,0.0,0.0,3628.8571428571427,2670.0,3347.8274262856694,5606.8,5658.0,4909.353229401455,50.0,0,1,1,0,0,0,1,0,0,0
17,0,2014-01-06,0.7818314824680298,0.6234898018587336,0.49999999999999994,0.8660254037844387,0.10310169744743485,0.9946708199115211,0.0,9087.0,12700.0,4004.8571428571427,2670.0,4121.430715523093,5867.933333333333,6187.0,5021.675087563659,50.0,1,1,1,0,0,0,1,0,0,11719
17,0,2014-01-07,0.9749279121818236,-0.22252093395631434,0.49999999999999994,0.8660254037844387,0.1202080448993527,0.9927487224577402,11719.0,2329.0,3253.0,5033.857142857143,5287.0,4513.794982368737,6185.666666666667,6350.0,4938.460979958708,50.0,1,1,1,0,0,0,1,0,0,9532
17,0,2014-01-08,0.43388373911755823,-0.900968867902419,0.49999999999999994,0.8660254037844387,0.13727877211326478,0.9905324521322229,9532.0,0.0,0.0,6087.714285714285,6029.0,3971.195609816847,6219.733333333334,6387.0,4943.192092602493,50.0,1,1,1,0,0,0,1,0,0,7377
17,0,2014-01-09,-0.433883739117558,-0.9009688679024191,0.49999999999999994,0.8660254037844387,0.15430882066428117,0.9880226656636976,7377.0,5287.0,0.0,6370.0,7263.0,3975.0204192347687,6218.5,6387.0,4942.917878659569,50.0,1,1,1,0,0,0,1,0,0,7263
17,0,2014-01-10,-0.9749279121818236,-0.2225209339563146,0.49999999999999994,0.8660254037844387,0.1712931441814776,0.9852201067560606,7263.0,6029.0,7191.0,6591.571428571428,7377.0,3996.0164688158684,6256.866666666667,6430.0,4949.071279880028,50.0,1,1,1,0,0,0,1,0,0,7580
17,0,2014-01-11,-0.7818314824680299,0.6234898018587334,0.49999999999999994,0.8660254037844387,0.1882267098432442,0.9821256058680006,7580.0,2670.0,3135.0,6622.142857142857,7377.0,3961.685391706056,6091.1,6187.0,4976.833693257676,50.0,0,1,1,0,0,0,1,0,0,2884
17,0,2014-01-12,-2.4492935982947064e-16,1.0,0.49999999999999994,0.8660254037844387,0.2051044998686192,0.9787400799669153,2884.0,0.0,0.0,6622.142857142857,7377.0,3961.685391706056,5873.933333333333,5658.0,5098.357754071967,50.0,0,1,1,0,0,0,1,0,0,0
17,0,2014-01-13,0.7818314824680298,0.6234898018587336,0.49999999999999994,0.8660254037844387,0.22192151300416552,0.9750645322571948,0.0,11719.0,9087.0,5682.285714285715,7263.0,3271.2174448404685,5886.3,5658.0,5096.034612222088,50.0,0,1,1,0,0,0,1,0,0,5140
17,0,2014-01-14,0.9749279121818236,-0.22252093395631434,0.49999999999999994,0.8660254037844387,0.2386727660059501,0.9711000518829505,5140.0,9532.0,2329.0,5036.142857142857,5140.0,2796.2978756784564,6053.266666666666,5658.0,4977.197265137475,50.0,0,1,1,0,0,0,1,0,0,5009
17,0,2014-01-15,0.43388373911755823,-0.900968867902419,0.49999999999999994,0.8660254037844387,0.255353295116187,0.9668478136052775,5009.0,7377.0,0.0,4754.142857142857,5140.0,2614.5106252459277,5638.533333333334,5345.0,4451.346349862792,50.0,0,1,1,0,0,0,1,0,0,5403
17,0,2014-01-16,-0.433883739117558,-0.9009688679024191,0.49999999999999994,0.8660254037844387,0.2719581575341055,0.9623090774541486,5403.0,7263.0,5287.0,4436.142857142857,5037.0,2383.6866005252987,5330.433333333333,5213.5,4141.71034704874,50.0,0,1,1,0,0,0,1,0,0,5037
17,0,2014-01-17,-0.9749279121818236,-0.2225209339563146,0.49999999999999994,0.8660254037844387,0.288482432880609,0.9574851883550393,5037.0,7580.0,6029.0,3978.0,5009.0,1946.9059213702947,5045.233333333334,5088.5,3887.191457393989,50.0,0,1,1,0,0,0,1,0,0,4373
17,0,2014-01-18,-0.7818314824680299,0.6234898018587334,0.49999999999999994,0.8660254037844387,0.30492122465628907,0.9523775757303974,4373.0,2884.0,2670.0,3899.285714285714,5009.0,2008.6676109870996,4749.133333333333,5023.0,3736.331676310647,50.0,0,1,1,0,0,0,1,0,0,2333
17,0,2014-01-19,-2.4492935982947064e-16,1.0,0.49999999999999994,0.8660254037844387,0.3212696616923644,0.9469877530760753,2333.0,0.0,0.0,3899.285714285714,5009.0,2008.6676109870996,4389.2,4691.0,3652.698467784024,50.0,0,1,1,0,0,0,1,0,0,0
17,0,2014-01-20,0.7818314824680298,0.6234898018587336,0.49999999999999994,0.8660254037844387,0.3375228995941133,0.9413173175128471,0.0,5140.0,11719.0,4705.0,5009.0,3303.2585427120357,4537.033333333334,4691.0,3820.477975904042,50.0,1,1,1,0,0,0,1,0,0,10780
17,0,2014-01-21,0.9749279121818236,-0.22252093395631434,0.49999999999999994,0.8660254037844387,0.3536761221763716,0.9353679493131483,10780.0,5009.0,9532.0,5124.0,5037.0,3526.7059229069137,4801.766666666666,5023.0,3770.0824163984544,50.0,1,1,1,0,0,0,1,0,0,7942
17,0,2014-01-22,0.43388373911755823,-0.900968867902419,0.49999999999999994,0.8660254037844387,0.3697245428906731,0.9291414114031743,7942.0,5403.0,7377.0,5406.571428571428,5037.0,3630.5006476216186,4624.466666666666,5023.0,3501.3269281047287,50.0,1,1,1,0,0,0,1,0,0,7381
17,0,2014-01-23,-0.433883739117558,-0.9009688679024191,0.49999999999999994,0.8660254037844387,0.38566340624360707,0.9226395488404876,7381.0,5037.0,7263.0,5565.428571428572,6149.0,3635.9587849306436,4721.0,5088.5,3502.133034752317,50.0,1,1,1,0,0,0,1,0,0,6149
17,0,2014-01-24,-0.9749279121818236,-0.2225209339563146,0.49999999999999994,0.8660254037844387,0.401487989205973,0.9158642882672872,6149.0,4373.0,7580.0,5772.428571428572,6149.0,3597.8043701283036,4915.066666666667,5213.5,3391.051316315499,50.0,1,1,1,0,0,0,1,0,0,5822
17,0,2014-01-25,-0.7818314824680299,0.6234898018587334,0.49999999999999994,0.8660254037844387,0.4171936026123168,0.9088176373395029,5822.0,2333.0,2884.0,5751.714285714285,6149.0,3621.248252296705,4988.0,5213.5,3304.1096458386723,50.0,0,1,1,0,0,0,1,0,0,2188
17,0,2014-01-26,-2.4492935982947064e-16,1.0,0.49999999999999994,0.8660254037844387,0.4327755925504312,0.901501684131884,2188.0,0.0,0.0,5751.714285714285,6149.0,3621.248252296705,4748.3,5088.5,3398.2770903442592,50.0,0,1,1,0,0,0,1,0,0,0
17,0,2014-01-27,0.7818314824680298,0.6234898018587336,0.49999999999999994,0.8660254037844387,0.4482293417404106,0.893918596519257,0.0,10780.0,5140.0,4828.714285714285,5822.0,2871.879275218339,4787.766666666666,5088.5,3385.7468048329906,50.0,0,1,1,0,0,0,1,0,0,4319
17,0,2014-01-28,0.9749279121818236,-0.22252093395631434,0.49999999999999994,0.8660254037844387,0.4635502709028509,0.886070621534138,4319.0,7942.0,5009.0,4360.714285714285,4666.0,2526.0939355908,4943.3,5088.5,3263.177847668935,50.0,0,1,1,0,0,0,1,0,0,4666
17,0,2014-01-29,0.43388373911755823,-0.900968867902419,0.49999999999999994,0.8660254037844387,0.47873384011578846,0.8779600847008882,4666.0,7381.0,5403.0,3912.4285714285716,4319.0,2151.4302883696546,4781.833333333333,5023.0,3169.5729407030226,50.0,0,1,1,0,0,0,1,0,0,4243
17,0,2014-01-30,-0.433883739117558,-0.9009688679024191,0.49999999999999994,0.8660254037844387,0.4937755501599772,0.869589389346611,4243.0,6149.0,5037.0,3740.8571428571427,4319.0,1984.775925939885,4869.133333333333,5023.0,3135.5699447087673,50.0,0,1,1,0,0,0,1,0,0,4948
17,0,2014-01-31,-0.9749279121818236,-0.2225209339563146,0.49999999999999994,0.8660254037844387,0.5086709438521044,0.8609610158889943,4948.0,5822.0,4373.0,3872.714285714286,4319.0,2168.256881636019,5093.966666666666,5088.5,3013.8535474948258,50.0,0,1,1,0,0,0,1,0,0,6745
17,0,2014-02-01,-0.7818314824680299,0.6234898018587334,0.8660254037844386,0.5000000000000001,0.5234156073655503,0.8520775211013093,6745.0,2188.0,2333.0,3974.0,4319.0,2091.648950788201,5014.3,5023.0,3040.0492299779744,50.0,0,1,1,0,0,0,1,0,0,2897
17,0,2014-02-02,-2.4492935982947064e-16,1.0,0.8660254037844386,0.5000000000000001,0.5380051715382996,0.8429415373547828,2897.0,0.0,0.0,3974.0,4319.0,2091.648950788201,4813.333333333333,4978.5,3167.2736054774377,50.0,0,1,1,0,0,0,1,0,0,0
17,0,2014-02-03,0.7818314824680298,0.6234898018587336,0.8660254037844386,0.5000000000000001,0.5524353131676196,0.8335557718385699,0.0,4319.0,10780.0,4935.428571428572,4666.0,3408.7181782963016,5092.633333333333,5023.0,3336.663866419763,50.0,1,1,1,0,0,0,1,0,0,11049
17,0,2014-02-04,0.9749279121818236,-0.22252093395631434,0.8660254037844386,0.5000000000000001,0.5667017562911176,0.8239230057575542,11049.0,4666.0,7942.0,5558.857142857143,4948.0,3734.711922338479,5393.633333333333,5088.5,3268.0077183394856,50.0,1,1,1,0,0,0,1,0,0,9030
17,0,2014-02-05,0.43388373911755823,-0.900968867902419,0.8660254037844386,0.5000000000000001,0.5808002734538009,0.8140460935082178,9030.0,4243.0,7381.0,6113.571428571428,6745.0,3794.584424199965,5273.866666666667,5088.5,3089.1445164767183,50.0,1,1,1,0,0,0,1,0,0,8126
17,0,2014-02-06,-0.433883739117558,-0.9009688679024191,0.8660254037844386,0.5000000000000001,0.5947266869607634,0.8039279618328213,8126.0,4948.0,6149.0,6419.428571428572,7089.0,3771.1910080301745,5192.433333333333,5088.5,3004.052833496242,50.0,1,1,1,0,0,0,1,0,0,7089
17,0,2014-02-07,-0.9749279121818236,-0.2225209339563146,0.8660254037844386,0.5000000000000001,0.6084768701151261,0.7935716089521474,7089.0,6745.0,5822.0,6433.142857142857,7089.0,3772.7465427975017,5174.566666666667,5088.5,2992.182535038349,50.0,1,1,1,0,0,0,1,0,0,6841
17,0,2014-02-08,-0.7818314824680299,0.6234898018587334,0.8660254037844386,0.5000000000000001,0.6220467484408675,0.7829801036770629,6841.0,2897.0,2188.0,6416.571428571428,7089.0,3791.0776329491914,5025.166666666667,5023.0,2996.201791962774,50.0,0,1,1,0,0,0,1,0,0,2781
17,0,2014-02-09,-2.4492935982947064e-16,1.0,0.8660254037844386,0.5000000000000001,0.6354323008901774,0.7721565844991642,2781.0,0.0,0.0,6416.571428571428,7089.0,3791.0776329491914,4772.5,4978.5,3091.4199588650176,50.0,0,1,1,0,0,0,1,0,0,0
17,0,2014-02-10,0.7818314824680298,0.6234898018587336,0.8660254037844386,0.5000000000000001,0.6486295610349814,0.7611042586607747,0.0,11049.0,4319.0,5523.285714285715,6841.0,3209.744523285606,4836.233333333334,4978.5,3070.7839354407433,50.0,0,1,1,0,0,0,1,0,0,4796
17,0,2014-02-11,0.9749279121818236,-0.22252093395631434,0.8660254037844386,0.5000000000000001,0.6616346182422783,0.7498264012045686,4796.0,9030.0,4666.0,4938.142857142857,4934.0,2812.715972660089,5000.7,4978.5,2931.814974521347,50.0,0,1,1,0,0,0,1,0,0,4934
17,0,2014-02-12,0.43388373911755823,-0.900968867902419,0.8660254037844386,0.5000000000000001,0.6744436188329455,0.7383263540031065,4934.0,8126.0,4243.0,4497.428571428572,4934.0,2448.0185768047195,4997.4,4978.5,2931.708488589714,50.0,0,1,1,0,0,0,1,0,0,5041
17,0,2014-02-13,-0.433883739117558,-0.9009688679024191,0.8660254037844386,0.5000000000000001,0.6870527672236669,0.7266075247685656,5041.0,7089.0,4948.0,4157.142857142857,4796.0,2178.4507819833493,4987.333333333333,4941.0,2932.1857368526844,50.0,0,1,1,0,0,0,1,0,0,4707
17,0,2014-02-14,-0.9749279121818236,-0.2225209339563146,0.8660254037844386,0.5000000000000001,0.6994583270516471,0.7146733860429609,4707.0,6841.0,6745.0,3952.8571428571427,4796.0,1938.677678949547,4987.6,4941.0,2932.2252065741786,50.0,0,1,1,0,0,0,1,0,0,5411
17,0,2014-02-15,-0.7818314824680299,0.6234898018587334,0.8660254037844386,0.5000000000000001,0.7116566222817746,0.702527474169157,5411.0,2781.0,2897.0,3955.714285714286,4796.0,1936.676510097121,4913.066666666667,4865.0,2959.220061893448,50.0,0,1,1,0,0,0,1,0,0,2801
17,0,2014-02-16,-2.4492935982947064e-16,1.0,0.8660254037844386,0.5000000000000001,0.7236440382959124,0.6901733882429719,2801.0,0.0,0.0,3955.714285714286,4796.0,1936.676510097121,4767.3,4865.0,3091.4879371456823,50.0,0,1,1,0,0,0,1,0,0,0
17,0,2014-02-17,0.7818314824680298,0.6234898018587336,0.8660254037844386,0.5000000000000001,0.7354170229639855,0.6776147890466889,0.0,4796.0,11049.0,4868.428571428572,4934.0,3372.1767380107767,5062.366666666667,4941.0,3268.5057166142833,50.0,1,1,1,0,0,0,1,0,0,11185
17,0,2014-02-18,0.9749279121818236,-0.22252093395631434,0.8660254037844386,0.5000000000000001,0.7469720876965552,0.6648553979642865,11185.0,4934.0,9030.0,5398.857142857143,5041.0,3663.633825796985,5350.6,4994.5,3186.936942561318,50.0,1,1,1,0,0,0,1,0,0,8647
17,0,2014-02-19,0.43388373911755823,-0.900968867902419,0.8660254037844386,0.5000000000000001,0.7583058084785625,0.6518989958787126,8647.0,5041.0,8126.0,5653.428571428572,5411.0,3696.3890423467324,5218.7,4994.5,3032.627711726425,50.0,1,1,1,0,0,0,1,0,0,6823
17,0,2014-02-20,-0.433883739117558,-0.9009688679024191,0.8660254037844386,0.5000000000000001,0.7694148268839378,0.6387494220515272,6823.0,4707.0,7089.0,5981.142857142857,6823.0,3700.1846092941337,5187.333333333333,4994.5,3008.257650526969,50.0,1,1,1,0,0,0,1,0,0,7001
17,0,2014-02-21,-0.9749279121818236,-0.2225209339563146,0.8660254037844386,0.5000000000000001,0.7802958510707755,0.6254105729852463,7001.0,5411.0,6841.0,6158.571428571428,6823.0,3698.0661548590933,5163.066666666667,4994.5,2992.8486480082943,50.0,1,1,1,0,0,0,1,0,0,6653
17,0,2014-02-22,-0.7818314824680299,0.6234898018587334,0.8660254037844386,0.5000000000000001,0.7909456567567772,0.6118864012687243,6653.0,2801.0,2781.0,6111.857142857143,6823.0,3749.259145865644,5040.566666666667,4941.0,3026.127463679744,50.0,0,1,1,0,0,0,1,0,0,2474
17,0,2014-02-23,-2.4492935982947064e-16,1.0,0.8660254037844386,0.5000000000000001,0.8013610881746766,0.5981809144059164,2474.0,0.0,0.0,6111.857142857143,6823.0,3749.259145865644,4846.5,4865.0,3158.0919244772304,50.0,0,1,1,0,0,0,1,0,0,0
17,0,2014-02-24,0.7818314824680298,0.6234898018587336,0.8660254037844386,0.5000000000000001,0.8115390590073611,0.5842981736283683,0.0,11185.0,4796.0,5186.285714285715,6653.0,3016.1936119489997,4930.433333333333,4865.0,3118.2088546021996,50.0,0,1,1,0,0,0,1,0,0,4706
17,0,2014-02-25,0.9749279121818236,-0.22252093395631434,0.8660254037844386,0.5000000000000001,0.8214765533024142,0.5702422926917871,4706.0,8647.0,4934.0,4569.571428571428,4706.0,2603.807139372591,5074.766666666666,4865.0,2979.2382234312918,50.0,0,1,1,0,0,0,1,0,0,4330
17,0,2014-02-26,0.43388373911755823,-0.900968867902419,0.8660254037844386,0.5000000000000001,0.8311706263658079,0.5560174366570446,4330.0,6823.0,5041.0,4227.142857142857,4426.0,2408.3445509707567,5078.333333333333,4865.0,2978.3661609187284,50.0,0,1,1,0,0,0,1,0,0,4426
17,0,2014-02-27,-0.433883739117558,-0.9009688679024191,0.8660254037844386,0.5000000000000001,0.8406184056344782,0.5416278206559814,4426.0,7001.0,4707.0,3867.8571428571427,4426.0,2092.4411922100003,5072.333333333333,4865.0,2979.4065867543854,50.0,0,1,1,0,0,0,1,0,0,4486
17,0,2014-02-28,-0.9749279121818236,-0.2225209339563146,0.8660254037844386,0.5000000000000001,0.8498170915275278,0.5270777086423722,4486.0,6653.0,5411.0,3784.5714285714284,4426.0,1971.197508888362,5133.233333333334,4941.0,2980.542217314732,50.0,0,1,1,0,0,0,1,0,0,6070
17,0,2014-03-01,-0.7818314824680299,0.6234898018587334,1.0,6.123233995736766e-17,0.8587639582758029,0.5123714121284237,6070.0,2474.0,2801.0,3860.0,4426.0,1922.1824401792346,5068.366666666667,4865.0,3005.781434724313,50.0,0,1,1,0,0,0,1,0,0,3002
17,0,2014-03-02,-2.4492935982947064e-16,1.0,1.0,6.123233995736766e-17,0.8674563547295968,0.49751328890718066,3002.0,0.0,0.0,3860.0,4426.0,1922.1824401792348,4843.533333333334,4751.5,3125.9077548696227,50.0,0,1,1,0,0,0,1,0,0,0
17,0,2014-03-03,0.7818314824680298,0.6234898018587336,1.0,6.123233995736766e-17,0.8758917051442429,0.48250774176121847,0.0,4706.0,11185.0,4751.714285714285,4426.0,3319.8057028630387,5111.9,4865.0,3294.104350565387,50.0,1,1,1,0,0,0,1,0,0,10948
17,0,2014-03-04,0.9749279121818236,-0.22252093395631434,1.0,6.123233995736766e-17,0.8840675099433636,0.46735921715800227,10948.0,4330.0,8647.0,5403.142857142857,4486.0,3653.8498157683653,5408.233333333334,4987.5,3217.3596765835423,50.0,1,1,1,0,0,0,1,0,0,8890
17,0,2014-03-05,0.43388373911755823,-0.900968867902419,1.0,6.123233995736766e-17,0.8919813464595485,0.45207220393230435,8890.0,4426.0,6823.0,5879.714285714285,6070.0,3722.0797821596916,5298.666666666667,4987.5,3071.2937780786096,50.0,1,1,1,0,0,0,1,0,0,7762
17,0,2014-03-06,-0.433883739117558,-0.9009688679024191,1.0,6.123233995736766e-17,0.8996308696522433,0.43665123195606403,7762.0,4486.0,7001.0,6308.857142857143,7490.0,3707.755449890203,5247.333333333333,4987.5,3019.206099501056,50.0,1,1,1,0,0,0,1,0,0,7490
17,0,2014-03-07,-0.9749279121818236,-0.2225209339563146,1.0,6.123233995736766e-17,0.9070138128026359,0.4211008707960896,7490.0,6070.0,6653.0,6485.571428571428,7490.0,3723.9169278750446,5220.033333333334,4987.5,2995.8920435792784,50.0,1,1,1,0,0,0,1,0,0,7307
17,0,2014-03-08,-0.7818314824680299,0.6234898018587334,1.0,6.123233995736766e-17,0.9141279881853337,0.40542572835999735,7307.0,3002.0,2474.0,6437.714285714285,7490.0,3777.907918159899,5072.633333333333,4865.0,3009.518491482438,50.0,0,1,1,0,0,0,1,0,0,2667
17,0,2014-03-09,-2.4492935982947064e-16,1.0,1.0,6.123233995736766e-17,0.9209712877166346,0.38963044953078796,2667.0,0.0,0.0,6437.714285714285,7490.0,3777.907918159899,4844.6,4751.5,3127.7586841389984,50.0,0,1,1,0,0,0,1,0,0,0
17,0,2014-03-10,0.7818314824680298,0.6234898018587336,1.0,6.123233995736766e-17,0.9275416835791966,0.37371971479046906,0.0,10948.0,4706.0,5564.0,7307.0,3228.1969683813763,4912.966666666666,4814.0,3103.417754262433,50.0,0,1,1,0,0,0,1,0,0,4832
17,0,2014-03-11,0.9749279121818236,-0.22252093395631434,1.0,6.123233995736766e-17,0.9338372288229252,0.35769823883312546,4832.0,8890.0,4330.0,5023.142857142857,5104.0,2876.026566206206,5083.1,4883.0,2961.452012803508,50.0,0,1,1,0,0,0,1,0,0,5104
17,0,2014-03-12,0.43388373911755823,-0.900968867902419,1.0,6.123233995736766e-17,0.9398560579418954,0.3415707691678556,5104.0,7762.0,4426.0,4573.428571428572,4832.0,2610.221309719608,5077.033333333334,4883.0,2962.2467414905327,50.0,0,1,1,0,0,0,1,0,0,4614
17,0,2014-03-13,-0.433883739117558,-0.9009688679024191,1.0,6.123233995736766e-17,0.9455963874271426,0.3253420847119801,4614.0,7490.0,4486.0,4161.142857142857,4614.0,2279.7741429486414,5066.033333333334,4769.5,2963.408679013172,50.0,0,1,1,0,0,0,1,0,0,4604
17,0,2014-03-14,-0.9749279121818236,-0.2225209339563146,1.0,6.123233995736766e-17,0.9510565162951535,0.30901699437494745,4604.0,7307.0,6070.0,3842.4285714285716,4614.0,1889.1671760454906,5067.2,4769.5,2963.4053733663523,50.0,0,1,1,0,0,0,1,0,0,5076
17,0,2014-03-15,-0.7818314824680299,0.6234898018587334,1.0,6.123233995736766e-17,0.9562348265919056,0.29260033563334836,5076.0,2667.0,3002.0,3790.4285714285716,4614.0,1931.4500474292265,4987.066666666667,4769.0,3005.6830531664464,50.0,0,1,1,0,0,0,1,0,0,2303
17,0,2014-03-16,-2.4492935982947064e-16,1.0,1.0,6.123233995736766e-17,0.9611297838723007,0.27609697309746883,2303.0,0.0,0.0,3790.4285714285716,4614.0,1931.4500474292267,4806.7,4660.0,3138.7727576455663,50.0,0,1,1,0,0,0,1,0,0,0
17,0,2014-03-17,0.7818314824680298,0.6234898018587336,1.0,6.123233995736766e-17,0.9657399376548549,0.2595117970697999,0.0,4832.0,10948.0,4441.428571428572,4614.0,2877.369160485729,5026.3,4769.0,3222.939621440075,50.0,1,1,1,0,0,0,1,0,0,9389
17,0,2014-03-18,0.9749279121818236,-0.22252093395631434,1.0,6.123233995736766e-17,0.970063921851507,0.2428497220959356,9389.0,5104.0,8890.0,4920.571428571428,4614.0,3259.916147037273,5308.233333333334,4954.0,3136.8836686391037,50.0,1,1,1,0,0,0,1,0,0,8458
17,0,2014-03-19,0.43388373911755823,-0.900968867902419,1.0,6.123233995736766e-17,0.9741004551724205,0.22611568550828828,8458.0,4614.0,7762.0,5200.714285714285,5076.0,3313.0073807285657,5154.566666666667,4954.0,2946.1900784166883,50.0,1,1,1,0,0,0,1,0,0,6575
17,0,2014-03-20,-0.433883739117558,-0.9009688679024191,1.0,6.123233995736766e-17,0.9778483415056568,0.20931464596304847,6575.0,4604.0,7490.0,5489.285714285715,6575.0,3340.2312152646878,5087.133333333333,4954.0,2886.035160410637,50.0,1,1,1,0,0,0,1,0,0,6624
17,0,2014-03-21,-0.9749279121818236,-0.2225209339563146,1.0,6.123233995736766e-17,0.9813064702716093,0.19245158197082998,6624.0,5076.0,7307.0,5656.0,6575.0,3345.285040172218,5067.8,4954.0,2875.9307386988858,50.0,1,1,1,0,0,0,1,0,0,6243
17,0,2014-03-22,-0.7818314824680299,0.6234898018587334,1.0,6.123233995736766e-17,0.9844738167520922,0.1755314904214282,6243.0,2303.0,2667.0,5686.142857142857,6575.0,3310.8102446667817,4918.233333333334,4769.0,2888.573668825136,50.0,0,1,1,0,0,0,1,0,0,2514
17,0,2014-03-23,-2.4492935982947064e-16,1.0,1.0,6.123233995736766e-17,0.9873494423939864,0.15855938510313478,2514.0,0.0,0.0,5686.142857142857,6575.0,3310.8102446667817,4696.466666666666,4660.0,3003.8829323501263,50.0,0,1,1,0,0,0,1,0,0,0
17,0,2014-03-24,0.7818314824680298,0.6234898018587336,1.0,6.123233995736766e-17,0.989932495087353,0.141540295217043,0.0,9389.0,4832.0,5040.285714285715,6243.0,2881.176652821197,4776.266666666666,4769.0,2974.4607849019562,50.0,0,1,1,0,0,0,1,0,0,4868
17,0,2014-03-25,0.9749279121818236,-0.22252093395631434,1.0,6.123233995736766e-17,0.9922222094179323,0.12447926388678915,4868.0,8458.0,5104.0,4554.857142857143,5060.0,2465.6711343683296,4944.933333333333,4850.0,2834.4519622736243,50.0,0,1,1,0,0,0,1,0,0,5060
17,0,2014-03-26,0.43388373911755823,-0.900968867902419,1.0,6.123233995736766e-17,0.994217906893952,0.10738134666416309,5060.0,6575.0,4614.0,4276.857142857143,4868.0,2304.370371603462,4942.366666666667,4850.0,2834.710633937958,50.0,0,1,1,0,0,0,1,0,0,4629
17,0,2014-03-27,-0.433883739117558,-0.9009688679024191,1.0,6.123233995736766e-17,0.995918996147179,0.09025161003104117,4629.0,6624.0,4604.0,4030.285714285714,4868.0,2094.114507716482,4961.3,4883.0,2832.375439632695,50.0,0,1,1,0,0,0,1,0,0,4898
17,0,2014-03-28,-0.9749279121818236,-0.2225209339563146,1.0,6.123233995736766e-17,0.9973249731081555,0.07309512989807777,4898.0,6243.0,5076.0,3834.8571428571427,4868.0,1908.8384276457816,4976.266666666666,4886.5,2830.635056482648,50.0,0,1,1,0,0,0,1,0,0,4875
17,0,2014-03-29,-0.7818314824680299,0.6234898018587334,1.0,6.123233995736766e-17,0.9984354211555643,0.055916990100603484,4875.0,2514.0,2303.0,3804.0,4868.0,1935.3116028175093,4903.333333333333,4886.5,2871.5940705028534,50.0,0,1,1,0,0,0,1,0,0,2298
17,0,2014-03-30,-2.4492935982947064e-16,1.0,1.0,6.123233995736766e-17,0.9992500112396835,0.03872228089217446,2298.0,0.0,0.0,3804.0,4868.0,1935.3116028175093,4701.0,4871.5,2997.636574784005,50.0,0,1,1,0,0,0,1,0,0,0
17,0,2014-03-31,0.7818314824680298,0.6234898018587336,1.0,6.123233995736766e-17,0.9997685019798909,0.021516097436222254,0.0,4868.0,9389.0,4935.571428571428,4875.0,3939.279496606074,5027.233333333334,4886.5,3321.4310551361746,50.0,1,1,1,0,0,0,1,0,0,12789
17,0,2014-04-01,0.9749279121818236,-0.22252093395631434,0.8660254037844387,-0.49999999999999983,0.9999907397361901,0.004303538296244289,12789.0,5060.0,8458.0,5275.571428571428,4875.0,4052.879998928457,5275.233333333334,4979.0,3208.9770169638655,50.0,1,1,1,0,0,0,1,0,0,7440
17,0,2014-04-02,0.43388373911755823,-0.900968867902419,0.8660254037844387,-0.49999999999999983,0.9999166586547379,-0.01291029607500882,7440.0,4629.0,6575.0,5613.714285714285,4898.0,4088.5297567008865,5143.5,4979.0,3044.999391314136,50.0,1,1,1,0,0,0,1,0,0,6996
17,0,2014-04-03,-0.433883739117558,-0.9009688679024191,0.8660254037844387,-0.49999999999999983,0.9995462806873573,-0.030120304846908114,6996.0,4898.0,6624.0,5930.428571428572,6996.0,4109.661578003025,5084.333333333333,4979.0,2986.3721888898453,50.0,1,1,1,0,0,0,1,0,0,7115
17,0,2014-04-04,-0.9749279121818236,-0.2225209339563146,0.8660254037844387,-0.49999999999999983,0.9988797155850336,-0.04732138832243185,7115.0,4875.0,6243.0,6301.142857142857,7115.0,4115.62585068871,5074.6,4979.0,2977.8076360371892,50.0,1,1,1,0,0,0,1,0,0,7470
17,0,2014-04-05,-0.7818314824680299,0.6234898018587334,0.8660254037844387,-0.49999999999999983,0.9979171608653922,-0.06450844944931623,7470.0,2298.0,2514.0,6376.571428571428,7115.0,4034.0611405523227,4919.133333333333,4886.5,2969.092276627059,50.0,0,1,1,0,0,0,1,0,0,2826
17,0,2014-04-06,-2.4492935982947064e-16,1.0,0.8660254037844387,-0.49999999999999983,0.9966589017541702,-0.08167639533042241,2826.0,0.0,0.0,6376.571428571428,7115.0,4034.0611405523227,4675.566666666667,4871.5,3064.6256640770275,50.0,0,1,1,0,0,0,1,0,0,0
17,0,2014-04-07,0.7818314824680298,0.6234898018587336,0.8660254037844387,-0.49999999999999983,0.9951053111006976,-0.09882013873287143,0.0,12789.0,4868.0,5304.285714285715,6996.0,2877.2086423178653,4762.766666666666,4886.5,3042.6423598387437,50.0,0,1,1,0,0,0,1,0,0,5283
17,0,2014-04-08,0.9749279121818236,-0.22252093395631434,0.8660254037844387,-0.49999999999999983,0.9932568492674143,-0.11593459959550041,5283.0,7440.0,5060.0,4961.714285714285,5283.0,2718.946163147643,4930.833333333333,4970.0,2906.705304960424,50.0,0,1,1,0,0,0,1,0,0,5042
17,0,2014-04-09,0.43388373911755823,-0.900968867902419,0.8660254037844387,-0.49999999999999983,0.9911140639934547,-0.1330147065341959,5042.0,6996.0,4629.0,4686.571428571428,5070.0,2572.2717493260716,4938.766666666666,5051.0,2906.751044264601,50.0,0,1,1,0,0,0,1,0,0,5070
17,0,2014-04-10,-0.433883739117558,-0.9009688679024191,0.8660254037844387,-0.49999999999999983,0.9886775902323405,-0.1500553983446526,5070.0,7115.0,4898.0,4412.571428571428,5070.0,2364.220509818761,4941.866666666667,5051.0,2906.9829214749684,50.0,0,1,1,0,0,0,1,0,0,5197
17,0,2014-04-11,-0.9749279121818236,-0.2225209339563146,0.8660254037844387,-0.49999999999999983,0.9859481499638304,-0.16705162550211924,5197.0,7470.0,4875.0,4097.857142857143,5070.0,2009.3985359282376,4963.633333333333,5065.0,2906.888032472759,50.0,0,1,1,0,0,0,1,0,0,5267
17,0,2014-04-12,-0.7818314824680299,0.6234898018587334,0.8660254037844387,-0.49999999999999983,0.9829265519799822,-0.18399835165768005,5267.0,2826.0,2298.0,4054.714285714286,5070.0,2044.1979449396058,4894.3,5065.0,2940.374151069193,50.0,0,1,1,0,0,0,1,0,0,2524
17,0,2014-04-13,-2.4492935982947064e-16,1.0,0.8660254037844387,-0.49999999999999983,0.9796136916454901,-0.20089055513063506,2524.0,0.0,0.0,4054.714285714286,5070.0,2044.197944939606,4725.1,5051.0,3072.6294630562597,50.0,0,1,1,0,0,0,1,0,0,0
17,0,2014-04-14,0.7818314824680298,0.6234898018587336,0.8660254037844387,-0.49999999999999983,0.9760105506323683,-0.21772323039653177,0.0,5283.0,12789.0,4962.571428571428,5070.0,3542.6114594153564,5036.266666666666,5065.0,3284.2748628445606,50.0,1,1,1,0,0,0,1,0,0,11638
17,0,2014-04-15,0.9749279121818236,-0.22252093395631434,0.8660254037844387,-0.49999999999999983,0.9721181966290613,-0.23449138957040985,11638.0,5042.0,7440.0,5769.571428571428,5197.0,4154.323404885684,5392.633333333333,5133.5,3298.952242061455,50.0,1,1,1,0,0,0,1,0,0,10691
17,0,2014-04-16,0.43388373911755823,-0.900968867902419,0.8660254037844387,-0.49999999999999983,0.9679377830240642,-0.25119006388481935,10691.0,5070.0,6996.0,6454.714285714285,5267.0,4407.4898265825395,5408.533333333334,5133.5,3319.9603729805153,50.0,1,1,1,0,0,0,1,0,0,9866
17,0,2014-04-17,-0.433883739117558,-0.9009688679024191,0.8660254037844387,-0.49999999999999983,0.9634705485641488,-0.2678143051621742,9866.0,5197.0,7115.0,6952.0,8678.0,4438.203502920223,5415.866666666667,5133.5,3327.1636541668936,50.0,1,1,1,0,0,0,1,0,0,8678
17,0,2014-04-18,-0.9749279121818236,-0.2225209339563146,0.8660254037844387,-0.49999999999999983,0.9587178169872964,-0.2843591872810034,8678.0,5267.0,7470.0,6199.571428571428,8678.0,5159.359451751833,5196.7,5065.0,3461.99823851028,50.0,1,1,1,0,0,0,1,0,0,0
17,0,2014-04-19,-0.7818314824680299,0.6234898018587334,0.8660254037844387,-0.49999999999999983,0.9536809966304457,-0.30081980763566735,0.0,2524.0,2826.0,6527.857142857143,8678.0,4955.593083529339,5136.633333333333,5051.0,3451.9984065538883,50.0,0,1,1,0,0,0,1,0,0,4822
17,0,2014-04-20,-2.4492935982947064e-16,1.0,0.8660254037844387,-0.49999999999999983,0.9483615800121715,-0.3171912885891061,4822.0,0.0,0.0,6527.857142857143,8678.0,4955.593083529339,4928.533333333334,4970.0,3569.189435010213,50.0,0,1,1,0,0,0,1,0,0,0
17,0,2014-04-21,0.7818314824680298,0.6234898018587336,0.8660254037844387,-0.49999999999999983,0.9427611433904207,-0.3334687789181868,0.0,11638.0,5283.0,4865.285714285715,4822.0,4907.439410876981,4844.733333333334,4970.0,3656.2845276491344,50.0,0,1,1,0,0,0,1,0,0,0
17,0,2014-04-22,0.9749279121818236,-0.22252093395631434,0.8660254037844387,-0.49999999999999983,0.9368813462954315,-0.3496474552512284,0.0,10691.0,5042.0,4173.0,4822.0,4245.85770683224,5039.566666666667,5051.0,3543.2031649082874,50.0,0,1,1,0,0,0,1,0,0,5845
17,0,2014-04-23,0.43388373911755823,-0.900968867902419,0.8660254037844387,-0.49999999999999983,0.9307239310379795,-0.36572252349726897,5845.0,9866.0,5070.0,3466.8571428571427,4822.0,3483.9066399934645,5041.4,5051.0,3543.1255595920525,50.0,0,1,1,0,0,0,1,0,0,4923
17,0,2014-04-24,-0.433883739117558,-0.9009688679024191,0.8660254037844387,-0.49999999999999983,0.9242907221930934,-0.3816892202666588,4923.0,8678.0,5197.0,2930.8571428571427,4822.0,2762.4762097661396,5036.933333333333,4984.0,3543.1857663284686,50.0,0,1,1,0,0,0,1,0,0,4926
17,0,2014-04-25,-0.9749279121818236,-0.2225209339563146,0.8660254037844387,-0.49999999999999983,0.9175836260593937,-0.39754281428255595,4926.0,0.0,5267.0,3611.0,4822.0,2493.6248047103513,5041.333333333333,4984.0,3542.7436507194047,50.0,0,1,1,0,0,0,1,0,0,4761
17,0,2014-04-26,-0.7818314824680299,0.6234898018587334,0.8660254037844387,-0.49999999999999983,0.9106046300942163,-0.4132786077829042,4761.0,4822.0,2524.0,3257.8571428571427,4761.0,2468.4549437905257,4956.4,4984.0,3576.67860374437,50.0,0,1,1,0,0,0,1,0,0,2350
17,0,2014-04-27,-2.4492935982947064e-16,1.0,0.8660254037844387,-0.49999999999999983,0.9033558023246845,-0.4288919379124835,2350.0,0.0,0.0,3257.8571428571427,4761.0,2468.4549437905257,4793.9,4984.0,3689.469416577686,50.0,0,1,1,0,0,0,1,0,0,0
17,0,2014-04-28,0.7818314824680298,0.6234898018587336,0.8660254037844387,-0.49999999999999983,0.895839290734909,-0.4443781781046132,0.0,0.0,11638.0,4601.714285714285,4923.0,2918.7976813684695,5030.866666666667,5056.0,3751.4132117186828,50.0,1,1,1,0,0,0,1,0,0,9407
17,0,2014-04-29,0.9749279121818236,-0.22252093395631434,0.8660254037844387,-0.49999999999999983,0.8880573226294932,-0.45973273945210397,9407.0,5845.0,10691.0,5097.857142857143,4923.0,3417.8640224840005,5341.466666666666,5133.5,3705.986087151559,50.0,1,1,1,0,0,0,1,0,0,9318
17,0,2014-04-30,0.43388373911755823,-0.900968867902419,0.8660254037844387,-0.49999999999999983,0.8800122039735357,-0.47495107206704995,9318.0,4923.0,9866.0,5740.857142857143,4926.0,3783.331002726367,5229.3,5133.5,3519.010138543568,50.0,1,1,1,0,0,0,1,0,0,9424
17,0,2014-05-01,-0.433883739117558,-0.9009688679024191,0.49999999999999994,-0.8660254037844387,0.8717063187093218,-0.49002866642905923,9424.0,4926.0,8678.0,5037.142857142857,4761.0,4372.423295632585,4981.3,5056.0,3618.595661588758,50.0,1,1,1,0,0,0,1,0,0,0
17,0,2014-05-02,-0.9749279121818236,-0.2225209339563146,0.49999999999999994,-0.8660254037844387,0.8631421280499114,-0.5049610547215204,0.0,4761.0,0.0,5675.142857142857,9227.0,4642.877212410838,5055.666666666667,5056.0,3683.7660764151597,50.0,1,1,1,0,0,0,1,0,0,9227
17,0,2014-05-03,-0.7818314824680299,0.6234898018587334,0.49999999999999994,-0.8660254037844387,0.854322169749827,-0.5197438121555155,9227.0,2350.0,4822.0,5755.857142857143,9227.0,4579.921084784886,4915.666666666667,4984.0,3682.612653269823,50.0,0,1,1,0,0,0,1,0,0,2915
17,0,2014-05-04,-2.4492935982947064e-16,1.0,0.49999999999999994,-0.8660254037844387,0.8452490573530633,-0.5343725582809787,2915.0,0.0,0.0,5755.857142857143,9227.0,4579.921084784886,4666.666666666667,4924.5,3755.761425471205,50.0,0,1,1,0,0,0,1,0,0,0
17,0,2014-05-05,0.7818314824680298,0.6234898018587336,0.49999999999999994,-0.8660254037844387,0.835925479418637,-0.548842958284719,0.0,9407.0,0.0,5861.857142857143,9227.0,4685.870087421385,4910.766666666666,4984.0,3868.2926527250306,50.0,1,1,1,0,0,0,1,0,0,10149
17,0,2014-05-06,0.9749279121818236,-0.22252093395631434,0.49999999999999994,-0.8660254037844387,0.8263541987239096,-0.5631507242749186,10149.0,9318.0,5845.0,5730.285714285715,8397.0,4584.4868747507535,5190.666666666667,5056.0,3803.967197122186,50.0,1,1,1,0,0,0,1,0,0,8397
17,0,2014-05-07,0.43388373911755823,-0.900968867902419,0.49999999999999994,-0.8660254037844387,0.8165380514459161,-0.5772916165517272,8397.0,9424.0,4923.0,5499.714285714285,7810.0,4404.820530369192,5274.9,5056.0,3833.9425584350265,50.0,1,1,1,0,0,0,1,0,0,7810
17,0,2014-05-08,-0.433883739117558,-0.9009688679024191,0.49999999999999994,-0.8660254037844387,0.8064799463209448,-0.5912614448635781,7810.0,0.0,4926.0,6570.142857142857,7810.0,3699.5556683008767,5356.6,5133.5,3854.8662895546495,50.0,1,1,1,0,0,0,1,0,0,7493
17,0,2014-05-09,-0.9749279121818236,-0.2225209339563146,0.49999999999999994,-0.8660254037844387,0.7961828637826158,-0.6050560696488488,7493.0,9227.0,4761.0,6251.571428571428,7493.0,3524.5135767054385,5420.833333333333,5232.0,3865.9647685867526,50.0,1,1,1,0,0,0,1,0,0,6997
17,0,2014-05-10,-0.7818314824680299,0.6234898018587334,0.49999999999999994,-0.8660254037844387,0.7856498550787145,-0.6186714032625031,6997.0,2915.0,2350.0,6228.428571428572,7493.0,3550.509815840672,5339.366666666667,5096.5,3896.47476824119,50.0,0,1,1,0,0,0,1,0,0,2753
17,0,2014-05-11,-2.4492935982947064e-16,1.0,0.49999999999999994,-0.8660254037844387,0.7748840413670407,-0.6321034111873487,2753.0,0.0,0.0,6228.428571428572,7493.0,3550.509815840672,5163.8,4924.5,4016.65430684415,50.0,0,1,1,0,0,0,1,0,0,0
17,0,2014-05-12,0.7818314824680298,0.6234898018587336,0.49999999999999994,-0.8660254037844387,0.7638886127905428,-0.6453481132295501,0.0,10149.0,9407.0,5491.714285714285,6997.0,3109.0019681716617,5246.066666666667,4959.0,3985.87929928965,50.0,0,1,1,0,0,0,1,0,0,4992
17,0,2014-05-13,0.9749279121818236,-0.22252093395631434,0.49999999999999994,-0.8660254037844387,0.7526668275320084,-0.6584015846980488,4992.0,8397.0,9318.0,5024.571428571428,5127.0,2833.1411811593484,5416.966666666666,5059.5,3861.1528427028943,50.0,0,1,1,0,0,0,1,0,0,5127
17,0,2014-05-14,0.43388373911755823,-0.900968867902419,0.49999999999999994,-0.8660254037844387,0.741222010848596,-0.6712599575675313,5127.0,7810.0,9424.0,4612.857142857143,4992.0,2556.830292150261,5193.3,4960.0,3678.378420370623,50.0,0,1,1,0,0,0,1,0,0,4928
17,0,2014-05-15,-0.433883739117558,-0.9009688679024191,0.49999999999999994,-0.8660254037844387,0.7295575540864875,-0.6839194216246106,4928.0,7493.0,0.0,4217.714285714285,4928.0,2230.4382016609707,4994.5,4927.0,3529.1429725486705,50.0,0,1,1,0,0,0,1,0,0,4727
17,0,2014-05-16,-0.9749279121818236,-0.2225209339563146,0.49999999999999994,-0.8660254037844387,0.717676913675962,-0.6963762255968722,4727.0,6997.0,9227.0,3888.4285714285716,4727.0,1896.9555307688015,4822.033333333334,4924.5,3407.1846248502748,50.0,0,1,1,0,0,0,1,0,0,4692
17,0,2014-05-17,-0.7818314824680299,0.6234898018587334,0.49999999999999994,-0.8660254037844387,0.705583610107178,-0.7086266782644596,4692.0,2753.0,2915.0,3861.285714285714,4727.0,1917.1614185461708,4618.2,4872.5,3350.9989082001566,50.0,0,1,1,0,0,0,1,0,0,2563
17,0,2014-05-18,-2.4492935982947064e-16,1.0,0.49999999999999994,-0.8660254037844387,0.6932812268869777,-0.7206671495538609,2563.0,0.0,0.0,3861.285714285714,4727.0,1917.1614185461708,4618.2,4872.5,3350.9989082001566,50.0,0,1,1,0,0,0,1,0,0,0
17,0,2014-05-19,0.7818314824680298,0.6234898018587336,0.49999999999999994,-0.8660254037844387,0.6807734094770161,-0.7324940716135789,0.0,4992.0,10149.0,4512.428571428572,4727.0,2891.599722019111,4775.8,4924.5,3469.982613491176,50.0,1,1,1,0,0,0,1,0,0,9550
17,0,2014-05-20,0.9749279121818236,-0.22252093395631434,0.49999999999999994,-0.8660254037844387,0.6680638642135335,-0.7441039398713607,9550.0,5127.0,8397.0,4853.142857142857,4727.0,3108.4621293372466,5026.2,4927.0,3383.4287893221285,50.0,1,1,1,0,0,0,1,0,0,7512
17,0,2014-05-21,0.43388373911755823,-0.900968867902419,0.49999999999999994,-0.8660254037844387,0.6551563572090853,-0.7554933140726803,7512.0,4928.0,7810.0,5062.0,4727.0,3162.9679627421724,5239.2,4960.0,3254.7912417828297,50.0,1,1,1,0,0,0,1,0,0,6390
17,0,2014-05-22,-0.433883739117558,-0.9009688679024191,0.49999999999999994,-0.8660254037844387,0.6420547132365637,-0.766658819300159,6390.0,4727.0,7493.0,5248.857142857143,6035.0,3178.476911382322,5245.533333333334,4960.0,3256.1952382934696,50.0,1,1,1,0,0,0,1,0,0,6035
17,0,2014-05-23,-0.9749279121818236,-0.2225209339563146,0.49999999999999994,-0.8660254037844387,0.6287628145958344,-0.777597146973627,6035.0,4692.0,6997.0,5445.714285714285,6070.0,3180.9120659692244,5283.766666666666,5059.5,3259.010212375503,50.0,1,1,1,0,0,0,1,0,0,6070
17,0,2014-05-24,-0.7818314824680299,0.6234898018587334,0.49999999999999994,-0.8660254037844387,0.6152845999633276,-0.7883050558305255,6070.0,2563.0,2753.0,5452.285714285715,6070.0,3174.004133282637,5206.533333333334,5059.5,3295.0365466377107,50.0,0,1,1,0,0,0,1,0,0,2609
17,0,2014-05-25,-2.4492935982947064e-16,1.0,0.49999999999999994,-0.8660254037844387,0.6016240632249226,-0.7987793728863649,2609.0,0.0,0.0,5452.285714285715,6070.0,3174.004133282637,5047.833333333333,5059.5,3429.158075854103,50.0,0,1,1,0,0,0,1,0,0,0
17,0,2014-05-26,0.7818314824680298,0.6234898018587336,0.49999999999999994,-0.8660254037844387,0.5877852522924732,-0.8090169943749473,0.0,9550.0,4992.0,4760.571428571428,6035.0,2609.5731360475406,5126.433333333333,5059.5,3392.0112605877407,50.0,0,1,1,0,0,0,1,0,0,4708
17,0,2014-05-27,0.9749279121818236,-0.22252093395631434,0.49999999999999994,-0.8660254037844387,0.5737722679043246,-0.8190148866680801,4708.0,7512.0,5127.0,4370.142857142857,4779.0,2317.404110103342,5285.733333333334,5059.5,3252.296630799942,50.0,0,1,1,0,0,0,1,0,0,4779
17,0,2014-05-28,0.43388373911755823,-0.900968867902419,0.49999999999999994,-0.8660254037844387,0.5595892624101765,-0.8287700871745037,4779.0,6390.0,4928.0,4170.428571428572,4779.0,2169.8638096389855,5138.566666666667,4992.0,3157.8979661109743,50.0,0,1,1,0,0,0,1,0,0,4992
17,0,2014-05-29,-0.433883739117558,-0.9009688679024191,0.49999999999999994,-0.8660254037844387,0.545240438540651,-0.8382797052177743,4992.0,6035.0,4727.0,3308.285714285714,4708.0,2482.0243561983802,4827.966666666666,4960.0,3190.7209268962006,50.0,0,1,1,0,0,0,1,0,0,0
17,0,2014-05-30,-0.9749279121818236,-0.2225209339563146,0.49999999999999994,-0.8660254037844387,0.5307300481619334,-0.8475409228928311,0.0,6070.0,4692.0,3587.8571428571427,4708.0,2917.0403624548203,4781.4,4960.0,3130.9662450410137,50.0,0,1,1,0,0,0,1,0,0,8027
17,0,2014-05-31,-0.7818314824680299,0.6234898018587334,0.49999999999999994,-0.8660254037844387,0.5160623910158528,-0.8565509959010036,8027.0,2609.0,2563.0,3629.0,4708.0,2902.930128909996,4877.966666666666,4960.0,3021.1607895131915,50.0,0,1,1,0,0,0,1,0,0,2897
17,0,2014-06-01,-2.4492935982947064e-16,1.0,1.2246467991473532e-16,-1.0,0.5012418134457758,-0.865307254363206,2897.0,0.0,0.0,3629.0,4708.0,2902.930128909996,4570.4,4853.5,3032.794962202134,50.0,0,1,1,0,0,0,1,0,0,0
17,0,2014-06-02,0.7818314824680298,0.6234898018587336,1.2246467991473532e-16,-1.0,0.48627270710869,-0.8738071036110808,0.0,4708.0,9550.0,4456.285714285715,4779.0,3911.6038362069107,4823.2,4960.0,3201.444861308721,50.0,1,1,1,0,0,0,1,0,0,10499
17,0,2014-06-03,0.9749279121818236,-0.22252093395631434,1.2246467991473532e-16,-1.0,0.4711595076738638,-0.8820480249558537,10499.0,4779.0,7512.0,5073.0,4992.0,4292.713128081125,5126.4,4992.0,3159.353279522187,50.0,1,1,1,0,0,0,1,0,0,9096
17,0,2014-06-04,0.43388373911755823,-0.900968867902419,1.2246467991473532e-16,-1.0,0.4559066935084588,-0.8900275764346767,9096.0,4992.0,6390.0,5430.857142857143,7497.0,4388.186771646938,5038.0,4992.0,3049.1529519094224,50.0,1,1,1,0,0,0,1,0,0,7497
17,0,2014-06-05,-0.433883739117558,-0.9009688679024191,1.2246467991473532e-16,-1.0,0.440518784350495,-0.8977433935342337,7497.0,0.0,6035.0,6428.285714285715,7497.0,3685.215675022098,4990.833333333333,4992.0,3006.040999139194,50.0,1,1,1,0,0,0,1,0,0,6982
17,0,2014-06-06,-0.9749279121818236,-0.2225209339563146,1.2246467991473532e-16,-1.0,0.42500033996955416,-0.9051931898913974,6982.0,8027.0,6070.0,6238.571428571428,6982.0,3622.8521387226983,4953.8,4992.0,2976.813737469347,50.0,1,1,1,0,0,0,1,0,0,6699
17,0,2014-06-07,-0.7818314824680299,0.6234898018587334,1.2246467991473532e-16,-1.0,0.4093559588156213,-0.9123747579707273,6699.0,2897.0,2609.0,6262.428571428572,6982.0,3597.6419525916735,4806.166666666667,4960.0,2956.2973123234055,50.0,0,1,1,0,0,0,1,0,0,3064
17,0,2014-06-08,-2.4492935982947064e-16,1.0,1.2246467991473532e-16,-1.0,0.39359027665646673,-0.9192859697186104,3064.0,0.0,0.0,6262.428571428572,6982.0,3597.6419525916735,4572.933333333333,4853.5,3051.9562627739406,50.0,0,1,1,0,0,0,1,0,0,0
17,0,2014-06-09,0.7818314824680298,0.6234898018587336,1.2246467991473532e-16,-1.0,0.3777079652039649,-0.9259247771938498,0.0,10499.0,4708.0,4762.571428571428,6699.0,3723.364063905248,4481.166666666667,4853.5,3148.429286368743,50.0,0,1,1,0,0,0,1,0,0,0
17,0,2014-06-10,0.9749279121818236,-0.22252093395631434,1.2246467991473532e-16,-1.0,0.36171373072976765,-0.9322892131745133,0.0,9096.0,4779.0,4246.0,5480.0,3241.6255695766895,4663.833333333333,4960.0,3036.4532518342407,50.0,0,1,1,0,0,0,1,0,0,5480
17,0,2014-06-11,0.43388373911755823,-0.900968867902419,1.2246467991473532e-16,-1.0,0.3456123126707335,-0.9383773917408641,5480.0,7497.0,4992.0,3911.285714285714,5154.0,2958.6045536303054,4669.233333333334,4960.0,3037.2009423756995,50.0,0,1,1,0,0,0,1,0,0,5154
17,0,2014-06-12,-0.433883739117558,-0.9009688679024191,1.2246467991473532e-16,-1.0,0.3294084822245304,-0.9441875088341993,5154.0,6982.0,0.0,3732.714285714286,5154.0,2774.3631530068274,4689.4,4960.0,3042.349473226473,50.0,0,1,1,0,0,0,1,0,0,5732
17,0,2014-06-13,-0.9749279121818236,-0.2225209339563146,1.2246467991473532e-16,-1.0,0.3131070409358269,-0.9497178427914316,5732.0,6699.0,8027.0,3589.8571428571427,5154.0,2617.4770567967207,4715.1,5073.0,3047.686328212343,50.0,0,1,1,0,0,0,1,0,0,5699
17,0,2014-06-14,-0.7818314824680299,0.6234898018587334,1.2246467991473532e-16,-1.0,0.29671281927349075,-0.9549667548552551,5699.0,3064.0,2897.0,3534.4285714285716,5154.0,2634.521452885584,4646.733333333334,5073.0,3070.3303981856757,50.0,0,1,1,0,0,0,1,0,0,2676
17,0,2014-06-15,-2.4492935982947064e-16,1.0,1.2246467991473532e-16,-1.0,0.28023067519921585,-0.9599326896597447,2676.0,0.0,0.0,3534.4285714285716,5154.0,2634.521452885584,4490.333333333333,5073.0,3185.2958865790624,50.0,0,1,1,0,0,0,1,0,0,0
17,0,2014-06-16,0.7818314824680298,0.6234898018587336,1.2246467991473532e-16,-1.0,0.26366549272800704,-0.9646141756912435,0.0,0.0,10499.0,5098.714285714285,5480.0,3342.000534325004,4769.9,5317.0,3372.838468483597,50.0,1,1,1,0,0,0,1,0,0,10950
17,0,2014-06-17,0.9749279121818236,-0.22252093395631434,1.2246467991473532e-16,-1.0,0.24702218048093552,-0.9690098257244062,10950.0,5480.0,9096.0,5558.285714285715,5699.0,3613.3466811385906,5059.8,5589.5,3322.099714088191,50.0,1,1,1,0,0,0,1,0,0,8697
17,0,2014-06-18,0.43388373911755823,-0.900968867902419,1.2246467991473532e-16,-1.0,0.23030567023061221,-0.9731183372332619,8697.0,5154.0,7497.0,5861.857142857143,5732.0,3662.648560289466,4984.1,5589.5,3241.1422353323505,50.0,1,1,1,0,0,0,1,0,0,7279
17,0,2014-06-19,-0.433883739117558,-0.9009688679024191,1.2246467991473532e-16,-1.0,0.21352091543979612,-0.9769384927771817,7279.0,5732.0,6982.0,6122.428571428572,7279.0,3716.358919567327,4985.566666666667,5589.5,3242.3353299672813,50.0,1,1,1,0,0,0,1,0,0,7556
17,0,2014-06-20,-0.9749279121818236,-0.2225209339563146,1.2246467991473532e-16,-1.0,0.19667288979357647,-0.980469160361632,7556.0,5699.0,6699.0,6239.142857142857,7279.0,3713.672774517228,4989.766666666666,5589.5,3244.298326808641,50.0,1,1,1,0,0,0,1,0,0,6516
17,0,2014-06-21,-0.7818314824680299,0.6234898018587334,1.2246467991473532e-16,-1.0,0.1797665857255624,-0.9837092937736097,6516.0,2676.0,3064.0,6172.857142857143,7279.0,3791.203169996365,4862.333333333333,5317.0,3276.7465712126777,50.0,0,1,1,0,0,0,1,0,0,2212
17,0,2014-06-22,-2.4492935982947064e-16,1.0,1.2246467991473532e-16,-1.0,0.16280701293851715,-0.986657932891657,2212.0,0.0,0.0,6172.857142857143,7279.0,3791.203169996365,4660.0,5073.0,3385.2144942992627,50.0,0,1,1,0,0,0,1,0,0,0
17,0,2014-06-23,0.7818314824680298,0.6234898018587336,1.2246467991473532e-16,-1.0,0.1457991969198751,-0.9893142039703663,0.0,10950.0,0.0,5358.714285714285,6516.0,3152.46610948137,4748.066666666667,5202.5,3364.319093207355,50.0,0,1,1,0,0,0,1,0,0,5251
17,0,2014-06-24,0.9749279121818236,-0.22252093395631434,1.2246467991473532e-16,-1.0,0.12874817745258132,-0.99167731989929,5251.0,8697.0,5480.0,4776.857142857143,5251.0,2788.4883855218986,4902.2,5202.5,3243.0253478652567,50.0,0,1,1,0,0,0,1,0,0,4624
17,0,2014-06-25,0.43388373911755823,-0.900968867902419,1.2246467991473532e-16,-1.0,0.11165900712169512,-0.993746580436178,4624.0,7279.0,5154.0,4455.0,5026.0,2573.2668601086425,4912.8,5202.5,3242.888403877015,50.0,0,1,1,0,0,0,1,0,0,5026
17,0,2014-06-26,-0.433883739117558,-0.9009688679024191,1.2246467991473532e-16,-1.0,0.09453674981719912,-0.9955213724144752,5026.0,7556.0,5732.0,4059.8571428571427,4790.0,2203.5302303781864,4913.166666666667,5202.5,3242.8733755552457,50.0,0,1,1,0,0,0,1,0,0,4790
17,0,2014-06-27,-0.9749279121818236,-0.2225209339563146,1.2246467991473532e-16,-1.0,0.07738647923346301,-0.9970011699250151,4790.0,6516.0,5699.0,3870.714285714286,4790.0,2005.4906892733204,4919.833333333333,5221.5,3243.2465862990202,50.0,0,1,1,0,0,0,1,0,0,5192
17,0,2014-06-28,-0.7818314824680299,0.6234898018587334,1.2246467991473532e-16,-1.0,0.06021327736579302,-0.9981855344718586,5192.0,2212.0,2676.0,3927.0,4790.0,1956.099435100392,5006.7,5221.5,3140.1926928575385,50.0,0,1,1,0,0,0,1,0,0,2606
17,0,2014-06-29,-2.4492935982947064e-16,1.0,1.2246467991473532e-16,-1.0,0.04302223300453059,-0.99907411510223,2606.0,0.0,0.0,3927.0,4790.0,1956.099435100392,4739.133333333333,5173.0,3215.0538659437043,50.0,0,1,1,0,0,0,1,0,0,0
17,0,2014-06-30,0.7818314824680298,0.6234898018587336,1.2246467991473532e-16,-1.0,0.02581844022713308,-0.9996666485105112,0.0,5251.0,10950.0,5180.285714285715,4790.0,4323.565415806952,5110.033333333334,5221.5,3612.472927791017,50.0,1,1,1,0,0,0,1,0,0,14024
17,0,2014-07-01,0.9749279121818236,-0.22252093395631434,-0.4999999999999998,-0.8660254037844388,0.008606996888688698,-0.9999629591162655,14024.0,4624.0,8697.0,5626.714285714285,5026.0,4416.881581473735,5368.333333333333,5365.5,3510.079067125308,50.0,1,1,1,0,0,0,1,0,0,7749
17,0,2014-07-02,0.43388373911755823,-0.900968867902419,-0.4999999999999998,-0.8660254037844388,-0.008606996888688009,-0.9999629591162655,7749.0,5026.0,7279.0,5973.0,5192.0,4456.777124036308,5266.7,5365.5,3398.7762112976443,50.0,1,1,1,0,0,0,1,0,0,7450
17,0,2014-07-03,-0.433883739117558,-0.9009688679024191,-0.4999999999999998,-0.8660254037844388,-0.02581844022713239,-0.9996666485105112,7450.0,4790.0,7556.0,6382.857142857143,7450.0,4461.770964858813,5218.8,5365.5,3352.7623238159917,50.0,1,1,1,0,0,0,1,0,0,7659
17,0,2014-07-04,-0.9749279121818236,-0.2225209339563146,-0.4999999999999998,-0.8660254037844388,-0.04302223300453034,-0.99907411510223,7659.0,5192.0,6516.0,6490.571428571428,7450.0,4437.264317014215,5167.1,5365.5,3328.2898098904643,50.0,1,1,1,0,0,0,1,0,0,5946
17,0,2014-07-05,-0.7818314824680299,0.6234898018587334,-0.4999999999999998,-0.8660254037844388,-0.060213277365792774,-0.9981855344718586,5946.0,2606.0,2212.0,6512.714285714285,7450.0,4414.979490865378,5026.4,5221.5,3338.1258380032414,50.0,0,1,1,0,0,0,1,0,0,2761
17,0,2014-07-06,-2.4492935982947064e-16,1.0,-0.4999999999999998,-0.8660254037844388,-0.07738647923346322,-0.9970011699250151,2761.0,0.0,0.0,6512.714285714285,7450.0,4414.979490865378,4803.1,5173.0,3444.739411094088,50.0,0,1,1,0,0,0,1,0,0,0
17,0,2014-07-07,0.7818314824680298,0.6234898018587336,-0.4999999999999998,-0.8660254037844388,-0.09453674981719933,-0.9955213724144752,0.0,14024.0,5251.0,5302.142857142857,5946.0,2921.223683582591,4885.966666666666,5221.5,3431.3365394735697,50.0,0,1,1,0,0,0,1,0,0,5550
17,0,2014-07-08,0.9749279121818236,-0.22252093395631434,-0.4999999999999998,-0.8660254037844388,-0.11165900712169444,-0.9937465804361781,5550.0,7749.0,4624.0,4924.285714285715,5550.0,2715.8180298813495,5056.1,5221.5,3304.9312721739193,50.0,0,1,1,0,0,0,1,0,0,5104
17,0,2014-07-09,0.43388373911755823,-0.900968867902419,-0.4999999999999998,-0.8660254037844388,-0.12874817745258066,-0.99167731989929,5104.0,7450.0,5026.0,4517.428571428572,5104.0,2477.226665523566,5209.5,5221.5,3166.0410582869317,50.0,0,1,1,0,0,0,1,0,0,4602
17,0,2014-07-10,-0.433883739117558,-0.9009688679024191,-0.4999999999999998,-0.8660254037844388,-0.14579919691987442,-0.9893142039703664,4602.0,7659.0,4790.0,4256.714285714285,5104.0,2168.2557286358006,5221.3,5221.5,3167.743220937126,50.0,0,1,1,0,0,0,1,0,0,5834
17,0,2014-07-11,-0.9749279121818236,-0.2225209339563146,-0.4999999999999998,-0.8660254037844388,-0.16280701293851646,-0.9866579328916572,5834.0,5946.0,5192.0,4183.571428571428,5104.0,2109.615435503435,5230.633333333333,5342.5,3167.9505774111367,50.0,0,1,1,0,0,0,1,0,0,5434
17,0,2014-07-12,-0.7818314824680299,0.6234898018587334,-0.4999999999999998,-0.8660254037844388,-0.17976658572556214,-0.9837092937736098,5434.0,2761.0,2606.0,4192.285714285715,5104.0,2102.874993454271,5133.633333333333,5221.5,3196.4921018940877,50.0,0,1,1,0,0,0,1,0,0,2822
17,0,2014-07-13,-2.4492935982947064e-16,1.0,-0.4999999999999998,-0.8660254037844388,-0.19667288979357622,-0.9804691603616321,2822.0,0.0,0.0,4192.285714285715,5104.0,2102.874993454271,4943.666666666667,5148.0,3328.358934280124,50.0,0,1,1,0,0,0,1,0,0,0
17,0,2014-07-14,0.7818314824680298,0.6234898018587336,-0.4999999999999998,-0.8660254037844388,-0.2135209154397959,-0.9769384927771817,0.0,5550.0,14024.0,4718.857142857143,5104.0,2833.937862678689,5162.333333333333,5221.5,3389.174361193996,50.0,1,1,1,0,0,0,1,0,0,9236
17,0,2014-07-15,0.9749279121818236,-0.22252093395631434,-0.4999999999999998,-0.8660254037844388,-0.23030567023061196,-0.973118337233262,9236.0,5104.0,7749.0,5274.428571428572,5434.0,3269.7239362135224,5462.1,5342.5,3313.6972927948436,50.0,1,1,1,0,0,0,1,0,0,8993
17,0,2014-07-16,0.43388373911755823,-0.900968867902419,-0.4999999999999998,-0.8660254037844388,-0.24702218048093527,-0.9690098257244063,8993.0,4602.0,7450.0,5760.0,5834.0,3402.8944052575816,5363.8,5342.5,3186.5892629949185,50.0,1,1,1,0,0,0,1,0,0,8001
17,0,2014-07-17,-0.433883739117558,-0.9009688679024191,-0.4999999999999998,-0.8660254037844388,-0.2636654927280072,-0.9646141756912435,8001.0,5834.0,7659.0,5991.0,7451.0,3463.1060239809785,5322.266666666666,5342.5,3149.551768145731,50.0,1,1,1,0,0,0,1,0,0,7451
17,0,2014-07-18,-0.9749279121818236,-0.2225209339563146,-0.4999999999999998,-0.8660254037844388,-0.2802306751992161,-0.9599326896597445,7451.0,5434.0,5946.0,6115.142857142857,7451.0,3455.3782922940795,5289.733333333334,5342.5,3133.643323379503,50.0,1,1,1,0,0,0,1,0,0,6303
17,0,2014-07-19,-0.7818314824680299,0.6234898018587334,-0.4999999999999998,-0.8660254037844388,-0.2967128192734901,-0.9549667548552553,6303.0,2822.0,2761.0,6086.857142857143,7451.0,3487.4900921518256,5125.333333333333,5221.5,3140.015608717339,50.0,0,1,1,0,0,0,1,0,0,2624
17,0,2014-07-20,-2.4492935982947064e-16,1.0,-0.4999999999999998,-0.8660254037844388,-0.3131070409358267,-0.9497178427914317,2624.0,0.0,0.0,6086.857142857143,7451.0,3487.4900921518256,4908.133333333333,5148.0,3263.4393506548145,50.0,0,1,1,0,0,0,1,0,0,0
17,0,2014-07-21,0.7818314824680298,0.6234898018587336,-0.4999999999999998,-0.8660254037844388,-0.3294084822245302,-0.9441875088341994,0.0,9236.0,5550.0,5601.857142857143,6303.0,3200.840849348365,5029.1,5221.5,3227.111298744246,50.0,0,1,1,0,0,0,1,0,0,5841
17,0,2014-07-22,0.9749279121818236,-0.22252093395631434,-0.4999999999999998,-0.8660254037844388,-0.3456123126707333,-0.9383773917408642,5841.0,8993.0,5104.0,5090.285714285715,5841.0,2833.6240467103735,5209.5,5331.5,3084.3968476499767,50.0,0,1,1,0,0,0,1,0,0,5412
17,0,2014-07-23,0.43388373911755823,-0.900968867902419,-0.4999999999999998,-0.8660254037844388,-0.3617137307297674,-0.9322892131745134,5412.0,8001.0,4602.0,4692.285714285715,5412.0,2536.7636675027397,5208.3,5313.5,3084.387148091231,50.0,0,1,1,0,0,0,1,0,0,5215
17,0,2014-07-24,-0.433883739117558,-0.9009688679024191,-0.4999999999999998,-0.8660254037844388,-0.37770796520396466,-0.9259247771938499,5215.0,7451.0,5834.0,4332.714285714285,5215.0,2241.796133630791,5218.633333333333,5313.5,3082.8810359157887,50.0,0,1,1,0,0,0,1,0,0,4934
17,0,2014-07-25,-0.9749279121818236,-0.2225209339563146,-0.4999999999999998,-0.8660254037844388,-0.39359027665646645,-0.9192859697186105,4934.0,6303.0,5434.0,4120.428571428572,4934.0,2089.296122074214,5211.666666666667,5313.5,3083.567429448241,50.0,0,1,1,0,0,0,1,0,0,4817
17,0,2014-07-26,-0.7818314824680299,0.6234898018587334,-0.4999999999999998,-0.8660254037844388,-0.4093559588156211,-0.9123747579707274,4817.0,2624.0,2822.0,4050.285714285714,4934.0,2155.113431994235,5123.1,5313.5,3133.8437272615497,50.0,0,1,1,0,0,0,1,0,0,2133
17,0,2014-07-27,-2.4492935982947064e-16,1.0,-0.4999999999999998,-0.8660254037844388,-0.42500033996955394,-0.9051931898913975,2133.0,0.0,0.0,4050.285714285714,4934.0,2155.113431994235,4950.033333333334,5313.5,3270.3008559619957,50.0,0,1,1,0,0,0,1,0,0,0
17,0,2014-07-28,0.7818314824680298,0.6234898018587336,-0.4999999999999998,-0.8660254037844388,-0.4405187843504952,-0.8977433935342336,0.0,5841.0,9236.0,4530.0,4934.0,2873.9868939622393,5169.8,5423.0,3328.3601989257586,50.0,1,1,1,0,0,0,1,0,0,9199
17,0,2014-07-29,0.9749279121818236,-0.22252093395631434,-0.4999999999999998,-0.8660254037844388,-0.455906693508459,-0.8900275764346766,9199.0,5412.0,8993.0,4820.571428571428,4934.0,3073.8931263758986,5418.0,5492.0,3204.8864846216243,50.0,1,1,1,0,0,0,1,0,0,7446
17,0,2014-07-30,0.43388373911755823,-0.900968867902419,-0.4999999999999998,-0.8660254037844388,-0.47115950767386394,-0.8820480249558535,7446.0,5215.0,8001.0,5041.857142857143,4934.0,3161.5260781554816,5176.0,5492.0,2778.359625191916,50.0,1,1,1,0,0,0,1,0,0,6764
17,0,2014-07-31,-0.433883739117558,-0.9009688679024191,-0.4999999999999998,-0.8660254037844388,-0.4862727071086902,-0.8738071036110807,6764.0,4934.0,7451.0,5638.714285714285,6764.0,3512.6496036603567,5221.433333333333,5492.0,2832.5023989804313,50.0,1,1,1,0,0,0,1,0,0,9112
17,0,2014-08-01,-0.9749279121818236,-0.2225209339563146,-0.8660254037844384,-0.5000000000000004,-0.5012418134457756,-0.8653072543632061,9112.0,4817.0,6303.0,6087.428571428572,7446.0,3589.9559819559013,5238.366666666667,5492.0,2847.7620430827787,50.0,1,1,1,0,0,0,1,0,0,7958
17,0,2014-08-02,-0.7818314824680299,0.6234898018587334,-0.8660254037844384,-0.5000000000000004,-0.5160623910158526,-0.8565509959010037,7958.0,2133.0,2624.0,6152.571428571428,7446.0,3509.4751676541264,5069.366666666667,5423.0,2849.595004295481,50.0,0,1,1,0,0,0,1,0,0,2589
17,0,2014-08-03,-2.4492935982947064e-16,1.0,-0.8660254037844384,-0.5000000000000004,-0.5307300481619331,-0.8475409228928312,2589.0,0.0,0.0,6152.571428571428,7446.0,3509.4751676541264,4871.166666666667,5313.5,2989.8509602265854,50.0,0,1,1,0,0,0,1,0,0,0
17,0,2014-08-04,0.7818314824680298,0.6234898018587336,-0.8660254037844384,-0.5000000000000004,-0.5452404385406507,-0.8382797052177745,0.0,9199.0,5841.0,6245.714285714285,7446.0,3610.98817104523,5107.5,5423.0,3095.6442563816954,50.0,1,1,1,0,0,0,1,0,0,9851
17,0,2014-08-05,0.9749279121818236,-0.22252093395631434,-0.8660254037844384,-0.5000000000000004,-0.5595892624101763,-0.828770087174504,9851.0,7446.0,5412.0,6487.571428571428,7958.0,3758.465238948067,5412.133333333333,5492.0,3024.5534265218507,50.0,1,1,1,0,0,0,1,0,0,9139
17,0,2014-08-06,0.43388373911755823,-0.900968867902419,-0.8660254037844384,-0.5000000000000004,-0.5737722679043243,-0.8190148866680802,9139.0,6764.0,5215.0,6484.428571428572,7958.0,3758.204751258365,5451.866666666667,5634.0,3034.241116658826,50.0,1,1,1,0,0,0,1,0,0,6742
17,0,2014-08-07,-0.433883739117558,-0.9009688679024191,-0.8660254037844384,-0.5000000000000004,-0.5877852522924734,-0.8090169943749472,6742.0,9112.0,4934.0,6163.571428571428,6866.0,3588.53353786487,5510.6,5837.5,3044.311989539702,50.0,1,1,1,0,0,0,1,0,0,6866
17,0,2014-08-08,-0.9749279121818236,-0.2225209339563146,-0.8660254037844384,-0.5000000000000004,-0.6016240632249227,-0.7987793728863648,6866.0,7958.0,4817.0,5880.285714285715,6742.0,3500.458718238976,5556.366666666667,5908.0,3040.499646817749,50.0,1,1,1,0,0,0,1,0,0,5975
17,0,2014-08-09,-0.7818314824680299,0.6234898018587334,-0.8660254037844384,-0.5000000000000004,-0.6152845999633277,-0.7883050558305253,5975.0,2589.0,2133.0,5845.285714285715,6742.0,3539.8551624930346,5440.033333333334,5908.0,3095.7742108183256,50.0,0,1,1,0,0,0,1,0,0,2344
17,0,2014-08-10,-2.4492935982947064e-16,1.0,-0.8660254037844384,-0.5000000000000004,-0.6287628145958345,-0.7775971469736268,2344.0,0.0,0.0,5845.285714285715,6742.0,3539.8551624930346,5258.9,5908.0,3251.2086277843387,50.0,0,1,1,0,0,0,1,0,0,0
17,0,2014-08-11,0.7818314824680298,0.6234898018587336,-0.8660254037844384,-0.5000000000000004,-0.6420547132365636,-0.7666588193001592,0.0,9851.0,9199.0,5193.285714285715,5975.0,3067.9432694823317,5341.066666666667,5908.0,3218.481843154106,50.0,0,1,1,0,0,0,1,0,0,5287
17,0,2014-08-12,0.9749279121818236,-0.22252093395631434,-0.8660254037844384,-0.5000000000000004,-0.655156357209085,-0.7554933140726804,5287.0,9139.0,7446.0,4664.857142857143,5440.0,2549.8759727074025,5522.4,5908.0,3056.347139066956,50.0,0,1,1,0,0,0,1,0,0,5440
17,0,2014-08-13,0.43388373911755823,-0.900968867902419,-0.8660254037844384,-0.5000000000000004,-0.6680638642135333,-0.7441039398713608,5440.0,6742.0,6764.0,4408.0,5287.0,2391.400356834196,5379.333333333333,5640.5,2975.915719205788,50.0,0,1,1,0,0,0,1,0,0,4944
17,0,2014-08-14,-0.433883739117558,-0.9009688679024191,-0.8660254037844384,-0.5000000000000004,-0.6807734094770159,-0.7324940716135792,4944.0,6866.0,9112.0,4206.142857142857,5287.0,2201.431763540235,5261.333333333333,5446.5,2896.8191632146845,50.0,0,1,1,0,0,0,1,0,0,5453
17,0,2014-08-15,-0.9749279121818236,-0.2225209339563146,-0.8660254037844384,-0.5000000000000004,-0.6932812268869771,-0.7206671495538615,5453.0,5975.0,7958.0,4067.5714285714284,5005.0,2099.7108417702857,5161.466666666666,5426.0,2850.3841814059397,50.0,0,1,1,0,0,0,1,0,0,5005
17,0,2014-08-16,-0.7818314824680299,0.6234898018587334,-0.8660254037844384,-0.5000000000000004,-0.7055836101071774,-0.7086266782644601,5005.0,2344.0,2589.0,4103.0,5005.0,2067.6290769865036,4999.5,5349.5,2853.849242689602,50.0,0,1,1,0,0,0,1,0,0,2592
17,0,2014-08-17,-2.4492935982947064e-16,1.0,-0.8660254037844384,-0.5000000000000004,-0.7176769136759615,-0.6963762255968726,2592.0,0.0,0.0,4103.0,5005.0,2067.6290769865036,4789.4,5251.0,2983.6383551769095,50.0,0,1,1,0,0,0,1,0,0,0
17,0,2014-08-18,0.7818314824680298,0.6234898018587336,-0.8660254037844384,-0.5000000000000004,-0.7295575540864876,-0.6839194216246105,0.0,5287.0,9851.0,4783.142857142857,5005.0,3064.6791255949106,5036.866666666667,5349.5,3103.3216990534684,50.0,1,1,1,0,0,0,1,0,0,10048
17,0,2014-08-19,0.9749279121818236,-0.22252093395631434,-0.8660254037844384,-0.5000000000000004,-0.7412220108485957,-0.6712599575675315,10048.0,5440.0,9139.0,5247.0,5005.0,3407.2482543346764,5326.433333333333,5426.0,3021.335302915532,50.0,1,1,1,0,0,0,1,0,0,8687
17,0,2014-08-20,0.43388373911755823,-0.900968867902419,-0.8660254037844384,-0.5000000000000004,-0.7526668275320083,-0.6584015846980489,8687.0,4944.0,6742.0,5533.142857142857,5453.0,3461.239923715754,5363.3,5426.0,3034.5494825540372,50.0,1,1,1,0,0,0,1,0,0,6947
17,0,2014-08-21,-0.433883739117558,-0.9009688679024191,-0.8660254037844384,-0.5000000000000004,-0.7638886127905429,-0.64534811322955,6947.0,5453.0,6866.0,5717.0,6740.0,3490.3330309107596,5407.566666666667,5446.5,3044.9526997439834,50.0,1,1,1,0,0,0,1,0,0,6740
17,0,2014-08-22,-0.9749279121818236,-0.2225209339563146,-0.8660254037844384,-0.5000000000000004,-0.7748840413670406,-0.6321034111873488,6740.0,5005.0,5975.0,5914.714285714285,6740.0,3482.4692252426184,5446.7,5714.0,3049.932493882674,50.0,1,1,1,0,0,0,1,0,0,6389
17,0,2014-08-23,-0.7818314824680299,0.6234898018587334,-0.8660254037844384,-0.5000000000000004,-0.7856498550787144,-0.6186714032625032,6389.0,2592.0,2344.0,5889.857142857143,6740.0,3510.645877355119,5362.833333333333,5714.0,3098.718935339231,50.0,0,1,1,0,0,0,1,0,0,2418
17,0,2014-08-24,-2.4492935982947064e-16,1.0,-0.8660254037844384,-0.5000000000000004,-0.7961828637826154,-0.6050560696488494,2418.0,0.0,0.0,5889.857142857143,6740.0,3510.645877355119,5202.266666666666,5714.0,3249.12884805518,50.0,0,1,1,0,0,0,1,0,0,0
17,0,2014-08-25,0.7818314824680298,0.6234898018587336,-0.8660254037844384,-0.5000000000000004,-0.8064799463209447,-0.5912614448635782,0.0,10048.0,5287.0,5186.0,6389.0,2993.9074802004207,5301.866666666667,5714.0,3197.18039284114,50.0,0,1,1,0,0,0,1,0,0,5121
17,0,2014-08-26,0.9749279121818236,-0.22252093395631434,-0.8660254037844384,-0.5000000000000004,-0.8165380514459157,-0.5772916165517278,5121.0,8687.0,5440.0,4615.0,5121.0,2565.398604505749,5458.2,5714.0,3039.7839011214683,50.0,0,1,1,0,0,0,1,0,0,4690
17,0,2014-08-27,0.43388373911755823,-0.900968867902419,-0.8660254037844384,-0.5000000000000004,-0.8263541987239095,-0.5631507242749187,4690.0,6947.0,4944.0,4430.428571428572,5121.0,2411.518529691959,5340.066666666667,5554.0,2957.1350293162477,50.0,0,1,1,0,0,0,1,0,0,5655
17,0,2014-08-28,-0.433883739117558,-0.9009688679024191,-0.8660254037844384,-0.5000000000000004,-0.8359254794186365,-0.5488429582847199,5655.0,6740.0,5453.0,4190.142857142857,5058.0,2219.1625619117067,5260.466666666666,5446.5,2930.5130859845085,50.0,0,1,1,0,0,0,1,0,0,5058
17,0,2014-08-29,-0.9749279121818236,-0.2225209339563146,-0.8660254037844384,-0.5000000000000004,-0.8452490573530634,-0.5343725582809785,5058.0,6389.0,5005.0,4148.571428571428,5058.0,2173.35929359314,5238.266666666666,5446.5,2921.238317177689,50.0,0,1,1,0,0,0,1,0,0,6098
17,0,2014-08-30,-0.7818314824680299,0.6234898018587334,-0.8660254037844384,-0.5000000000000004,-0.8543221697498269,-0.5197438121555157,6098.0,2418.0,2592.0,4217.142857142857,5058.0,2116.486115284135,5031.133333333333,5363.5,2856.6877218607387,50.0,0,1,1,0,0,0,1,0,0,2898
17,0,2014-08-31,-2.4492935982947064e-16,1.0,-0.8660254037844384,-0.5000000000000004,-0.8631421280499115,-0.5049610547215202,2898.0,0.0,0.0,4217.142857142857,5058.0,2116.486115284135,4765.866666666667,5204.0,2943.690151110871,50.0,0,1,1,0,0,0,1,0,0,0
17,0,2014-09-01,0.7818314824680298,0.6234898018587336,-1.0,-1.8369701987210297e-16,-0.8717063187093218,-0.4900286664290594,0.0,5121.0,10048.0,4665.714285714285,5058.0,2614.2044496867397,4954.933333333333,5363.5,2980.967569527506,50.0,1,1,1,0,0,0,1,0,0,8261
17,0,2014-09-02,0.9749279121818236,-0.22252093395631434,-1.0,-1.8369701987210297e-16,-0.8800122039735356,-0.4749510720670502,8261.0,4690.0,8687.0,5123.428571428572,5655.0,2885.5707614001867,5218.066666666667,5446.5,2875.031849098953,50.0,1,1,1,0,0,0,1,0,0,7894
17,0,2014-09-03,0.43388373911755823,-0.900968867902419,-1.0,-1.8369701987210297e-16,-0.888057322629493,-0.4597327394521046,7894.0,5655.0,6947.0,5450.857142857143,6098.0,3079.4651282634304,5154.6,5446.5,2788.959769000525,50.0,1,1,1,0,0,0,1,0,0,7947
17,0,2014-09-04,-0.433883739117558,-0.9009688679024191,-1.0,-1.8369701987210297e-16,-0.8958392907349089,-0.44437817810461344,7947.0,5058.0,6740.0,5727.857142857143,6997.0,3125.106687702651,5083.2,5446.5,2709.7312298327756,50.0,1,1,1,0,0,0,1,0,0,6997
17,0,2014-09-05,-0.9749279121818236,-0.2225209339563146,-1.0,-1.8369701987210297e-16,-0.9033558023246842,-0.4288919379124841,6997.0,6098.0,6389.0,5872.714285714285,7112.0,3168.325304967162,5095.533333333334,5446.5,2718.369855495087,50.0,1,1,1,0,0,0,1,0,0,7112
17,0,2014-09-06,-0.7818314824680299,0.6234898018587334,-1.0,-1.8369701987210297e-16,-0.9106046300942162,-0.41327860778290443,7112.0,2898.0,2418.0,5812.857142857143,7112.0,3237.1026875160806,4949.3,5363.5,2737.7732853669563,50.0,0,1,1,0,0,0,1,0,0,2479
17,0,2014-09-07,-2.4492935982947064e-16,1.0,-1.0,-1.8369701987210297e-16,-0.9175836260593934,-0.3975428142825566,2479.0,0.0,0.0,5812.857142857143,7112.0,3237.1026875160806,4750.133333333333,5204.0,2874.5024365046693,50.0,0,1,1,0,0,0,1,0,0,0
17,0,2014-09-08,0.7818314824680298,0.6234898018587336,-1.0,-1.8369701987210297e-16,-0.9242907221930934,-0.3816892202666586,0.0,8261.0,5121.0,5385.857142857143,6997.0,3052.2074759410616,4847.733333333334,5279.5,2839.4830628774366,50.0,0,1,1,0,0,0,1,0,0,5272
17,0,2014-09-09,0.9749279121818236,-0.22252093395631434,-1.0,-1.8369701987210297e-16,-0.9307239310379793,-0.3657225234972692,5272.0,7894.0,4690.0,5061.428571428572,5623.0,2855.5356098370853,5035.166666666667,5363.5,2690.108574700689,50.0,0,1,1,0,0,0,1,0,0,5623
17,0,2014-09-10,0.43388373911755823,-0.900968867902419,-1.0,-1.8369701987210297e-16,-0.9368813462954315,-0.34964745525122826,5623.0,7947.0,5655.0,4682.714285714285,5296.0,2570.6364785324954,5035.466666666666,5368.0,2690.1381291716234,50.0,0,1,1,0,0,0,1,0,0,5296
17,0,2014-09-11,-0.433883739117558,-0.9009688679024191,-1.0,-1.8369701987210297e-16,-0.9427611433904206,-0.33346877891818705,5296.0,6997.0,5058.0,4405.714285714285,5272.0,2376.862407621012,5022.733333333334,5284.0,2689.061160783963,50.0,0,1,1,0,0,0,1,0,0,5058
17,0,2014-09-12,-0.9749279121818236,-0.2225209339563146,-1.0,-1.8369701987210297e-16,-0.9483615800121716,-0.31719128858910595,5058.0,7112.0,6098.0,4075.714285714286,5058.0,2080.368934771417,5018.0,5284.0,2689.3294895658078,50.0,0,1,1,0,0,0,1,0,0,4802
17,0,2014-09-13,-0.7818314824680299,0.6234898018587334,-1.0,-1.8369701987210297e-16,-0.9536809966304455,-0.300819807635668,4802.0,2479.0,2898.0,4103.857142857143,5058.0,2056.3628431911525,4925.433333333333,5196.5,2721.440930239277,50.0,0,1,1,0,0,0,1,0,0,2676
17,0,2014-09-14,-2.4492935982947064e-16,1.0,-1.0,-1.8369701987210297e-16,-0.9587178169872964,-0.2843591872810036,2676.0,0.0,0.0,4103.857142857143,5058.0,2056.3628431911525,4758.6,5196.5,2865.968832999437,50.0,0,1,1,0,0,0,1,0,0,0
17,0,2014-09-15,0.7818314824680298,0.6234898018587336,-1.0,-1.8369701987210297e-16,-0.9634705485641486,-0.26781430516217486,0.0,5272.0,8261.0,4885.428571428572,5058.0,3261.1207611874265,5030.3,5284.0,3034.876605456116,50.0,1,1,1,0,0,0,1,0,0,10743
17,0,2014-09-16,0.9749279121818236,-0.22252093395631434,-1.0,-1.8369701987210297e-16,-0.9679377830240642,-0.25119006388481957,10743.0,5623.0,7894.0,5369.285714285715,5058.0,3620.2832630557978,5330.633333333333,5459.5,2964.9207407366866,50.0,1,1,1,0,0,0,1,0,0,9010
17,0,2014-09-17,0.43388373911755823,-0.900968867902419,-1.0,-1.8369701987210297e-16,-0.9721181966290612,-0.23449138957041052,9010.0,5296.0,7947.0,5625.857142857143,5058.0,3677.4147816353952,5232.1,5459.5,2849.6188172189422,50.0,1,1,1,0,0,0,1,0,0,7092
17,0,2014-09-18,-0.433883739117558,-0.9009688679024191,-1.0,-1.8369701987210297e-16,-0.9760105506323682,-0.21772323039653224,7092.0,5058.0,6997.0,5846.428571428572,6602.0,3683.9767397538817,5162.6,5459.5,2787.1928728282937,50.0,1,1,1,0,0,0,1,0,0,6602
17,0,2014-09-19,-0.9749279121818236,-0.2225209339563146,-1.0,-1.8369701987210297e-16,-0.9796136916454901,-0.20089055513063528,6602.0,4802.0,7112.0,6120.142857142857,6718.0,3664.5708447498314,5154.966666666666,5459.5,2782.446932087846,50.0,1,1,1,0,0,0,1,0,0,6718
17,0,2014-09-20,-0.7818314824680299,0.6234898018587334,-1.0,-1.8369701987210297e-16,-0.9829265519799822,-0.18399835165767986,6718.0,2676.0,2479.0,6073.142857142857,6718.0,3717.8286865934474,5008.533333333334,5284.0,2811.597787653889,50.0,0,1,1,0,0,0,1,0,0,2347
17,0,2014-09-21,-2.4492935982947064e-16,1.0,-1.0,-1.8369701987210297e-16,-0.9859481499638303,-0.1670516255021195,2347.0,0.0,0.0,6073.142857142857,6718.0,3717.8286865934474,4795.566666666667,5196.5,2942.3568747113145,50.0,0,1,1,0,0,0,1,0,0,0
17,0,2014-09-22,0.7818314824680298,0.6234898018587336,-1.0,-1.8369701987210297e-16,-0.9886775902323404,-0.15005539834465262,0.0,10743.0,5272.0,5258.571428571428,6602.0,3096.9492438604243,4883.0,5196.5,2908.0419529298424,50.0,0,1,1,0,0,0,1,0,0,5041
17,0,2014-09-23,0.9749279121818236,-0.22252093395631434,-1.0,-1.8369701987210297e-16,-0.9911140639934546,-0.13301470653419636,5041.0,9010.0,5623.0,4722.714285714285,5259.0,2628.794128764863,5058.3,5265.5,2758.187287657079,50.0,0,1,1,0,0,0,1,0,0,5259
17,0,2014-09-24,0.43388373911755823,-0.900968867902419,-1.0,-1.8369701987210297e-16,-0.9932568492674143,-0.11593459959550066,5259.0,7092.0,5296.0,4383.142857142857,5041.0,2416.7035005403254,5044.766666666666,5265.5,2758.864992551547,50.0,0,1,1,0,0,0,1,0,0,4715
17,0,2014-09-25,-0.433883739117558,-0.9009688679024191,-1.0,-1.8369701987210297e-16,-0.9951053111006974,-0.09882013873287211,4715.0,6602.0,5058.0,4124.714285714285,4793.0,2229.345697305668,5048.2,5265.5,2758.4723333383486,50.0,0,1,1,0,0,0,1,0,0,4793
17,0,2014-09-26,-0.9749279121818236,-0.2225209339563146,-1.0,-1.8369701987210297e-16,-0.99665890175417,-0.08167639533042288,4793.0,6718.0,4802.0,3834.4285714285716,4715.0,1950.2112583976677,5015.9,5158.5,2756.7947574099107,50.0,0,1,1,0,0,0,1,0,0,4686
17,0,2014-09-27,-0.7818314824680299,0.6234898018587334,-1.0,-1.8369701987210297e-16,-0.9979171608653922,-0.06450844944931625,4686.0,2347.0,2676.0,3915.714285714286,4715.0,1888.7720626803982,4944.5,5158.5,2783.2780939525023,50.0,0,1,1,0,0,0,1,0,0,2916
17,0,2014-09-28,-2.4492935982947064e-16,1.0,-1.0,-1.8369701987210297e-16,-0.9988797155850335,-0.04732138832243232,2916.0,0.0,0.0,3915.714285714286,4715.0,1888.7720626803982,4741.233333333334,5049.5,2915.6561298987413,50.0,0,1,1,0,0,0,1,0,0,0
17,0,2014-09-29,0.7818314824680298,0.6234898018587336,-1.0,-1.8369701987210297e-16,-0.9995462806873573,-0.03012030484690836,0.0,5041.0,10743.0,4609.0,4715.0,2958.430777737873,4974.433333333333,5158.5,3040.2614302667835,50.0,1,1,1,0,0,0,1,0,0,9894
17,0,2014-09-30,0.9749279121818236,-0.22252093395631434,-1.0,-1.8369701987210297e-16,-0.9999166586547379,-0.012910296075008843,9894.0,5259.0,9010.0,5510.0,4715.0,3975.102053197297,5359.966666666666,5265.5,3119.9976954382896,50.0,1,1,1,0,0,0,1,0,0,11566
17,0,2014-10-01,0.43388373911755823,-0.900968867902419,-0.8660254037844386,0.5000000000000001,-0.9999907397361901,0.004303538296243821,11566.0,4715.0,7092.0,5903.857142857143,4793.0,4019.5392119234893,5333.666666666667,5265.5,3097.947722598629,50.0,1,1,1,0,0,0,1,0,0,7472
17,0,2014-10-02,-0.433883739117558,-0.9009688679024191,-0.8660254037844386,0.5000000000000001,-0.9997685019798909,0.021516097436222233,7472.0,4793.0,6602.0,6334.571428571428,7472.0,4042.138990565223,5330.8,5265.5,3095.5356886975164,50.0,1,1,1,0,0,0,1,0,0,7808
17,0,2014-10-03,-0.9749279121818236,-0.2225209339563146,-0.8660254037844386,0.5000000000000001,-0.9992500112396835,0.03872228089217399,7808.0,4686.0,6718.0,5665.142857142857,7472.0,4695.838421005402,5065.9,5158.5,3202.131082953008,50.0,1,1,1,0,0,0,1,0,0,0
17,0,2014-10-04,-0.7818314824680299,0.6234898018587334,-0.8660254037844386,0.5000000000000001,-0.9984354211555643,0.05591699010060302,0.0,2916.0,2347.0,5802.857142857143,7472.0,4615.220884153199,4962.0,5049.5,3187.848782810906,50.0,0,1,1,0,0,0,1,0,0,3880
17,0,2014-10-05,-2.4492935982947064e-16,1.0,-0.8660254037844386,0.5000000000000001,-0.9973249731081555,0.07309512989807776,3880.0,0.0,0.0,5802.857142857143,7472.0,4615.220884153199,4724.933333333333,4921.5,3285.4010507650096,50.0,0,1,1,0,0,0,1,0,0,0
17,0,2014-10-06,0.7818314824680298,0.6234898018587336,-0.8660254037844386,0.5000000000000001,-0.9959189961471792,0.0902516100310407,0.0,9894.0,5041.0,5986.571428571428,7472.0,4825.998026562068,5014.966666666666,5049.5,3459.7290653672776,50.0,1,1,1,0,0,0,1,0,0,11180
17,0,2014-10-07,0.9749279121818236,-0.22252093395631434,-0.8660254037844386,0.5000000000000001,-0.994217906893952,0.10738134666416306,11180.0,11566.0,5259.0,5743.857142857143,7472.0,4532.417913526639,5343.866666666667,5158.5,3435.4596714301556,50.0,1,1,1,0,0,0,1,0,0,9867
17,0,2014-10-08,0.43388373911755823,-0.900968867902419,-0.8660254037844386,0.5000000000000001,-0.9922222094179324,0.12447926388678869,9867.0,7472.0,4715.0,5795.0,7808.0,4557.120399257996,5429.133333333333,5158.5,3465.229720536859,50.0,1,1,1,0,0,0,1,0,0,7830
17,0,2014-10-09,-0.433883739117558,-0.9009688679024191,-0.8660254037844386,0.5000000000000001,-0.989932495087353,0.141540295217043,7830.0,7808.0,4793.0,5730.571428571428,7357.0,4527.005922135252,5486.933333333333,5158.5,3482.990955400588,50.0,1,1,1,0,0,0,1,0,0,7357
17,0,2014-10-10,-0.9749279121818236,-0.2225209339563146,-0.8660254037844386,0.5000000000000001,-0.9873494423939864,0.15855938510313475,7357.0,0.0,4686.0,6747.571428571428,7357.0,3759.675467250814,5547.7,5158.5,3495.4253961427935,50.0,1,1,1,0,0,0,1,0,0,7119
17,0,2014-10-11,-0.7818314824680299,0.6234898018587334,-0.8660254037844386,0.5000000000000001,-0.9844738167520923,0.17553149042142777,7119.0,3880.0,2916.0,6575.714285714285,7357.0,3935.962386095923,5468.333333333333,5150.0,3533.749121057509,50.0,0,1,1,0,0,0,1,0,0,2677
17,0,2014-10-12,-2.4492935982947064e-16,1.0,-0.8660254037844386,0.5000000000000001,-0.9813064702716093,0.19245158197082995,2677.0,0.0,0.0,6575.714285714285,7357.0,3935.962386095923,5308.266666666666,5150.0,3671.061726844001,50.0,0,1,1,0,0,0,1,0,0,0
17,0,2014-10-13,0.7818314824680298,0.6234898018587336,-0.8660254037844386,0.5000000000000001,-0.9778483415056568,0.20931464596304888,0.0,11180.0,9894.0,5717.857142857143,7119.0,3380.3826424716817,5391.566666666667,5217.0,3637.4721108857,50.0,0,1,1,0,0,0,1,0,0,5175
17,0,2014-10-14,0.9749279121818236,-0.22252093395631434,-0.8660254037844386,0.5000000000000001,-0.9741004551724206,0.22611568550828803,5175.0,9867.0,11566.0,5155.0,5927.0,2862.767250988694,5589.133333333333,5593.0,3492.6110056491566,50.0,0,1,1,0,0,0,1,0,0,5927
17,0,2014-10-15,0.43388373911755823,-0.900968867902419,-0.8660254037844386,0.5000000000000001,-0.970063921851507,0.2428497220959358,5927.0,7830.0,7472.0,4823.857142857143,5512.0,2626.050674084028,5414.766666666666,5385.5,3354.2721774223824,50.0,0,1,1,0,0,0,1,0,0,5512
17,0,2014-10-16,-0.433883739117558,-0.9009688679024191,-0.8660254037844386,0.5000000000000001,-0.965739937654855,0.25951179706979943,5512.0,7357.0,7808.0,4487.571428571428,5175.0,2387.4852779401576,5281.2,5217.0,3285.242660433327,50.0,0,1,1,0,0,0,1,0,0,5003
17,0,2014-10-17,-0.9749279121818236,-0.2225209339563146,-0.8660254037844386,0.5000000000000001,-0.9611297838723007,0.27609697309746883,5003.0,7119.0,0.0,4191.0,5043.0,2120.0989756770105,5212.9,5109.0,3267.5497342071553,50.0,0,1,1,0,0,0,1,0,0,5043
17,0,2014-10-18,-0.7818314824680299,0.6234898018587334,-0.8660254037844386,0.5000000000000001,-0.9562348265919058,0.2926003356333479,5043.0,2677.0,3880.0,4221.714285714285,5043.0,2095.9293654037933,5089.233333333334,5042.0,3283.331630958193,50.0,0,1,1,0,0,0,1,0,0,2892
17,0,2014-10-19,-2.4492935982947064e-16,1.0,-0.8660254037844386,0.5000000000000001,-0.9510565162951536,0.30901699437494723,2892.0,0.0,0.0,4221.714285714285,5043.0,2095.9293654037933,4865.3,5022.0,3395.5892399121117,50.0,0,1,1,0,0,0,1,0,0,0
17,0,2014-10-20,0.7818314824680298,0.6234898018587336,-0.8660254037844386,0.5000000000000001,-0.9455963874271428,0.3253420847119795,0.0,5175.0,11180.0,4822.0,5043.0,2872.378108815069,5099.633333333333,5042.0,3457.80975607326,50.0,1,1,1,0,0,0,1,0,0,9377
17,0,2014-10-21,0.9749279121818236,-0.22252093395631434,-0.8660254037844386,0.5000000000000001,-0.9398560579418953,0.341570769167856,9377.0,5927.0,9867.0,5132.142857142857,5043.0,3118.2571750136067,5369.566666666667,5109.0,3360.7009909503586,50.0,1,1,1,0,0,0,1,0,0,8098
17,0,2014-10-22,0.43388373911755823,-0.900968867902419,-0.8660254037844386,0.5000000000000001,-0.9338372288229252,0.35769823883312546,8098.0,5512.0,7830.0,5173.714285714285,5043.0,3126.095206178991,5394.966666666666,5217.0,3361.0116342772662,50.0,1,1,1,0,0,0,1,0,0,5803
17,0,2014-10-23,-0.433883739117558,-0.9009688679024191,-0.8660254037844386,0.5000000000000001,-0.9275416835791965,0.3737197147904692,5803.0,5003.0,7357.0,5548.571428571428,5803.0,3256.8049198124086,5473.9,5343.5,3385.4259076018902,50.0,1,1,1,0,0,0,1,0,0,7627
17,0,2014-10-24,-0.9749279121818236,-0.2225209339563146,-0.8660254037844386,0.5000000000000001,-0.9209712877166346,0.38963044953078774,7627.0,5043.0,7119.0,5837.571428571428,7066.0,3294.0099603746853,5552.266666666666,5657.5,3394.451669023046,50.0,1,1,1,0,0,0,1,0,0,7066
17,0,2014-10-25,-0.7818314824680299,0.6234898018587334,-0.8660254037844386,0.5000000000000001,-0.9141279881853337,0.4054257283599973,7066.0,2892.0,2677.0,5849.142857142857,7066.0,3282.0585729371883,5491.6,5657.5,3424.6191794326473,50.0,0,1,1,0,0,0,1,0,0,2973
17,0,2014-10-26,-2.4492935982947064e-16,1.0,-0.8660254037844386,0.5000000000000001,-0.9070138128026362,0.42110087079608916,2973.0,0.0,0.0,5849.142857142857,7066.0,3282.0585729371883,5335.4,5657.5,3566.55539991876,50.0,0,1,1,0,0,0,1,0,0,0
17,0,2014-10-27,0.7818314824680298,0.6234898018587336,-0.8660254037844386,0.5000000000000001,-0.8996308696522434,0.4366512319560638,0.0,9377.0,5175.0,5239.428571428572,5803.0,2890.5370237577504,5408.5,5657.5,3537.6139313930535,50.0,0,1,1,0,0,0,1,0,0,5109
17,0,2014-10-28,0.9749279121818236,-0.22252093395631434,-0.8660254037844386,0.5000000000000001,-0.8919813464595487,0.45207220393230374,5109.0,8098.0,5927.0,4882.285714285715,5598.0,2620.289787681623,5595.1,5700.5,3386.9226633606813,50.0,0,1,1,0,0,0,1,0,0,5598
17,0,2014-10-29,0.43388373911755823,-0.900968867902419,-0.8660254037844386,0.5000000000000001,-0.8840675099433637,0.46735921715800205,5598.0,5803.0,5512.0,4823.857142857143,5394.0,2600.825217027058,5445.1,5555.0,3288.1763560180084,50.0,0,1,1,0,0,0,1,0,0,5394
17,0,2014-10-30,-0.433883739117558,-0.9009688679024191,-0.8660254037844386,0.5000000000000001,-0.8758917051442433,0.48250774176121763,5394.0,7627.0,5003.0,4712.714285714285,5394.0,2474.6338257262646,5287.866666666667,5555.0,3092.342363315231,50.0,0,1,1,0,0,0,1,0,0,6849
17,0,2014-10-31,-0.9749279121818236,-0.2225209339563146,-0.8660254037844386,0.5000000000000001,-0.867456354729597,0.4975132889071803,6849.0,7066.0,5043.0,3703.285714285714,5109.0,2777.3481185167666,5038.8,5453.0,3209.065428460121,50.0,0,1,1,0,0,0,1,0,0,0
17,0,2014-11-01,-0.7818314824680299,0.6234898018587334,-0.5000000000000004,0.8660254037844384,-0.858763958275803,0.5123714121284235,0.0,2973.0,2892.0,3899.714285714286,5109.0,2765.689348323239,4923.466666666666,5284.5,3168.022386865057,50.0,0,1,1,0,0,0,1,0,0,4348
17,0,2014-11-02,-2.4492935982947064e-16,1.0,-0.5000000000000004,0.8660254037844384,-0.8498170915275277,0.5270777086423724,4348.0,0.0,0.0,3899.714285714286,5109.0,2765.689348323239,4923.466666666666,5284.5,3168.022386865057,50.0,0,1,1,0,0,0,1,0,0,0
17,0,2014-11-03,0.7818314824680298,0.6234898018587336,-0.5000000000000004,0.8660254037844384,-0.8406184056344783,0.5416278206559811,0.0,5109.0,9377.0,4893.0,5394.0,4166.302237396295,5196.2,5453.0,3417.46498506392,50.0,1,1,1,0,0,0,1,0,0,12062
17,0,2014-11-04,0.9749279121818236,-0.22252093395631434,-0.5000000000000004,0.8660254037844384,-0.8311706263658079,0.5560174366570446,12062.0,5598.0,8098.0,5550.428571428572,5394.0,4633.036867870538,5536.2,5555.0,3389.957078357107,50.0,1,1,1,0,0,0,1,0,0,10200
17,0,2014-11-05,0.43388373911755823,-0.900968867902419,-0.5000000000000004,0.8660254037844384,-0.8214765533024145,0.5702422926917867,10200.0,5394.0,5803.0,5931.571428571428,6849.0,4726.81738795224,5432.266666666666,5555.0,3256.1114097407176,50.0,1,1,1,0,0,0,1,0,0,8062
17,0,2014-11-06,-0.433883739117558,-0.9009688679024191,-0.5000000000000004,0.8660254037844384,-0.8115390590073611,0.5842981736283683,8062.0,6849.0,7627.0,6130.714285714285,8062.0,4800.698515642828,5378.133333333333,5555.0,3192.7235885124296,50.0,1,1,1,0,0,0,1,0,0,8243
17,0,2014-11-07,-0.9749279121818236,-0.2225209339563146,-0.5000000000000004,0.8660254037844384,-0.8013610881746769,0.5981809144059159,8243.0,0.0,7066.0,7230.0,8062.0,3972.45864253697,5373.633333333333,5555.0,3189.241867357469,50.0,1,1,1,0,0,0,1,0,0,7695
17,0,2014-11-08,-0.7818314824680299,0.6234898018587334,-0.5000000000000004,0.8660254037844384,-0.7909456567567774,0.6118864012687242,7695.0,4348.0,2973.0,7054.857142857143,8062.0,4144.023424506327,5232.466666666666,5453.0,3192.1504775408657,50.0,0,1,1,0,0,0,1,0,0,3122
17,0,2014-11-09,-2.4492935982947064e-16,1.0,-0.5000000000000004,0.8660254037844384,-0.780295851070776,0.6254105729852457,3122.0,0.0,0.0,7054.857142857143,8062.0,4144.023424506327,4995.166666666667,5284.5,3309.5227084084613,50.0,0,1,1,0,0,0,1,0,0,0
17,0,2014-11-10,0.7818314824680298,0.6234898018587336,-0.5000000000000004,0.8660254037844384,-0.7694148268839381,0.6387494220515268,0.0,12062.0,5109.0,6588.0,8062.0,3639.2542734283734,5199.066666666667,5453.0,3349.9627268470285,50.0,1,1,1,0,0,0,1,0,0,8794
17,0,2014-11-11,0.9749279121818236,-0.22252093395631434,-0.5000000000000004,0.8660254037844384,-0.7583058084785625,0.6518989958787125,8794.0,10200.0,5598.0,6316.142857142857,8062.0,3386.78369689058,5475.633333333333,5555.0,3246.8418659212307,50.0,1,1,1,0,0,0,1,0,0,8297
17,0,2014-11-12,0.43388373911755823,-0.900968867902419,-0.5000000000000004,0.8660254037844384,-0.7469720876965551,0.6648553979642867,8297.0,8062.0,5394.0,6297.714285714285,7933.0,3376.0345433800367,5567.566666666667,5700.5,3276.942431947631,50.0,1,1,1,0,0,0,1,0,0,7933
17,0,2014-11-13,-0.433883739117558,-0.9009688679024191,-0.5000000000000004,0.8660254037844384,-0.7354170229639858,0.6776147890466887,7933.0,8243.0,6849.0,6174.142857142857,7695.0,3308.1124239547585,5615.933333333333,5700.5,3293.098822913043,50.0,1,1,1,0,0,0,1,0,0,7378
17,0,2014-11-14,-0.9749279121818236,-0.2225209339563146,-0.5000000000000004,0.8660254037844384,-0.7236440382959123,0.690173388242972,7378.0,7695.0,0.0,6159.857142857143,7595.0,3300.6576833802624,5685.366666666667,6326.0,3312.732849157182,50.0,1,1,1,0,0,0,1,0,0,7595
17,0,2014-11-15,-0.7818314824680299,0.6234898018587334,-0.5000000000000004,0.8660254037844384,-0.7116566222817751,0.7025274741691566,7595.0,3122.0,4348.0,6191.857142857143,7595.0,3267.2132584498513,5630.133333333333,6326.0,3338.217878194719,50.0,0,1,1,0,0,0,1,0,0,3346
17,0,2014-11-16,-2.4492935982947064e-16,1.0,-0.5000000000000004,0.8660254037844384,-0.6994583270516471,0.7146733860429608,3346.0,0.0,0.0,6191.857142857143,7595.0,3267.2132584498513,5462.033333333334,6326.0,3492.223908405185,50.0,0,1,1,0,0,0,1,0,0,0
17,0,2014-11-17,0.7818314824680298,0.6234898018587336,-0.5000000000000004,0.8660254037844384,-0.6870527672236675,0.726607524768565,0.0,8794.0,12062.0,5815.571428571428,7378.0,3062.8642834849284,5570.966666666666,6504.5,3460.1141049884804,50.0,0,1,1,0,0,0,1,0,0,6160
17,0,2014-11-18,0.9749279121818236,-0.22252093395631434,-0.5000000000000004,0.8660254037844384,-0.6744436188329457,0.7383263540031063,6160.0,8297.0,10200.0,5343.428571428572,6160.0,2864.9367565528655,5737.366666666667,6504.5,3299.2588664450222,50.0,0,1,1,0,0,0,1,0,0,4992
17,0,2014-11-19,0.43388373911755823,-0.900968867902419,-0.5000000000000004,0.8660254037844384,-0.661634618242279,0.749826401204568,4992.0,7933.0,8062.0,4976.857142857143,5367.0,2633.1612451304954,5603.7,5981.5,3227.160598356736,50.0,0,1,1,0,0,0,1,0,0,5367
17,0,2014-11-20,-0.433883739117558,-0.9009688679024191,-0.5000000000000004,0.8660254037844384,-0.6486295610349818,0.7611042586607742,5367.0,7378.0,8243.0,4718.571428571428,5367.0,2439.965153927612,5519.433333333333,5700.5,3192.6044787087653,50.0,0,1,1,0,0,0,1,0,0,5570
17,0,2014-11-21,-0.9749279121818236,-0.2225209339563146,-0.5000000000000004,0.8660254037844384,-0.6354323008901775,0.7721565844991641,5570.0,7595.0,7695.0,4373.142857142857,5177.0,2114.3024404100415,5498.566666666667,5584.0,3192.7329411232217,50.0,0,1,1,0,0,0,1,0,0,5177
17,0,2014-11-22,-0.7818314824680299,0.6234898018587334,-0.5000000000000004,0.8660254037844384,-0.622046748440868,0.7829801036770625,5177.0,3346.0,3122.0,4330.142857142857,5177.0,2141.5588892651363,5345.833333333333,5482.0,3196.99590761911,50.0,0,1,1,0,0,0,1,0,0,3045
17,0,2014-11-23,-2.4492935982947064e-16,1.0,-0.5000000000000004,0.8660254037844384,-0.6084768701151264,0.7935716089521472,3045.0,0.0,0.0,4330.142857142857,5177.0,2141.5588892651363,5110.3,5380.5,3323.6736234432556,50.0,0,1,1,0,0,0,1,0,0,0
17,0,2014-11-24,0.7818314824680298,0.6234898018587336,-0.5000000000000004,0.8660254037844384,-0.594726686960764,0.8039279618328208,0.0,6160.0,8794.0,5007.142857142857,5177.0,3268.813517092073,5374.5,5482.0,3460.1391814741237,50.0,1,1,1,0,0,0,1,0,0,10899
17,0,2014-11-25,0.9749279121818236,-0.22252093395631434,-0.5000000000000004,0.8660254037844384,-0.5808002734538014,0.8140460935082175,10899.0,4992.0,8297.0,5645.857142857143,5367.0,3676.7193904608093,5689.933333333333,5584.0,3383.784699408936,50.0,1,1,1,0,0,0,1,0,0,9463
17,0,2014-11-26,0.43388373911755823,-0.900968867902419,-0.5000000000000004,0.8660254037844384,-0.5667017562911184,0.8239230057575536,9463.0,5367.0,7933.0,5971.428571428572,5570.0,3748.1201002254866,5774.5,5879.0,3400.4266238426508,50.0,1,1,1,0,0,0,1,0,0,7646
17,0,2014-11-27,-0.433883739117558,-0.9009688679024191,-0.5000000000000004,0.8660254037844384,-0.5524353131676203,0.8335557718385695,7646.0,5570.0,7378.0,6326.857142857143,7646.0,3820.967479080461,5856.5,6504.5,3425.591494356397,50.0,1,1,1,0,0,0,1,0,0,8058
17,0,2014-11-28,-0.9749279121818236,-0.2225209339563146,-0.5000000000000004,0.8660254037844384,-0.5380051715382992,0.8429415373547832,8058.0,5177.0,7595.0,6987.428571428572,8058.0,3985.217888528509,6003.4,7113.5,3498.7851152590974,50.0,1,1,1,0,0,0,1,0,0,9801
17,0,2014-11-29,-0.7818314824680299,0.6234898018587334,-0.5000000000000004,0.8660254037844384,-0.5234156073655503,0.8520775211013093,9801.0,3045.0,3346.0,7109.857142857143,8058.0,3854.952979763888,5905.166666666667,6769.0,3515.555433462417,50.0,0,1,1,0,0,0,1,0,0,3902
17,0,2014-11-30,-2.4492935982947064e-16,1.0,-0.5000000000000004,0.8660254037844384,-0.5086709438521042,0.8609610158889945,3902.0,0.0,0.0,7109.857142857143,8058.0,3854.952979763888,5905.166666666667,6769.0,3515.555433462417,50.0,0,1,1,0,0,0,1,0,0,0
17,0,2014-12-01,0.7818314824680298,0.6234898018587336,-2.4492935982947064e-16,1.0,-0.4937755501599774,0.8695893893466109,0.0,10899.0,6160.0,7416.0,8058.0,4268.891854646433,6194.966666666666,7486.5,3734.299874216679,50.0,1,1,1,0,0,0,1,0,0,13042
17,0,2014-12-02,0.9749279121818236,-0.22252093395631434,-2.4492935982947064e-16,1.0,-0.4787338401157883,0.8779600847008883,13042.0,9463.0,4992.0,7767.571428571428,8058.0,4557.178654136162,6592.433333333333,7620.5,3686.460265417998,50.0,1,1,1,0,0,0,1,0,0,11924
17,0,2014-12-03,0.43388373911755823,-0.900968867902419,-2.4492935982947064e-16,1.0,-0.4635502709028512,0.8860706215341377,11924.0,7646.0,5367.0,7969.0,9056.0,4582.003164555867,6492.233333333334,7620.5,3571.735255695976,50.0,1,1,1,0,0,0,1,0,0,9056
17,0,2014-12-04,-0.433883739117558,-0.9009688679024191,-2.4492935982947064e-16,1.0,-0.4482293417404106,0.893918596519257,9056.0,8058.0,5570.0,7974.0,9056.0,4582.135564704881,6422.0,7620.5,3516.603121940457,50.0,1,1,1,0,0,0,1,0,0,8093
17,0,2014-12-05,-0.9749279121818236,-0.2225209339563146,-2.4492935982947064e-16,1.0,-0.4327755925504317,0.9015016841318838,8093.0,9801.0,5177.0,7900.285714285715,9056.0,4551.89618782787,6462.766666666666,7620.5,3543.2584816544336,50.0,1,1,1,0,0,0,1,0,0,9285
17,0,2014-12-06,-0.7818314824680299,0.6234898018587334,-2.4492935982947064e-16,1.0,-0.41719360261231697,0.9088176373395028,9285.0,3902.0,3045.0,7939.142857142857,9056.0,4513.071770925408,6327.133333333333,7486.5,3550.634083569059,50.0,0,1,1,0,0,0,1,0,0,4174
17,0,2014-12-07,-2.4492935982947064e-16,1.0,-2.4492935982947064e-16,1.0,-0.4014879892059737,0.9158642882672868,4174.0,0.0,0.0,7939.142857142857,9056.0,4513.071770925408,6070.633333333333,6769.0,3722.211332762706,50.0,0,1,1,0,0,0,1,0,0,0
17,0,2014-12-08,0.7818314824680298,0.6234898018587336,-2.4492935982947064e-16,1.0,-0.38566340624360745,0.9226395488404875,0.0,13042.0,10899.0,7015.142857142857,8093.0,3916.94891586855,6185.7,6976.0,3681.044587032889,50.0,0,1,1,0,0,0,1,0,0,6574
17,0,2014-12-09,0.9749279121818236,-0.22252093395631434,-2.4492935982947064e-16,1.0,-0.3697245428906732,0.9291414114031743,6574.0,11924.0,9463.0,6366.857142857143,7386.0,3295.291308750081,6431.9,7382.0,3495.3762103275994,50.0,0,1,1,0,0,0,1,0,0,7386
17,0,2014-12-10,0.43388373911755823,-0.900968867902419,-2.4492935982947064e-16,1.0,-0.3536761221763721,0.935367949313148,7386.0,9056.0,7646.0,5892.857142857143,6574.0,3075.302393184096,6330.033333333334,6976.0,3468.5914211861896,50.0,0,1,1,0,0,0,1,0,0,5738
17,0,2014-12-11,-0.433883739117558,-0.9009688679024191,-2.4492935982947064e-16,1.0,-0.33752289959411347,0.941317317512847,5738.0,8093.0,8058.0,5534.0,5738.0,2918.3353131537206,6239.5,6367.0,3450.8813042268002,50.0,0,1,1,0,0,0,1,0,0,5581
17,0,2014-12-12,-0.9749279121818236,-0.2225209339563146,-2.4492935982947064e-16,1.0,-0.32126966169236515,0.946987753076075,5581.0,9285.0,9801.0,5124.0,5738.0,2470.814508078938,6188.9,6287.5,3436.291699612764,50.0,0,1,1,0,0,0,1,0,0,6415
17,0,2014-12-13,-0.7818314824680299,0.6234898018587334,-2.4492935982947064e-16,1.0,-0.3049212246562894,0.9523775757303973,6415.0,4174.0,3902.0,5137.714285714285,5738.0,2464.92208898414,6085.3,5949.0,3446.042949579245,50.0,0,1,1,0,0,0,1,0,0,4270
17,0,2014-12-14,-2.4492935982947064e-16,1.0,-2.4492935982947064e-16,1.0,-0.2884824328806098,0.9574851883550389,4270.0,0.0,0.0,5137.714285714285,5738.0,2464.92208898414,5832.133333333333,5659.5,3606.555475159407,50.0,0,1,1,0,0,0,1,0,0,0
17,0,2014-12-15,0.7818314824680298,0.6234898018587336,-2.4492935982947064e-16,1.0,-0.27195815753410524,0.9623090774541487,0.0,6574.0,13042.0,6520.142857142857,5738.0,4907.808181139229,6262.3,5949.0,4043.0043979779393,50.0,1,1,1,0,0,0,1,0,0,16251
17,0,2014-12-16,0.9749279121818236,-0.22252093395631434,-2.4492935982947064e-16,1.0,-0.2553532951161881,0.9668478136052773,16251.0,7386.0,11924.0,7487.857142857143,5738.0,5709.376773594219,6734.3,6287.5,4112.65664747253,50.0,1,1,1,0,0,0,1,0,0,14160
17,0,2014-12-17,0.43388373911755823,-0.900968867902419,-2.4492935982947064e-16,1.0,-0.23867276600594997,0.9711000518829505,14160.0,5738.0,9056.0,8176.142857142857,6415.0,5753.509636983076,6880.833333333333,6494.5,4169.411627087441,50.0,1,1,1,0,0,0,1,0,0,10556
17,0,2014-12-18,-0.433883739117558,-0.9009688679024191,-2.4492935982947064e-16,1.0,-0.22192151300416674,0.9750645322571945,10556.0,5581.0,8093.0,9046.57142857143,10556.0,5756.3581616951415,7103.566666666667,6980.0,4242.86117421701,50.0,1,1,1,0,0,0,1,0,0,11674
17,0,2014-12-19,-0.9749279121818236,-0.2225209339563146,-2.4492935982947064e-16,1.0,-0.20510449986861926,0.9787400799669153,11674.0,6415.0,9285.0,9600.857142857143,10556.0,5646.484641750457,7267.833333333333,7516.0,4268.627875182093,50.0,1,1,1,0,0,0,1,0,0,10295
17,0,2014-12-20,-0.7818314824680299,0.6234898018587334,-2.4492935982947064e-16,1.0,-0.1882267098432439,0.9821256058680006,10295.0,4270.0,4174.0,9869.42857142857,10556.0,5389.529907055678,7287.166666666667,7516.0,4261.9812220118465,50.0,0,1,1,0,0,0,1,0,0,6150
17,0,2014-12-21,-2.4492935982947064e-16,1.0,-2.4492935982947064e-16,1.0,-0.1712931441814778,0.9852201067560606,6150.0,0.0,0.0,9869.42857142857,10556.0,5389.529907055678,7114.6,7516.0,4450.984591580018,50.0,0,1,1,0,0,0,1,0,0,0
17,0,2014-12-22,0.7818314824680298,0.6234898018587336,-2.4492935982947064e-16,1.0,-0.154308820664281,0.9880226656636976,0.0,16251.0,6574.0,9439.42857142857,10556.0,4892.697546927897,7454.466666666666,7852.0,4518.286612494127,50.0,0,1,1,0,0,0,1,0,0,13241
17,0,2014-12-23,0.9749279121818236,-0.22252093395631434,-2.4492935982947064e-16,1.0,-0.13727877211326517,0.9905324521322227,13241.0,14160.0,7386.0,8915.714285714286,10494.0,4482.174424476199,7804.266666666666,8075.5,4323.2785765637045,50.0,0,1,1,0,0,0,1,0,0,10494
17,0,2014-12-24,0.43388373911755823,-0.900968867902419,-2.4492935982947064e-16,1.0,-0.12020804489935275,0.9927487224577402,10494.0,10556.0,5738.0,7853.857142857143,10295.0,4890.663602844757,7545.066666666667,7852.0,4364.246334061335,50.0,0,1,1,0,0,0,1,0,0,3123
17,0,2014-12-25,-0.433883739117558,-0.9009688679024191,-2.4492935982947064e-16,1.0,-0.10310169744743544,0.9946708199115211,3123.0,11674.0,5581.0,6186.142857142857,6150.0,5340.602757135547,7229.633333333333,7516.0,4558.498516286749,50.0,0,1,1,0,0,0,1,0,0,0
17,0,2014-12-26,-0.9749279121818236,-0.2225209339563146,-2.4492935982947064e-16,1.0,-0.0859647987374467,0.9962981749346077,0.0,10295.0,6415.0,4715.428571428572,3123.0,5437.1696024415405,6974.766666666666,6980.0,4744.371908456073,50.0,0,1,1,0,0,0,1,0,0,0
17,0,2014-12-27,-0.7818314824680299,0.6234898018587334,-2.4492935982947064e-16,1.0,-0.06880242680232064,0.9976303053065857,0.0,6150.0,4270.0,4339.857142857143,3123.0,5412.303373751681,6823.533333333334,6494.5,4780.823199446703,50.0,0,1,1,0,0,0,1,0,0,3521
17,0,2014-12-28,-2.4492935982947064e-16,1.0,-2.4492935982947064e-16,1.0,-0.05161966722325418,0.9986668162884759,3521.0,0.0,0.0,4339.857142857143,3123.0,5412.303373751681,6496.833333333333,6282.5,4903.640998302168,50.0,0,1,1,0,0,0,1,0,0,0
17,0,2014-12-29,0.7818314824680298,0.6234898018587336,-2.4492935982947064e-16,1.0,-0.034421611622745804,0.9994074007397048,0.0,13241.0,16251.0,3457.8571428571427,3123.0,4052.1529844668794,6602.333333333333,6494.5,4879.878385520613,50.0,0,1,1,0,0,0,1,0,0,7067
17,0,2014-12-30,0.9749279121818236,-0.22252093395631434,-2.4492935982947064e-16,1.0,-0.01721335615583528,0.9998518392091162,7067.0,10494.0,14160.0,2966.5714285714284,3123.0,3169.1813273642642,6837.5,6814.5,4718.043792096246,50.0,0,1,1,0,0,0,1,0,0,7055
17,0,2014-12-31,0.43388373911755823,-0.900968867902419,-2.4492935982947064e-16,1.0,6.432490598706546e-16,1.0,7055.0,3123.0,10556.0,2897.4285714285716,2639.0,3170.4791886581315,6490.733333333334,6494.5,4627.7362748848445,50.0,0,1,1,0,0,0,1,0,0,2639
17,0,2015-01-01,-0.433883739117558,-0.9009688679024191,0.49999999999999994,0.8660254037844387,0.017213356155834685,0.9998518392091162,2639.0,0.0,11674.0,2897.4285714285716,2639.0,3170.4791886581315,6093.266666666666,6282.5,4656.96433559336,50.0,0,1,1,0,0,0,1,0,0,0
17,0,2015-01-02,-0.9749279121818236,-0.2225209339563146,0.49999999999999994,0.8660254037844387,0.03442161162274574,0.9994074007397048,0.0,0.0,10295.0,3751.285714285714,3521.0,3063.135469541289,5990.633333333333,6063.5,4623.22438969506,50.0,0,1,1,0,0,0,1,0,0,5977
17,0,2015-01-03,-0.7818314824680299,0.6234898018587334,0.49999999999999994,0.8660254037844387,0.051619667223253764,0.998666816288476,5977.0,3521.0,6150.0,3675.0,2987.0,3076.4470308024743,5820.433333333333,5857.5,4637.124314615191,50.0,0,1,1,0,0,0,1,0,0,2987
17,0,2015-01-04,-2.4492935982947064e-16,1.0,0.49999999999999994,0.8660254037844387,0.06880242680231986,0.9976303053065857,2987.0,0.0,0.0,3675.0,2987.0,3076.4470308024743,5510.933333333333,5659.5,4707.240387357313,50.0,0,1,1,0,0,0,1,0,0,0
17,0,2015-01-05,0.7818314824680298,0.6234898018587336,0.49999999999999994,0.8660254037844387,0.08596479873744647,0.9962981749346078,0.0,7067.0,13241.0,4136.571428571428,2987.0,3822.178386607255,5715.066666666667,5857.5,4779.4955507396635,50.0,1,1,1,0,0,0,1,0,0,10298
17,0,2015-01-06,0.9749279121818236,-0.22252093395631434,0.49999999999999994,0.8660254037844387,0.10310169744743485,0.9946708199115211,10298.0,7055.0,10494.0,4351.714285714285,2987.0,4049.45723582333,6000.433333333333,6063.5,4681.062653326467,50.0,1,1,1,0,0,0,1,0,0,8561
17,0,2015-01-07,0.43388373911755823,-0.900968867902419,0.49999999999999994,0.8660254037844387,0.1202080448993527,0.9927487224577402,8561.0,2639.0,3123.0,5075.714285714285,5977.0,4144.151369270743,6038.2,6063.5,4690.410910607388,50.0,1,1,1,0,0,0,1,0,0,7707
17,0,2015-01-08,-0.433883739117558,-0.9009688679024191,0.49999999999999994,0.8660254037844387,0.13727877211326478,0.9905324521322229,7707.0,0.0,0.0,6005.142857142857,6506.0,3494.756139731423,6008.866666666667,6063.5,4684.439168826594,50.0,1,1,1,0,0,0,1,0,0,6506
17,0,2015-01-09,-0.9749279121818236,-0.2225209339563146,0.49999999999999994,0.8660254037844387,0.15430882066428117,0.9880226656636976,6506.0,5977.0,0.0,6022.857142857143,6506.0,3494.9039771535654,6020.966666666666,6125.5,4684.184200001131,50.0,1,1,1,0,0,0,1,0,0,6101
17,0,2015-01-10,-0.7818314824680299,0.6234898018587334,0.49999999999999994,0.8660254037844387,0.1712931441814776,0.9852201067560606,6101.0,2987.0,3521.0,5972.714285714285,6506.0,3547.837262064769,5922.8,6125.5,4724.40908474277,50.0,0,1,1,0,0,0,1,0,0,2636
17,0,2015-01-11,-2.4492935982947064e-16,1.0,0.49999999999999994,0.8660254037844387,0.1882267098432442,0.9821256058680006,2636.0,0.0,0.0,5972.714285714285,6506.0,3547.837262064769,5708.966666666666,6039.0,4845.0000995219625,50.0,0,1,1,0,0,0,1,0,0,0
17,0,2015-01-12,0.7818314824680298,0.6234898018587336,0.49999999999999994,0.8660254037844387,0.2051044998686192,0.9787400799669153,0.0,10298.0,7067.0,5885.0,6506.0,3428.6679629267105,5889.433333333333,6125.5,4890.173014944559,50.0,1,1,1,0,0,0,1,0,0,9684
17,0,2015-01-13,0.9749279121818236,-0.22252093395631434,0.49999999999999994,0.8660254037844387,0.22192151300416552,0.9750645322571948,9684.0,8561.0,7055.0,6002.571428571428,6506.0,3547.765675141791,6202.233333333334,6328.0,4799.752965506148,50.0,1,1,1,0,0,0,1,0,0,9384
17,0,2015-01-14,0.43388373911755823,-0.900968867902419,0.49999999999999994,0.8660254037844387,0.2386727660059501,0.9711000518829505,9384.0,7707.0,2639.0,5855.714285714285,6506.0,3486.195572745249,5883.166666666667,6328.0,4411.140739812865,50.0,1,1,1,0,0,0,1,0,0,6679
17,0,2015-01-15,-0.433883739117558,-0.9009688679024191,0.49999999999999994,0.8660254037844387,0.255353295116187,0.9668478136052775,6679.0,6506.0,0.0,5995.0,6679.0,3535.633748000491,5660.533333333334,6328.0,4139.160540690492,50.0,1,1,1,0,0,0,1,0,0,7481
17,0,2015-01-16,-0.9749279121818236,-0.2225209339563146,0.49999999999999994,0.8660254037844387,0.2719581575341055,0.9623090774541486,7481.0,6101.0,5977.0,6176.571428571428,7372.0,3574.407916338166,5554.4,6328.0,4049.1482510054757,50.0,1,1,1,0,0,0,1,0,0,7372
17,0,2015-01-17,-0.7818314824680299,0.6234898018587334,0.49999999999999994,0.8660254037844387,0.288482432880609,0.9574851883550393,7372.0,2636.0,2987.0,6247.428571428572,7372.0,3496.593001629961,5269.666666666667,6125.5,3901.629945277368,50.0,0,1,1,0,0,0,1,0,0,3132
17,0,2015-01-18,-2.4492935982947064e-16,1.0,0.49999999999999994,0.8660254037844387,0.30492122465628907,0.9523775757303974,3132.0,0.0,0.0,6247.428571428572,7372.0,3496.593001629961,4926.5,6039.0,3897.131046879454,50.0,0,1,1,0,0,0,1,0,0,0
17,0,2015-01-19,0.7818314824680298,0.6234898018587336,0.49999999999999994,0.8660254037844387,0.3212696616923644,0.9469877530760753,0.0,9684.0,10298.0,5603.428571428572,6679.0,3156.7852770998365,4894.033333333334,5576.5,3890.638441388408,50.0,0,1,1,0,0,0,1,0,0,5176
17,0,2015-01-20,0.9749279121818236,-0.22252093395631434,0.49999999999999994,0.8660254037844387,0.3375228995941133,0.9413173175128471,5176.0,9384.0,8561.0,4924.857142857143,5176.0,2683.7665340941685,5048.5,5576.5,3780.0529712581097,50.0,0,1,1,0,0,0,1,0,0,4634
17,0,2015-01-21,0.43388373911755823,-0.900968867902419,0.49999999999999994,0.8660254037844387,0.3536761221763716,0.9353679493131483,4634.0,6679.0,7707.0,4642.285714285715,4701.0,2570.0124976535144,4763.833333333333,4938.5,3448.8771794383456,50.0,0,1,1,0,0,0,1,0,0,4701
17,0,2015-01-22,-0.433883739117558,-0.9009688679024191,0.49999999999999994,0.8660254037844387,0.3697245428906731,0.9291414114031743,4701.0,7481.0,6506.0,4220.142857142857,4634.0,2248.6135304946984,4564.9,4667.5,3274.680193387676,50.0,0,1,1,0,0,0,1,0,0,4526
17,0,2015-01-23,-0.9749279121818236,-0.2225209339563146,0.49999999999999994,0.8660254037844387,0.38566340624360707,0.9226395488404876,4526.0,7372.0,6101.0,3835.1428571428573,4634.0,1806.2168962199705,4616.7,4689.0,3263.356502976233,50.0,0,1,1,0,0,0,1,0,0,4677
17,0,2015-01-24,-0.7818314824680299,0.6234898018587334,0.49999999999999994,0.8660254037844387,0.401487989205973,0.9158642882672872,4677.0,3132.0,2636.0,3808.714285714286,4634.0,1819.524453832722,4714.933333333333,4689.0,3162.3859383365166,50.0,0,1,1,0,0,0,1,0,0,2947
17,0,2015-01-25,-2.4492935982947064e-16,1.0,0.49999999999999994,0.8660254037844387,0.4171936026123168,0.9088176373395029,2947.0,0.0,0.0,3808.714285714286,4634.0,1819.524453832722,4714.933333333333,4689.0,3162.3859383365166,50.0,0,1,1,0,0,0,1,0,0,0
17,0,2015-01-26,0.7818314824680298,0.6234898018587336,0.49999999999999994,0.8660254037844387,0.4327755925504312,0.901501684131884,0.0,5176.0,9684.0,4381.142857142857,4634.0,2725.9179144263494,4903.666666666667,4938.5,3256.237487455832,50.0,1,1,1,0,0,0,1,0,0,9183
17,0,2015-01-27,0.9749279121818236,-0.22252093395631434,0.49999999999999994,0.8660254037844387,0.4482293417404106,0.893918596519257,9183.0,4634.0,9384.0,4895.571428571428,4677.0,3096.223283138287,5178.166666666667,5576.5,3174.688266893939,50.0,1,1,1,0,0,0,1,0,0,8235
17,0,2015-01-28,0.43388373911755823,-0.900968867902419,0.49999999999999994,0.8660254037844387,0.4635502709028509,0.886070621534138,8235.0,4701.0,6679.0,5270.142857142857,4677.0,3224.696803761632,5186.7,5576.5,3180.279516559558,50.0,1,1,1,0,0,0,1,0,0,7323
17,0,2015-01-29,-0.433883739117558,-0.9009688679024191,0.49999999999999994,0.8660254037844387,0.47873384011578846,0.8779600847008882,7323.0,4526.0,7481.0,5544.714285714285,6448.0,3232.5915668539456,5166.466666666666,5576.5,3169.8972433398144,50.0,1,1,1,0,0,0,1,0,0,6448
17,0,2015-01-30,-0.9749279121818236,-0.2225209339563146,0.49999999999999994,0.8660254037844387,0.4937755501599772,0.869589389346611,6448.0,4677.0,7372.0,6009.285714285715,7323.0,3319.6132663452295,5342.8,6039.0,3171.586716999599,50.0,1,1,1,0,0,0,1,0,0,7929
17,0,2015-01-31,-0.7818314824680299,0.6234898018587334,0.49999999999999994,0.8660254037844387,0.5086709438521044,0.8609610158889943,7929.0,2947.0,3132.0,6003.0,7323.0,3326.412832667247,5439.566666666667,6039.0,3044.702042874651,50.0,0,1,1,0,0,0,1,0,0,2903
17,0,2015-02-01,-2.4492935982947064e-16,1.0,0.8660254037844386,0.5000000000000001,0.5234156073655503,0.8520775211013093,2903.0,0.0,0.0,6003.0,7323.0,3326.412832667247,5240.333333333333,5638.5,3199.9210047720912,50.0,0,1,1,0,0,0,1,0,0,0
17,0,2015-02-02,0.7818314824680298,0.6234898018587336,0.8660254037844386,0.5000000000000001,0.5380051715382996,0.8429415373547828,0.0,9183.0,5176.0,6266.714285714285,7323.0,3675.4045906215424,5508.4,6274.5,3338.4938644183007,50.0,1,1,1,0,0,0,1,0,0,11029
17,0,2015-02-03,0.9749279121818236,-0.22252093395631434,0.8660254037844386,0.5000000000000001,0.5524353131676196,0.8335557718385699,11029.0,8235.0,4634.0,6386.0,7323.0,3762.45159437301,5810.733333333334,6477.0,3231.424677085662,50.0,1,1,1,0,0,0,1,0,0,9070
17,0,2015-02-04,0.43388373911755823,-0.900968867902419,0.8660254037844386,0.5000000000000001,0.5667017562911176,0.8239230057575542,9070.0,7323.0,4701.0,6384.571428571428,7313.0,3762.0384038950156,5711.233333333334,6477.0,3132.946687014986,50.0,1,1,1,0,0,0,1,0,0,7313
17,0,2015-02-05,-0.433883739117558,-0.9009688679024191,0.8660254037844386,0.5000000000000001,0.5808002734538009,0.8140460935082178,7313.0,6448.0,4526.0,6363.571428571428,7313.0,3762.0356128538915,5635.9,6374.5,3088.921777623363,50.0,1,1,1,0,0,0,1,0,0,6301
17,0,2015-02-06,-0.9749279121818236,-0.2225209339563146,0.8660254037844386,0.5000000000000001,0.5947266869607634,0.8039279618328213,6301.0,7929.0,4677.0,6179.857142857143,6643.0,3703.7982499308036,5600.433333333333,6374.5,3070.3743081184807,50.0,1,1,1,0,0,0,1,0,0,6643
17,0,2015-02-07,-0.7818314824680299,0.6234898018587334,0.8660254037844386,0.5000000000000001,0.6084768701151261,0.7935716089521474,6643.0,2903.0,2947.0,6127.0,6643.0,3760.5617044975265,5468.0,6201.0,3115.3219349885344,50.0,0,1,1,0,0,0,1,0,0,2533
17,0,2015-02-08,-2.4492935982947064e-16,1.0,0.8660254037844386,0.5000000000000001,0.6220467484408675,0.7829801036770629,2533.0,0.0,0.0,6127.0,6643.0,3760.5617044975265,5264.633333333333,5738.5,3267.9704076165517,50.0,0,1,1,0,0,0,1,0,0,0
17,0,2015-02-09,0.7818314824680298,0.6234898018587336,0.8660254037844386,0.5000000000000001,0.6354323008901774,0.7721565844991642,0.0,11029.0,9183.0,5167.142857142857,6301.0,3100.3642489537406,5320.433333333333,5738.5,3235.6712748439995,50.0,0,1,1,0,0,0,1,0,0,4310
17,0,2015-02-10,0.9749279121818236,-0.22252093395631434,0.8660254037844386,0.5000000000000001,0.6486295610349814,0.7611042586607747,4310.0,9070.0,8235.0,4644.857142857143,5414.0,2601.0484699169224,5500.9,5857.5,3075.7235577093547,50.0,0,1,1,0,0,0,1,0,0,5414
17,0,2015-02-11,0.43388373911755823,-0.900968867902419,0.8660254037844386,0.5000000000000001,0.6616346182422783,0.7498264012045686,5414.0,7313.0,7323.0,4273.857142857143,4716.0,2327.921349514161,5335.3,5295.0,2974.8209352079903,50.0,0,1,1,0,0,0,1,0,0,4716
17,0,2015-02-12,-0.433883739117558,-0.9009688679024191,0.8660254037844386,0.5000000000000001,0.6744436188329455,0.7383263540031065,4716.0,6301.0,6448.0,4146.714285714285,4716.0,2220.5830851592254,5202.866666666667,5293.5,2875.13015877283,50.0,0,1,1,0,0,0,1,0,0,5411
17,0,2015-02-13,-0.9749279121818236,-0.2225209339563146,0.8660254037844386,0.5000000000000001,0.6870527672236669,0.7266075247685656,5411.0,6643.0,7929.0,4032.4285714285716,4716.0,2087.2809152214386,5175.0,5293.5,2864.3608783425543,50.0,0,1,1,0,0,0,1,0,0,5843
17,0,2015-02-14,-0.7818314824680299,0.6234898018587334,0.8660254037844386,0.5000000000000001,0.6994583270516471,0.7146733860429609,5843.0,2533.0,2903.0,4093.0,4716.0,2042.181350092761,5024.2,4946.0,2857.8506681384406,50.0,0,1,1,0,0,0,1,0,0,2957
17,0,2015-02-15,-2.4492935982947064e-16,1.0,0.8660254037844386,0.5000000000000001,0.7116566222817746,0.702527474169157,2957.0,0.0,0.0,4093.0,4716.0,2042.181350092761,4778.466666666666,4708.5,2963.9842562443537,50.0,0,1,1,0,0,0,1,0,0,0
17,0,2015-02-16,0.7818314824680298,0.6234898018587336,0.8660254037844386,0.5000000000000001,0.7236440382959124,0.6901733882429719,0.0,4310.0,11029.0,4874.428571428572,5411.0,2973.311669790825,5000.066666666667,4946.0,3082.7784370522068,50.0,1,1,1,0,0,0,1,0,0,9780
17,0,2015-02-17,0.9749279121818236,-0.22252093395631434,0.8660254037844386,0.5000000000000001,0.7354170229639855,0.6776147890466889,9780.0,5414.0,9070.0,5331.142857142857,5411.0,3297.832794860461,5287.1,5293.5,3000.9693416719856,50.0,1,1,1,0,0,0,1,0,0,8611
17,0,2015-02-18,0.43388373911755823,-0.900968867902419,0.8660254037844386,0.5000000000000001,0.7469720876965552,0.6648553979642865,8611.0,4716.0,7313.0,5742.0,5843.0,3386.3858807485813,5367.633333333333,5412.5,3030.1607159304,50.0,1,1,1,0,0,0,1,0,0,7592
17,0,2015-02-19,-0.433883739117558,-0.9009688679024191,0.8660254037844386,0.5000000000000001,0.7583058084785625,0.6518989958787126,7592.0,5411.0,6301.0,6056.142857142857,7592.0,3451.9250391905216,5466.833333333333,5628.5,3053.9353704894365,50.0,1,1,1,0,0,0,1,0,0,7610
17,0,2015-02-20,-0.9749279121818236,-0.2225209339563146,0.8660254037844386,0.5000000000000001,0.7694148268839378,0.6387494220515272,7610.0,5843.0,6643.0,6200.285714285715,7592.0,3462.5914531501658,5538.533333333334,6072.0,3060.578463841982,50.0,1,1,1,0,0,0,1,0,0,6852
17,0,2015-02-21,-0.7818314824680299,0.6234898018587334,0.8660254037844386,0.5000000000000001,0.7802958510707755,0.6254105729852463,6852.0,2957.0,2533.0,6177.142857142857,7592.0,3488.327126698003,5480.833333333333,6072.0,3096.4325867630046,50.0,0,1,1,0,0,0,1,0,0,2795
17,0,2015-02-22,-2.4492935982947064e-16,1.0,0.8660254037844386,0.5000000000000001,0.7909456567567772,0.6118864012687243,2795.0,0.0,0.0,6177.142857142857,7592.0,3488.327126698003,5324.933333333333,6072.0,3252.124980986131,50.0,0,1,1,0,0,0,1,0,0,0
17,0,2015-02-23,0.7818314824680298,0.6234898018587336,0.8660254037844386,0.5000000000000001,0.8013610881746766,0.5981809144059164,0.0,9780.0,4310.0,5350.714285714285,6852.0,3162.5631858924044,5359.866666666667,6072.0,3231.2628868103848,50.0,0,1,1,0,0,0,1,0,0,3995
17,0,2015-02-24,0.9749279121818236,-0.22252093395631434,0.8660254037844386,0.5000000000000001,0.8115390590073611,0.5842981736283683,3995.0,8611.0,5414.0,4909.571428571428,5523.0,2829.8647115567733,5543.966666666666,6072.0,3068.5973037600897,50.0,0,1,1,0,0,0,1,0,0,5523
17,0,2015-02-25,0.43388373911755823,-0.900968867902419,0.8660254037844386,0.5000000000000001,0.8214765533024142,0.5702422926917871,5523.0,7592.0,4716.0,4512.571428571428,4813.0,2574.2133333727998,5398.3,5683.0,2992.6782970535255,50.0,0,1,1,0,0,0,1,0,0,4813
17,0,2015-02-26,-0.433883739117558,-0.9009688679024191,0.8660254037844386,0.5000000000000001,0.8311706263658079,0.5560174366570446,4813.0,7610.0,5411.0,4175.0,4813.0,2232.602591894346,5298.7,5468.5,2944.3458280528857,50.0,0,1,1,0,0,0,1,0,0,5247
17,0,2015-02-27,-0.9749279121818236,-0.2225209339563146,0.8660254037844386,0.5000000000000001,0.8406184056344782,0.5416278206559814,5247.0,6852.0,5843.0,4072.5714285714284,4813.0,2101.9402034900136,5259.1,5468.5,2924.100573179552,50.0,0,1,1,0,0,0,1,0,0,6135
17,0,2015-02-28,-0.7818314824680299,0.6234898018587334,0.8660254037844386,0.5000000000000001,0.8498170915275278,0.5270777086423722,6135.0,2795.0,2957.0,4076.1428571428573,4813.0,2099.4274162710403,5138.166666666667,5412.5,2948.158631432844,50.0,0,1,1,0,0,0,1,0,0,2820
17,0,2015-03-01,-2.4492935982947064e-16,1.0,1.0,6.123233995736766e-17,0.8587639582758029,0.5123714121284237,2820.0,0.0,0.0,4076.1428571428573,4813.0,2099.4274162710403,4873.866666666667,5329.0,3043.2169427958247,50.0,0,1,1,0,0,0,1,0,0,0
17,0,2015-03-02,0.7818314824680298,0.6234898018587336,1.0,6.123233995736766e-17,0.8674563547295968,0.49751328890718066,0.0,3995.0,9780.0,4932.0,5247.0,3061.5344736477073,5109.966666666666,5412.5,3157.646477158687,50.0,1,1,1,0,0,0,1,0,0,9986
17,0,2015-03-03,0.9749279121818236,-0.22252093395631434,1.0,6.123233995736766e-17,0.8758917051442429,0.48250774176121847,9986.0,5523.0,8611.0,5395.0,5247.0,3392.9416931820892,5402.1,5468.5,3072.857541835256,50.0,1,1,1,0,0,0,1,0,0,8764
17,0,2015-03-04,0.43388373911755823,-0.900968867902419,1.0,6.123233995736766e-17,0.8840675099433636,0.46735921715800227,8764.0,4813.0,7592.0,5840.142857142857,6135.0,3506.3677040764683,5298.766666666666,5468.5,2925.7126297628834,50.0,1,1,1,0,0,0,1,0,0,7929
17,0,2015-03-05,-0.433883739117558,-0.9009688679024191,1.0,6.123233995736766e-17,0.8919813464595485,0.45207220393230435,7929.0,5247.0,7610.0,6017.0,6485.0,3502.6837329872274,5212.6,5468.5,2847.843983037723,50.0,1,1,1,0,0,0,1,0,0,6485
17,0,2015-03-06,-0.9749279121818236,-0.2225209339563146,1.0,6.123233995736766e-17,0.8996308696522433,0.43665123195606403,6485.0,6135.0,6852.0,6101.857142857143,6729.0,3513.1983257696224,5193.133333333333,5468.5,2834.9582826503533,50.0,1,1,1,0,0,0,1,0,0,6729
17,0,2015-03-07,-0.7818314824680299,0.6234898018587334,1.0,6.123233995736766e-17,0.9070138128026359,0.4211008707960896,6729.0,2820.0,2795.0,6068.857142857143,6729.0,3550.0547145347605,5069.4,5412.5,2865.776113208167,50.0,0,1,1,0,0,0,1,0,0,2589
17,0,2015-03-08,-2.4492935982947064e-16,1.0,1.0,6.123233995736766e-17,0.9141279881853337,0.40542572835999735,2589.0,0.0,0.0,6068.857142857143,6729.0,3550.0547145347605,4847.966666666666,5329.0,2993.7816413512833,50.0,0,1,1,0,0,0,1,0,0,0
17,0,2015-03-09,0.7818314824680298,0.6234898018587336,1.0,6.123233995736766e-17,0.9209712877166346,0.38963044953078796,0.0,9986.0,3995.0,5430.571428571428,6485.0,3101.7442865342123,4947.466666666666,5412.5,2963.6417105489954,50.0,0,1,1,0,0,0,1,0,0,5518
17,0,2015-03-10,0.9749279121818236,-0.22252093395631434,1.0,6.123233995736766e-17,0.9275416835791966,0.37371971479046906,5518.0,8764.0,5523.0,4843.857142857143,5518.0,2732.579271712075,5102.7,5412.5,2813.734886293457,50.0,0,1,1,0,0,0,1,0,0,4657
17,0,2015-03-11,0.43388373911755823,-0.900968867902419,1.0,6.123233995736766e-17,0.9338372288229252,0.35769823883312546,4657.0,7929.0,4813.0,4485.857142857143,5423.0,2405.6215017171407,5139.8,5418.5,2810.2579511006033,50.0,0,1,1,0,0,0,1,0,0,5423
17,0,2015-03-12,-0.433883739117558,-0.9009688679024191,1.0,6.123233995736766e-17,0.9398560579418954,0.3415707691678556,5423.0,6485.0,5247.0,4293.857142857143,5141.0,2269.2392578844206,5130.7,5417.0,2809.7814020998558,50.0,0,1,1,0,0,0,1,0,0,5141
17,0,2015-03-13,-0.9749279121818236,-0.2225209339563146,1.0,6.123233995736766e-17,0.9455963874271426,0.3253420847119801,5141.0,6729.0,6135.0,4129.857142857143,5141.0,2099.0166291680102,5159.533333333334,5470.5,2809.8173180688395,50.0,0,1,1,0,0,0,1,0,0,5581
17,0,2015-03-14,-0.7818314824680299,0.6234898018587334,1.0,6.123233995736766e-17,0.9510565162951535,0.30901699437494745,5581.0,2589.0,2820.0,4137.857142857143,5141.0,2092.261012124723,5067.333333333333,5470.5,2846.423918961617,50.0,0,1,1,0,0,0,1,0,0,2645
17,0,2015-03-15,-2.4492935982947064e-16,1.0,1.0,6.123233995736766e-17,0.9562348265919056,0.29260033563334836,2645.0,0.0,0.0,4137.857142857143,5141.0,2092.261012124723,4872.566666666667,5335.0,2987.9062636284148,50.0,0,1,1,0,0,0,1,0,0,0
17,0,2015-03-16,0.7818314824680298,0.6234898018587336,1.0,6.123233995736766e-17,0.9611297838723007,0.27609697309746883,0.0,5518.0,9986.0,4845.857142857143,5141.0,3188.479283742826,5123.133333333333,5470.5,3133.374744896315,50.0,1,1,1,0,0,0,1,0,0,10474
17,0,2015-03-17,0.9749279121818236,-0.22252093395631434,1.0,6.123233995736766e-17,0.9657399376548549,0.2595117970697999,10474.0,4657.0,8764.0,5482.571428571428,5423.0,3567.0235424483762,5426.933333333333,5520.5,3060.5091410252107,50.0,1,1,1,0,0,0,1,0,0,9114
17,0,2015-03-18,0.43388373911755823,-0.900968867902419,1.0,6.123233995736766e-17,0.970063921851507,0.2428497220959356,9114.0,5423.0,7929.0,5747.857142857143,5581.0,3630.3467891544215,5343.6,5520.5,2970.6094997491714,50.0,1,1,1,0,0,0,1,0,0,7280
17,0,2015-03-19,-0.433883739117558,-0.9009688679024191,1.0,6.123233995736766e-17,0.9741004551724205,0.22611568550828828,7280.0,5141.0,6485.0,6020.142857142857,7047.0,3648.6761721922944,5291.466666666666,5520.5,2924.6587508964913,50.0,1,1,1,0,0,0,1,0,0,7047
17,0,2015-03-20,-0.9749279121818236,-0.2225209339563146,1.0,6.123233995736766e-17,0.9778483415056568,0.20931464596304847,7047.0,5581.0,6729.0,6264.285714285715,7280.0,3671.5000891681743,5281.4,5520.5,2916.976925895527,50.0,1,1,1,0,0,0,1,0,0,7290
17,0,2015-03-21,-0.7818314824680299,0.6234898018587334,1.0,6.123233995736766e-17,0.9813064702716093,0.19245158197082998,7290.0,2645.0,2589.0,6290.571428571428,7280.0,3641.808152422039,5122.033333333334,5470.5,2915.9716720081574,50.0,0,1,1,0,0,0,1,0,0,2829
17,0,2015-03-22,-2.4492935982947064e-16,1.0,1.0,6.123233995736766e-17,0.9844738167520922,0.1755314904214282,2829.0,0.0,0.0,6290.571428571428,7280.0,3641.808152422039,4893.633333333333,5335.0,3041.4451928186327,50.0,0,1,1,0,0,0,1,0,0,0
17,0,2015-03-23,0.7818314824680298,0.6234898018587336,1.0,6.123233995736766e-17,0.9873494423939864,0.15855938510313478,0.0,10474.0,5518.0,5458.428571428572,7047.0,3160.2491915007217,4955.433333333333,5335.0,3016.0620784260345,50.0,0,1,1,0,0,0,1,0,0,4649
17,0,2015-03-24,0.9749279121818236,-0.22252093395631434,1.0,6.123233995736766e-17,0.989932495087353,0.141540295217043,4649.0,9114.0,4657.0,4920.714285714285,5350.0,2724.8133706296153,5133.766666666666,5386.5,2867.460509102853,50.0,0,1,1,0,0,0,1,0,0,5350
17,0,2015-03-25,0.43388373911755823,-0.900968867902419,1.0,6.123233995736766e-17,0.9922222094179323,0.12447926388678915,5350.0,7280.0,5423.0,4628.571428571428,5235.0,2532.546864136504,5175.1,5386.5,2859.4053438940205,50.0,0,1,1,0,0,0,1,0,0,5235
17,0,2015-03-26,-0.433883739117558,-0.9009688679024191,1.0,6.123233995736766e-17,0.994217906893952,0.10738134666416309,5235.0,7047.0,5141.0,4296.857142857143,4725.0,2304.8146294638323,5148.5,5298.5,2859.7690858070964,50.0,0,1,1,0,0,0,1,0,0,4725
17,0,2015-03-27,-0.9749279121818236,-0.2225209339563146,1.0,6.123233995736766e-17,0.995918996147179,0.09025161003104117,4725.0,7290.0,5581.0,3982.8571428571427,4725.0,1951.7598408079066,5157.8,5298.5,2859.0939896021846,50.0,0,1,1,0,0,0,1,0,0,5092
17,0,2015-03-28,-0.7818314824680299,0.6234898018587334,1.0,6.123233995736766e-17,0.9973249731081555,0.07309512989807777,5092.0,2829.0,2645.0,4003.1428571428573,4725.0,1938.4610243327493,5081.933333333333,5292.5,2886.709138547689,50.0,0,1,1,0,0,0,1,0,0,2971
17,0,2015-03-29,-2.4492935982947064e-16,1.0,1.0,6.123233995736766e-17,0.9984354211555643,0.055916990100603484,2971.0,0.0,0.0,4003.1428571428573,4725.0,1938.461024332749,4877.433333333333,5188.0,3023.597362851692,50.0,0,1,1,0,0,0,1,0,0,0
17,0,2015-03-30,0.7818314824680298,0.6234898018587336,1.0,6.123233995736766e-17,0.9992500112396835,0.03872228089217446,0.0,4649.0,10474.0,4967.571428571428,5092.0,3423.723453451564,5163.433333333333,5292.5,3221.5816064669943,50.0,1,1,1,0,0,0,1,0,0,11400
17,0,2015-03-31,0.9749279121818236,-0.22252093395631434,1.0,6.123233995736766e-17,0.9997685019798909,0.021516097436222254,11400.0,5350.0,9114.0,5757.285714285715,5092.0,4097.817862972347,5526.033333333334,5386.5,3232.5388706981903,50.0,1,1,1,0,0,0,1,0,0,10878
17,0,2015-04-01,0.43388373911755823,-0.900968867902419,0.8660254037844387,-0.49999999999999983,0.9999907397361901,0.004303538296244289,10878.0,5235.0,7280.0,6271.571428571428,5092.0,4244.61976534777,5487.666666666667,5386.5,3184.2484993711064,50.0,1,1,1,0,0,0,1,0,0,8835
17,0,2015-04-02,-0.433883739117558,-0.9009688679024191,0.8660254037844387,-0.49999999999999983,0.9999166586547379,-0.01291029607500882,8835.0,4725.0,7047.0,6839.857142857143,8703.0,4269.272046792498,5485.633333333333,5386.5,3182.102975027392,50.0,1,1,1,0,0,0,1,0,0,8703
17,0,2015-04-03,-0.9749279121818236,-0.2225209339563146,0.8660254037844387,-0.49999999999999983,0.9995462806873573,-0.030120304846908114,8703.0,5092.0,7290.0,6112.428571428572,8703.0,4989.73408967996,5221.333333333333,5292.5,3299.289885282356,50.0,1,1,1,0,0,0,1,0,0,0
17,0,2015-04-04,-0.7818314824680299,0.6234898018587334,0.8660254037844387,-0.49999999999999983,0.9988797155850336,-0.04732138832243185,0.0,2971.0,2829.0,6487.571428571428,8703.0,4809.65427922988,5191.733333333334,5292.5,3291.53609390377,50.0,0,1,1,0,0,0,1,0,0,5597
17,0,2015-04-05,-2.4492935982947064e-16,1.0,0.8660254037844387,-0.49999999999999983,0.9979171608653922,-0.06450844944931623,5597.0,0.0,0.0,6487.571428571428,8703.0,4809.65427922988,4967.433333333333,5188.0,3410.2971726445126,50.0,0,1,1,0,0,0,1,0,0,0
17,0,2015-04-06,0.7818314824680298,0.6234898018587336,0.8660254037844387,-0.49999999999999983,0.9966589017541702,-0.08167639533042241,0.0,11400.0,4649.0,4859.0,5597.0,4799.089496977527,4881.133333333333,5188.0,3504.030661703883,50.0,0,1,1,0,0,0,1,0,0,0
17,0,2015-04-07,0.9749279121818236,-0.22252093395631434,0.8660254037844387,-0.49999999999999983,0.9951053111006976,-0.09882013873287143,0.0,10878.0,5350.0,4274.142857142857,5597.0,4148.702987222694,5107.266666666666,5292.5,3395.382492630896,50.0,0,1,1,0,0,0,1,0,0,6784
17,0,2015-04-08,0.43388373911755823,-0.900968867902419,0.8660254037844387,-0.49999999999999983,0.9932568492674143,-0.11593459959550041,6784.0,8835.0,5235.0,3822.285714285714,5597.0,3719.179601035951,5112.4,5292.5,3396.141203757891,50.0,0,1,1,0,0,0,1,0,0,5672
17,0,2015-04-09,-0.433883739117558,-0.9009688679024191,0.8660254037844387,-0.49999999999999983,0.9911140639934547,-0.1330147065341959,5672.0,8703.0,4725.0,3357.285714285714,5448.0,3170.220324324784,5138.766666666666,5386.5,3395.554189528274,50.0,0,1,1,0,0,0,1,0,0,5448
17,0,2015-04-10,-0.9749279121818236,-0.2225209339563146,0.8660254037844387,-0.49999999999999983,0.9886775902323405,-0.1500553983446526,5448.0,0.0,5092.0,4127.428571428572,5448.0,2858.1628048534335,5137.7,5370.5,3395.466847694604,50.0,0,1,1,0,0,0,1,0,0,5391
17,0,2015-04-11,-0.7818314824680299,0.6234898018587334,0.8660254037844387,-0.49999999999999983,0.9859481499638304,-0.16705162550211924,5391.0,5597.0,2971.0,3723.5714285714284,5391.0,2815.3103947962204,5058.666666666667,5370.5,3422.870657829465,50.0,0,1,1,0,0,0,1,0,0,2770
17,0,2015-04-12,-2.4492935982947064e-16,1.0,0.8660254037844387,-0.49999999999999983,0.9829265519799822,-0.18399835165768005,2770.0,0.0,0.0,3723.5714285714284,5391.0,2815.3103947962204,4872.633333333333,5292.5,3543.05676989696,50.0,0,1,1,0,0,0,1,0,0,0
17,0,2015-04-13,0.7818314824680298,0.6234898018587336,0.8660254037844387,-0.49999999999999983,0.9796136916454901,-0.20089055513063506,0.0,0.0,11400.0,5108.285714285715,5448.0,3052.40051512935,5107.566666666667,5370.5,3623.0205599969963,50.0,1,1,1,0,0,0,1,0,0,9693
17,0,2015-04-14,0.9749279121818236,-0.22252093395631434,0.8660254037844387,-0.49999999999999983,0.9760105506323683,-0.21772323039653177,9693.0,6784.0,10878.0,5481.571428571428,5448.0,3428.132380618875,5420.8,5419.5,3572.0688914853345,50.0,1,1,1,0,0,0,1,0,0,9397
17,0,2015-04-15,0.43388373911755823,-0.900968867902419,0.8660254037844387,-0.49999999999999983,0.9721181966290613,-0.23449138957040985,9397.0,5672.0,8835.0,5658.428571428572,5448.0,3471.2568740607917,5302.0,5419.5,3455.5806538369843,50.0,1,1,1,0,0,0,1,0,0,6910
17,0,2015-04-16,-0.433883739117558,-0.9009688679024191,0.8660254037844387,-0.49999999999999983,0.9679377830240642,-0.25119006388481935,6910.0,5448.0,8703.0,5891.571428571428,6910.0,3509.3646555629266,5234.2,5419.5,3397.677334439741,50.0,1,1,1,0,0,0,1,0,0,7080
17,0,2015-04-17,-0.9749279121818236,-0.2225209339563146,0.8660254037844387,-0.49999999999999983,0.9634705485641488,-0.2678143051621742,7080.0,5391.0,0.0,6152.571428571428,7080.0,3533.7854045929694,5232.133333333333,5419.5,3396.408668531835,50.0,1,1,1,0,0,0,1,0,0,7218
17,0,2015-04-18,-0.7818314824680299,0.6234898018587334,0.8660254037844387,-0.49999999999999983,0.9587178169872964,-0.2843591872810034,7218.0,2770.0,5597.0,6127.0,7080.0,3562.8700977348785,5083.6,5370.5,3411.7047169797834,50.0,0,1,1,0,0,0,1,0,0,2591
17,0,2015-04-19,-2.4492935982947064e-16,1.0,0.8660254037844387,-0.49999999999999983,0.9536809966304457,-0.30081980763566735,2591.0,0.0,0.0,6127.0,7080.0,3562.8700977348785,4840.6,5292.5,3507.408224768319,50.0,0,1,1,0,0,0,1,0,0,0
17,0,2015-04-20,0.7818314824680298,0.6234898018587336,0.8660254037844387,-0.49999999999999983,0.9483615800121715,-0.3171912885891061,0.0,9693.0,0.0,5517.428571428572,6910.0,3197.349519896279,4927.166666666667,5370.5,3488.0426591362175,50.0,0,1,1,0,0,0,1,0,0,5426
17,0,2015-04-21,0.9749279121818236,-0.22252093395631434,0.8660254037844387,-0.49999999999999983,0.9427611433904207,-0.3334687789181868,5426.0,9397.0,6784.0,4928.571428571428,5426.0,2705.5095550341293,5103.0,5370.5,3361.7693514597077,50.0,0,1,1,0,0,0,1,0,0,5275
17,0,2015-04-22,0.43388373911755823,-0.900968867902419,0.8660254037844387,-0.49999999999999983,0.9368813462954315,-0.3496474552512284,5275.0,6910.0,5672.0,4653.428571428572,5275.0,2564.6890556909575,5114.166666666667,5370.5,3360.765543775691,50.0,0,1,1,0,0,0,1,0,0,4984
17,0,2015-04-23,-0.433883739117558,-0.9009688679024191,0.8660254037844387,-0.49999999999999983,0.9307239310379795,-0.36572252349726897,4984.0,7080.0,5448.0,4339.714285714285,4984.0,2343.1381175883043,5098.633333333333,5333.0,3360.7148611807206,50.0,0,1,1,0,0,0,1,0,0,4884
17,0,2015-04-24,-0.9749279121818236,-0.2225209339563146,0.8660254037844387,-0.49999999999999983,0.9242907221930934,-0.3816892202666588,4884.0,7218.0,5391.0,3979.1428571428573,4884.0,1994.6881484392086,5080.6,5333.0,3361.409306249086,50.0,0,1,1,0,0,0,1,0,0,4694
17,0,2015-04-25,-0.7818314824680299,0.6234898018587334,0.8660254037844387,-0.49999999999999983,0.9175836260593937,-0.39754281428255595,4694.0,2591.0,2770.0,3976.4285714285716,4884.0,1996.9035911583167,5008.833333333333,5333.0,3392.106517554662,50.0,0,1,1,0,0,0,1,0,0,2572
17,0,2015-04-26,-2.4492935982947064e-16,1.0,0.8660254037844387,-0.49999999999999983,0.9106046300942163,-0.4132786077829042,2572.0,0.0,0.0,3976.4285714285716,4884.0,1996.9035911583167,4839.1,5333.0,3513.041833040093,50.0,0,1,1,0,0,0,1,0,0,0
17,0,2015-04-27,0.7818314824680298,0.6234898018587336,0.8660254037844387,-0.49999999999999983,0.9033558023246845,-0.4288919379124835,0.0,5426.0,9693.0,4730.571428571428,4884.0,3243.378889221492,5096.9,5408.5,3652.2434517751576,50.0,1,1,1,0,0,0,1,0,0,10705
17,0,2015-04-28,0.9749279121818236,-0.22252093395631434,0.8660254037844387,-0.49999999999999983,0.895839290734909,-0.4443781781046132,10705.0,5275.0,9397.0,5283.428571428572,4884.0,3655.321684756026,5401.733333333334,5437.0,3593.330065679963,50.0,1,1,1,0,0,0,1,0,0,9145
17,0,2015-04-29,0.43388373911755823,-0.900968867902419,0.8660254037844387,-0.49999999999999983,0.8880573226294932,-0.45973273945210397,9145.0,4984.0,6910.0,5750.428571428572,4884.0,3815.982479744148,5296.833333333333,5437.0,3455.4754459366795,50.0,1,1,1,0,0,0,1,0,0,8253
17,0,2015-04-30,-0.433883739117558,-0.9009688679024191,0.8660254037844387,-0.49999999999999983,0.8800122039735357,-0.47495107206704995,8253.0,4884.0,7080.0,6399.285714285715,8253.0,4024.556941009603,5248.433333333333,5437.0,3384.0361810584523,50.0,1,1,1,0,0,0,1,0,0,9426
17,0,2015-05-01,-0.9749279121818236,-0.2225209339563146,0.49999999999999994,-0.8660254037844387,0.8717063187093218,-0.49002866642905923,9426.0,4694.0,7218.0,5728.714285714285,8253.0,4691.793321474059,4953.933333333333,5408.5,3445.0364587764366,50.0,1,1,1,0,0,0,1,0,0,0
17,0,2015-05-02,-0.7818314824680299,0.6234898018587334,0.49999999999999994,-0.8660254037844387,0.8631421280499114,-0.5049610547215204,0.0,2572.0,2591.0,5969.285714285715,8253.0,4543.795539497999,4805.7,5333.0,3373.080175805763,50.0,0,1,1,0,0,0,1,0,0,4256
17,0,2015-05-03,-2.4492935982947064e-16,1.0,0.49999999999999994,-0.8660254037844387,0.854322169749827,-0.5197438121555155,4256.0,0.0,0.0,5969.285714285715,8253.0,4543.795539497999,4805.7,5333.0,3373.080175805763,50.0,0,1,1,0,0,0,1,0,0,0
17,0,2015-05-04,0.7818314824680298,0.6234898018587336,0.49999999999999994,-0.8660254037844387,0.8452490573530633,-0.5343725582809787,0.0,10705.0,5426.0,5875.285714285715,8253.0,4435.000552960722,4954.033333333334,5333.0,3504.3687658587637,50.0,1,1,1,0,0,0,1,0,0,10047
17,0,2015-05-05,0.9749279121818236,-0.22252093395631434,0.49999999999999994,-0.8660254037844387,0.835925479418637,-0.548842958284719,10047.0,9145.0,5275.0,5765.714285714285,8253.0,4349.403894569375,5233.3,5408.5,3428.978023581798,50.0,1,1,1,0,0,0,1,0,0,8378
17,0,2015-05-06,0.43388373911755823,-0.900968867902419,0.49999999999999994,-0.8660254037844387,0.8263541987239096,-0.5631507242749186,8378.0,8253.0,4984.0,5651.428571428572,7453.0,4283.160821058163,5481.733333333334,5437.0,3304.4738945163813,50.0,1,1,1,0,0,0,1,0,0,7453
17,0,2015-05-07,-0.433883739117558,-0.9009688679024191,0.49999999999999994,-0.8660254037844387,0.8165380514459161,-0.5772916165517272,7453.0,9426.0,4884.0,5388.0,7453.0,4063.3884464405664,5508.333333333333,5437.0,3318.500277528096,50.0,1,1,1,0,0,0,1,0,0,7582
17,0,2015-05-08,-0.9749279121818236,-0.2225209339563146,0.49999999999999994,-0.8660254037844387,0.8064799463209448,-0.5912614448635781,7582.0,0.0,4694.0,6370.285714285715,7453.0,3303.941016134405,5548.466666666666,5437.0,3327.815289690652,50.0,1,1,1,0,0,0,1,0,0,6876
17,0,2015-05-09,-0.7818314824680299,0.6234898018587334,0.49999999999999994,-0.8660254037844387,0.7961828637826158,-0.6050560696488488,6876.0,4256.0,2572.0,6185.428571428572,7453.0,3473.7865918496336,5465.6,5408.5,3361.188178667452,50.0,0,1,1,0,0,0,1,0,0,2962
17,0,2015-05-10,-2.4492935982947064e-16,1.0,0.49999999999999994,-0.8660254037844387,0.7856498550787145,-0.6186714032625031,2962.0,0.0,0.0,6185.428571428572,7453.0,3473.7865918496336,5285.9,5350.5,3506.29212102059,50.0,0,1,1,0,0,0,1,0,0,0
17,0,2015-05-11,0.7818314824680298,0.6234898018587336,0.49999999999999994,-0.8660254037844387,0.7748840413670407,-0.6321034111873487,0.0,10047.0,10705.0,5470.857142857143,6876.0,3033.63689480528,5361.733333333334,5350.5,3474.4595603894486,50.0,0,1,1,0,0,0,1,0,0,5045
17,0,2015-05-12,0.9749279121818236,-0.22252093395631434,0.49999999999999994,-0.8660254037844387,0.7638886127905428,-0.6453481132295501,5045.0,8378.0,9145.0,5091.142857142857,5720.0,2763.422662120984,5552.4,5573.0,3323.758597400409,50.0,0,1,1,0,0,0,1,0,0,5720
17,0,2015-05-13,0.43388373911755823,-0.900968867902419,0.49999999999999994,-0.8660254037844387,0.7526668275320084,-0.6584015846980488,5720.0,7453.0,8253.0,4926.714285714285,5720.0,2630.5125428507763,5439.366666666667,5573.0,3234.553750421818,50.0,0,1,1,0,0,0,1,0,0,6302
17,0,2015-05-14,-0.433883739117558,-0.9009688679024191,0.49999999999999994,-0.8660254037844387,0.741222010848596,-0.6712599575675313,6302.0,7582.0,9426.0,3843.5714285714284,5045.0,2901.929235132089,5126.133333333333,5350.5,3292.56317440855,50.0,0,1,1,0,0,0,1,0,0,0
17,0,2015-05-15,-0.9749279121818236,-0.2225209339563146,0.49999999999999994,-0.8660254037844387,0.7295575540864875,-0.6839194216246106,0.0,6876.0,0.0,3823.8571428571427,5045.0,2878.26721185806,5120.4,5350.5,3289.4981443039837,50.0,0,1,1,0,0,0,1,0,0,6738
17,0,2015-05-16,-0.7818314824680299,0.6234898018587334,0.49999999999999994,-0.8660254037844387,0.717676913675962,-0.6963762255968722,6738.0,2962.0,4256.0,3794.285714285714,5045.0,2889.6386575882802,4976.233333333334,5160.0,3295.4237201613914,50.0,0,1,1,0,0,0,1,0,0,2755
17,0,2015-05-17,-2.4492935982947064e-16,1.0,0.49999999999999994,-0.8660254037844387,0.705583610107178,-0.7086266782644596,2755.0,0.0,0.0,3794.285714285714,5045.0,2889.6386575882802,4735.633333333333,5014.5,3388.2934213546873,50.0,0,1,1,0,0,0,1,0,0,0
17,0,2015-05-18,0.7818314824680298,0.6234898018587336,0.49999999999999994,-0.8660254037844387,0.6932812268869777,-0.7206671495538609,0.0,5045.0,10047.0,4467.571428571428,5720.0,3672.6120521659113,4974.533333333334,5160.0,3483.200843985353,50.0,1,1,1,0,0,0,1,0,0,9758
17,0,2015-05-19,0.9749279121818236,-0.22252093395631434,0.49999999999999994,-0.8660254037844387,0.6807734094770161,-0.7324940716135789,9758.0,5720.0,8378.0,4771.571428571428,6302.0,3876.0005958523325,5236.133333333333,5350.5,3390.17722793096,50.0,1,1,1,0,0,0,1,0,0,7848
17,0,2015-05-20,0.43388373911755823,-0.900968867902419,0.49999999999999994,-0.8660254037844387,0.6680638642135335,-0.7441039398713607,7848.0,6302.0,7453.0,4869.0,6738.0,3929.089504367819,5288.066666666667,5497.5,3405.0865798231903,50.0,1,1,1,0,0,0,1,0,0,6984
17,0,2015-05-21,-0.433883739117558,-0.9009688679024191,0.49999999999999994,-0.8660254037844387,0.6551563572090853,-0.7554933140726803,6984.0,0.0,7582.0,5788.285714285715,6738.0,3302.929442897913,5326.733333333334,6011.0,3411.5132443084535,50.0,1,1,1,0,0,0,1,0,0,6435
17,0,2015-05-22,-0.9749279121818236,-0.2225209339563146,0.49999999999999994,-0.8660254037844387,0.6420547132365637,-0.766658819300159,6435.0,6738.0,6876.0,5645.714285714285,6435.0,3276.5364189585803,5351.933333333333,6021.0,3411.686446494671,50.0,1,1,1,0,0,0,1,0,0,5740
17,0,2015-05-23,-0.7818314824680299,0.6234898018587334,0.49999999999999994,-0.8660254037844387,0.6287628145958344,-0.777597146973627,5740.0,2755.0,2962.0,5603.857142857143,6435.0,3321.18675719847,5271.2,6021.0,3451.5650862800812,50.0,0,1,1,0,0,0,1,0,0,2462
17,0,2015-05-24,-2.4492935982947064e-16,1.0,0.49999999999999994,-0.8660254037844387,0.6152845999633276,-0.7883050558305255,2462.0,0.0,0.0,5603.857142857143,6435.0,3321.18675719847,5114.733333333334,6021.0,3582.542344561297,50.0,0,1,1,0,0,0,1,0,0,0
17,0,2015-05-25,0.7818314824680298,0.6234898018587336,0.49999999999999994,-0.8660254037844387,0.6016240632249226,-0.7987793728863649,0.0,9758.0,5045.0,4209.857142857143,5740.0,3334.8000653997983,5029.0,6021.0,3675.0706209494206,50.0,0,1,1,0,0,0,1,0,0,0
17,0,2015-05-26,0.9749279121818236,-0.22252093395631434,0.49999999999999994,-0.8660254037844387,0.5877852522924732,-0.8090169943749473,0.0,7848.0,5720.0,4006.5714285714284,5740.0,3111.9888526547848,5243.166666666667,6363.5,3557.217685343361,50.0,0,1,1,0,0,0,1,0,0,6425
17,0,2015-05-27,0.43388373911755823,-0.900968867902419,0.49999999999999994,-0.8660254037844387,0.5737722679043246,-0.8190148866680801,6425.0,6984.0,6302.0,3854.5714285714284,5740.0,2964.828486165933,5083.666666666667,6111.0,3408.0199766021888,50.0,0,1,1,0,0,0,1,0,0,5920
17,0,2015-05-28,-0.433883739117558,-0.9009688679024191,0.49999999999999994,-0.8660254037844387,0.5595892624101765,-0.8287700871745037,5920.0,6435.0,0.0,3760.714285714286,5740.0,2878.6729995078053,4971.433333333333,5849.0,3324.0668141686797,50.0,0,1,1,0,0,0,1,0,0,5778
17,0,2015-05-29,-0.9749279121818236,-0.2225209339563146,0.49999999999999994,-0.8660254037844387,0.545240438540651,-0.8382797052177743,5778.0,5740.0,6738.0,3955.8571428571427,5778.0,3074.826522400437,4933.2,5849.0,3291.457212134223,50.0,0,1,1,0,0,0,1,0,0,7106
17,0,2015-05-30,-0.7818314824680299,0.6234898018587334,0.49999999999999994,-0.8660254037844387,0.5307300481619334,-0.8475409228928311,7106.0,2462.0,2755.0,4098.571428571428,5778.0,3016.566804450766,4734.366666666667,5759.0,3189.276790610449,50.0,0,1,1,0,0,0,1,0,0,3461
17,0,2015-05-31,-2.4492935982947064e-16,1.0,0.49999999999999994,-0.8660254037844387,0.5160623910158528,-0.8565509959010036,3461.0,0.0,0.0,4098.571428571428,5778.0,3016.566804450766,4734.366666666667,5759.0,3189.276790610449,50.0,0,1,1,0,0,0,1,0,0,0
17,0,2015-06-01,0.7818314824680298,0.6234898018587336,1.2246467991473532e-16,-1.0,0.5012418134457758,-0.865307254363206,0.0,0.0,9758.0,5531.0,5920.0,3124.715133682858,4926.733333333334,5849.0,3330.352015497233,50.0,1,1,1,0,0,0,1,0,0,10027
17,0,2015-06-02,0.9749279121818236,-0.22252093395631434,1.2246467991473532e-16,-1.0,0.48627270710869,-0.8738071036110808,10027.0,6425.0,7848.0,5994.714285714285,5920.0,3498.052206313572,5249.1,6111.0,3304.9797782260025,50.0,1,1,1,0,0,0,1,0,0,9671
17,0,2015-06-03,0.43388373911755823,-0.900968867902419,1.2246467991473532e-16,-1.0,0.4711595076738638,-0.8820480249558537,9671.0,5920.0,6984.0,6277.142857142857,7106.0,3570.083165631274,5177.433333333333,6111.0,3219.559272508497,50.0,1,1,1,0,0,0,1,0,0,7897
17,0,2015-06-04,-0.433883739117558,-0.9009688679024191,1.2246467991473532e-16,-1.0,0.4559066935084588,-0.8900275764346767,7897.0,5778.0,6435.0,6562.571428571428,7776.0,3603.241728274827,5157.366666666667,6111.0,3200.7441859164883,50.0,1,1,1,0,0,0,1,0,0,7776
17,0,2015-06-05,-0.9749279121818236,-0.2225209339563146,1.2246467991473532e-16,-1.0,0.440518784350495,-0.8977433935342337,7776.0,7106.0,5740.0,6498.714285714285,7776.0,3595.95943220933,5130.9,6111.0,3184.3479963830914,50.0,1,1,1,0,0,0,1,0,0,6659
17,0,2015-06-06,-0.7818314824680299,0.6234898018587334,1.2246467991473532e-16,-1.0,0.42500033996955416,-0.9051931898913974,6659.0,3461.0,2462.0,6369.571428571428,7776.0,3736.7143257654798,4963.4,5849.0,3183.1315918501596,50.0,0,1,1,0,0,0,1,0,0,2557
17,0,2015-06-07,-2.4492935982947064e-16,1.0,1.2246467991473532e-16,-1.0,0.4093559588156213,-0.9123747579707273,2557.0,0.0,0.0,6369.571428571428,7776.0,3736.7143257654798,4734.2,5759.0,3286.5388816640684,50.0,0,1,1,0,0,0,1,0,0,0
17,0,2015-06-08,0.7818314824680298,0.6234898018587336,1.2246467991473532e-16,-1.0,0.39359027665646673,-0.9192859697186104,0.0,10027.0,0.0,5732.0,6659.0,3371.569466386045,4820.933333333333,5759.0,3272.460804889843,50.0,0,1,1,0,0,0,1,0,0,5564
17,0,2015-06-09,0.9749279121818236,-0.22252093395631434,1.2246467991473532e-16,-1.0,0.3777079652039649,-0.9259247771938498,5564.0,9671.0,6425.0,5203.571428571428,5972.0,2909.527616707044,5020.0,5849.0,3148.3751802893685,50.0,0,1,1,0,0,0,1,0,0,5972
17,0,2015-06-10,0.43388373911755823,-0.900968867902419,1.2246467991473532e-16,-1.0,0.36171373072976765,-0.9322892131745133,5972.0,7897.0,5920.0,4810.0,5564.0,2660.10808051102,5023.233333333334,5849.0,3148.4515480748246,50.0,0,1,1,0,0,0,1,0,0,5142
17,0,2015-06-11,-0.433883739117558,-0.9009688679024191,1.2246467991473532e-16,-1.0,0.3456123126707335,-0.9383773917408641,5142.0,7776.0,5778.0,4396.571428571428,5142.0,2326.2493315165034,4995.3,5849.0,3145.772874169735,50.0,0,1,1,0,0,0,1,0,0,4882
17,0,2015-06-12,-0.9749279121818236,-0.2225209339563146,1.2246467991473532e-16,-1.0,0.3294084822245304,-0.9441875088341993,4882.0,6659.0,7106.0,4125.142857142857,4882.0,2119.971417147844,4943.866666666667,5759.0,3136.2713061447944,50.0,0,1,1,0,0,0,1,0,0,4759
17,0,2015-06-13,-0.7818314824680299,0.6234898018587334,1.2246467991473532e-16,-1.0,0.3131070409358269,-0.9497178427914316,4759.0,2557.0,3461.0,4115.714285714285,4882.0,2128.2387643531133,5026.9,5759.0,3032.1133787144827,50.0,0,1,1,0,0,0,1,0,0,2491
17,0,2015-06-14,-2.4492935982947064e-16,1.0,1.2246467991473532e-16,-1.0,0.29671281927349075,-0.9549667548552551,2491.0,0.0,0.0,4115.714285714285,4882.0,2128.2387643531133,4802.3,5652.0,3148.322707794397,50.0,0,1,1,0,0,0,1,0,0,0
17,0,2015-06-15,0.7818314824680298,0.6234898018587336,1.2246467991473532e-16,-1.0,0.28023067519921585,-0.9599326896597447,0.0,5564.0,10027.0,4769.0,4882.0,3118.420433488727,5048.366666666667,5759.0,3268.9619936750564,50.0,1,1,1,0,0,0,1,0,0,10137
17,0,2015-06-16,0.9749279121818236,-0.22252093395631434,1.2246467991473532e-16,-1.0,0.26366549272800704,-0.9646141756912435,10137.0,5972.0,9671.0,5077.142857142857,4882.0,3354.723109715191,5319.333333333333,5849.0,3171.5267218055214,50.0,1,1,1,0,0,0,1,0,0,8129
17,0,2015-06-17,0.43388373911755823,-0.900968867902419,1.2246467991473532e-16,-1.0,0.24702218048093552,-0.9690098257244062,8129.0,5142.0,7897.0,5438.571428571428,4882.0,3496.1804328506323,5249.8,5849.0,3092.745141511804,50.0,1,1,1,0,0,0,1,0,0,7672
17,0,2015-06-18,-0.433883739117558,-0.9009688679024191,1.2246467991473532e-16,-1.0,0.23030567023061221,-0.9731183372332619,7672.0,4882.0,7776.0,5775.571428571428,7241.0,3546.915554729343,5229.566666666667,5849.0,3077.1071018233984,50.0,1,1,1,0,0,0,1,0,0,7241
17,0,2015-06-19,-0.9749279121818236,-0.2225209339563146,1.2246467991473532e-16,-1.0,0.21352091543979612,-0.9769384927771817,7241.0,4759.0,6659.0,6070.0,7241.0,3533.983965253192,5224.1,5849.0,3074.02690350106,50.0,1,1,1,0,0,0,1,0,0,6820
17,0,2015-06-20,-0.7818314824680299,0.6234898018587334,1.2246467991473532e-16,-1.0,0.19667288979357647,-0.980469160361632,6820.0,2491.0,2557.0,6068.428571428572,7241.0,3535.842608541981,5092.266666666666,5759.0,3104.957137061404,50.0,0,1,1,0,0,0,1,0,0,2480
17,0,2015-06-21,-2.4492935982947064e-16,1.0,1.2246467991473532e-16,-1.0,0.1797665857255624,-0.9837092937736097,2480.0,0.0,0.0,6068.428571428572,7241.0,3535.842608541981,4900.933333333333,5671.0,3237.6842185195615,50.0,0,1,1,0,0,0,1,0,0,0
17,0,2015-06-22,0.7818314824680298,0.6234898018587336,1.2246467991473532e-16,-1.0,0.16280701293851715,-0.986657932891657,0.0,10137.0,5564.0,5324.0,6820.0,3051.932447919954,4983.066666666667,5671.0,3204.7660082783173,50.0,0,1,1,0,0,0,1,0,0,4926
17,0,2015-06-23,0.9749279121818236,-0.22252093395631434,1.2246467991473532e-16,-1.0,0.1457991969198751,-0.9893142039703663,4926.0,8129.0,5972.0,4906.0,5203.0,2793.125429812755,5156.5,5671.0,3063.468135502869,50.0,0,1,1,0,0,0,1,0,0,5203
17,0,2015-06-24,0.43388373911755823,-0.900968867902419,1.2246467991473532e-16,-1.0,0.12874817745258132,-0.99167731989929,5203.0,7672.0,5142.0,4456.285714285715,4926.0,2512.925434248948,5307.3,5671.0,2908.3033227711,50.0,0,1,1,0,0,0,1,0,0,4524
17,0,2015-06-25,-0.433883739117558,-0.9009688679024191,1.2246467991473532e-16,-1.0,0.11165900712169512,-0.993746580436178,4524.0,7241.0,4882.0,4050.8571428571427,4524.0,2197.9674268568765,5239.9,5383.5,2904.9354001957404,50.0,0,1,1,0,0,0,1,0,0,4403
17,0,2015-06-26,-0.9749279121818236,-0.2225209339563146,1.2246467991473532e-16,-1.0,0.09453674981719912,-0.9955213724144752,4403.0,6820.0,4759.0,3752.0,4524.0,1877.5660663032252,5200.166666666667,5172.5,2903.463948854694,50.0,0,1,1,0,0,0,1,0,0,4728
17,0,2015-06-27,-0.7818314824680299,0.6234898018587334,1.2246467991473532e-16,-1.0,0.07738647923346301,-0.9970011699250151,4728.0,2480.0,2491.0,3750.0,4524.0,1879.1536215364,5089.766666666666,5034.0,2943.4270160563897,50.0,0,1,1,0,0,0,1,0,0,2466
17,0,2015-06-28,-2.4492935982947064e-16,1.0,1.2246467991473532e-16,-1.0,0.06021327736579302,-0.9981855344718586,2466.0,0.0,0.0,3750.0,4524.0,1879.1536215364,4852.9,4904.0,3059.222735970023,50.0,0,1,1,0,0,0,1,0,0,0
17,0,2015-06-29,0.7818314824680298,0.6234898018587336,1.2246467991473532e-16,-1.0,0.04302223300453059,-0.99907411510223,0.0,4926.0,10137.0,4542.571428571428,4524.0,3178.556373426094,5086.666666666667,5034.0,3213.2615435296398,50.0,1,1,1,0,0,0,1,0,0,10474
17,0,2015-06-30,0.9749279121818236,-0.22252093395631434,1.2246467991473532e-16,-1.0,0.02581844022713308,-0.9996666485105112,10474.0,5203.0,8129.0,5481.285714285715,4524.0,4209.283894531458,5479.133333333333,5172.5,3288.7047521975082,50.0,1,1,1,0,0,0,1,0,0,11774
17,0,2015-07-01,0.43388373911755823,-0.900968867902419,-0.4999999999999998,-0.8660254037844388,0.008606996888688698,-0.9999629591162655,11774.0,4524.0,7672.0,5803.428571428572,4728.0,4210.10015150641,5370.866666666667,5172.5,3185.672134279747,50.0,1,1,1,0,0,0,1,0,0,6779
17,0,2015-07-02,-0.433883739117558,-0.9009688679024191,-0.4999999999999998,-0.8660254037844388,-0.008606996888688009,-0.9999629591162655,6779.0,4403.0,7241.0,6043.571428571428,6084.0,4164.602816481738,5251.3,5172.5,3084.417053848102,50.0,1,1,1,0,0,0,1,0,0,6084
17,0,2015-07-03,-0.9749279121818236,-0.2225209339563146,-0.4999999999999998,-0.8660254037844388,-0.02581844022713239,-0.9996666485105112,6084.0,4728.0,6820.0,6217.857142857143,6084.0,4125.71765185854,5186.333333333333,5172.5,3047.0690873343433,50.0,1,1,1,0,0,0,1,0,0,5948
17,0,2015-07-04,-0.7818314824680299,0.6234898018587334,-0.4999999999999998,-0.8660254037844388,-0.04302223300453034,-0.99907411510223,5948.0,2466.0,2480.0,6235.857142857143,6084.0,4106.8523400357535,5013.533333333334,5034.0,3042.1332548443584,50.0,0,1,1,0,0,0,1,0,0,2592
17,0,2015-07-05,-2.4492935982947064e-16,1.0,-0.4999999999999998,-0.8660254037844388,-0.060213277365792774,-0.9981855344718586,2592.0,0.0,0.0,6235.857142857143,6084.0,4106.8523400357535,4791.566666666667,4904.0,3158.636476702261,50.0,0,1,1,0,0,0,1,0,0,0
17,0,2015-07-06,0.7818314824680298,0.6234898018587336,-0.4999999999999998,-0.8660254037844388,-0.07738647923346322,-0.9970011699250151,0.0,10474.0,4926.0,5517.571428571428,5948.0,3657.1367605975984,4887.866666666667,5034.0,3132.0882725629695,50.0,0,1,1,0,0,0,1,0,0,5446
17,0,2015-07-07,0.9749279121818236,-0.22252093395631434,-0.4999999999999998,-0.8660254037844388,-0.09453674981719933,-0.9955213724144752,5446.0,11774.0,5203.0,4576.142857142857,5446.0,2415.652184440156,5060.666666666667,5163.0,2993.0378447707494,50.0,0,1,1,0,0,0,1,0,0,5184
17,0,2015-07-08,0.43388373911755823,-0.900968867902419,-0.4999999999999998,-0.8660254037844388,-0.11165900712169444,-0.9937465804361781,5184.0,6779.0,4524.0,4447.142857142857,5446.0,2299.7396540022737,5071.066666666667,5163.0,2995.3882361152314,50.0,0,1,1,0,0,0,1,0,0,5876
17,0,2015-07-09,-0.433883739117558,-0.9009688679024191,-0.4999999999999998,-0.8660254037844388,-0.12874817745258066,-0.99167731989929,5876.0,6084.0,4403.0,4360.571428571428,5446.0,2238.441336968124,5054.6,5163.0,2991.62018841366,50.0,0,1,1,0,0,0,1,0,0,5478
17,0,2015-07-10,-0.9749279121818236,-0.2225209339563146,-0.4999999999999998,-0.8660254037844388,-0.14579919691987442,-0.9893142039703664,5478.0,5948.0,4728.0,4289.571428571428,5446.0,2186.989396190032,5064.9,5193.5,2992.463295658297,50.0,0,1,1,0,0,0,1,0,0,5451
17,0,2015-07-11,-0.7818314824680299,0.6234898018587334,-0.4999999999999998,-0.8660254037844388,-0.16280701293851646,-0.9866579328916572,5451.0,2592.0,2466.0,4352.714285714285,5446.0,2135.584909284088,5003.3,5193.5,3015.291638551284,50.0,0,1,1,0,0,0,1,0,0,3034
17,0,2015-07-12,-2.4492935982947064e-16,1.0,-0.4999999999999998,-0.8660254037844388,-0.17976658572556214,-0.9837092937736098,3034.0,0.0,0.0,4352.714285714285,5446.0,2135.584909284088,4844.666666666667,5193.5,3150.7301762731463,50.0,0,1,1,0,0,0,1,0,0,0
17,0,2015-07-13,0.7818314824680298,0.6234898018587336,-0.4999999999999998,-0.8660254037844388,-0.19667288979357622,-0.9804691603616321,0.0,5446.0,10474.0,5007.428571428572,5451.0,3038.330893607152,5095.933333333333,5324.5,3255.390414992192,50.0,1,1,1,0,0,0,1,0,0,10029
17,0,2015-07-14,0.9749279121818236,-0.22252093395631434,-0.4999999999999998,-0.8660254037844388,-0.2135209154397959,-0.9769384927771817,10029.0,5184.0,11774.0,5444.142857142857,5478.0,3278.1727343430953,5370.633333333333,5448.5,3156.758163416845,50.0,1,1,1,0,0,0,1,0,0,8241
17,0,2015-07-15,0.43388373911755823,-0.900968867902419,-0.4999999999999998,-0.8660254037844388,-0.23030567023061196,-0.973118337233262,8241.0,5876.0,6779.0,5772.142857142857,5478.0,3439.479487198194,5305.133333333333,5448.5,3073.7444168684433,50.0,1,1,1,0,0,0,1,0,0,8172
17,0,2015-07-16,-0.433883739117558,-0.9009688679024191,-0.4999999999999998,-0.8660254037844388,-0.24702218048093527,-0.9690098257244063,8172.0,5478.0,6084.0,6022.571428571428,7231.0,3478.0947302195436,5275.2,5448.5,3049.573722613575,50.0,1,1,1,0,0,0,1,0,0,7231
17,0,2015-07-17,-0.9749279121818236,-0.2225209339563146,-0.4999999999999998,-0.8660254037844388,-0.2636654927280072,-0.9646141756912435,7231.0,5451.0,5948.0,6135.714285714285,7231.0,3469.2733011533187,5227.566666666667,5448.5,3021.880068860238,50.0,1,1,1,0,0,0,1,0,0,6243
17,0,2015-07-18,-0.7818314824680299,0.6234898018587334,-0.4999999999999998,-0.8660254037844388,-0.2802306751992161,-0.9599326896597445,6243.0,3034.0,2592.0,6074.857142857143,7231.0,3535.848668922896,5073.133333333333,5324.5,3033.7966509870557,50.0,0,1,1,0,0,0,1,0,0,2608
17,0,2015-07-19,-2.4492935982947064e-16,1.0,-0.4999999999999998,-0.8660254037844388,-0.2967128192734901,-0.9549667548552553,2608.0,0.0,0.0,6074.857142857143,7231.0,3535.848668922896,4845.8,5193.5,3151.6195442540625,50.0,0,1,1,0,0,0,1,0,0,0
17,0,2015-07-20,0.7818314824680298,0.6234898018587336,-0.4999999999999998,-0.8660254037844388,-0.3131070409358267,-0.9497178427914317,0.0,10029.0,5446.0,5486.142857142857,6243.0,3081.6623992347304,4960.066666666667,5324.5,3124.9166602220575,50.0,0,1,1,0,0,0,1,0,0,5908
17,0,2015-07-21,0.9749279121818236,-0.22252093395631434,-0.4999999999999998,-0.8660254037844388,-0.3294084822245302,-0.9441875088341994,5908.0,8241.0,5184.0,5144.142857142857,5908.0,2849.0375818611374,5154.966666666666,5448.5,2984.0543408583308,50.0,0,1,1,0,0,0,1,0,0,5847
17,0,2015-07-22,0.43388373911755823,-0.900968867902419,-0.4999999999999998,-0.8660254037844388,-0.3456123126707333,-0.9383773917408642,5847.0,8172.0,5876.0,4684.142857142857,5847.0,2519.5863039112514,5155.833333333333,5448.5,2983.989323306844,50.0,0,1,1,0,0,0,1,0,0,4952
17,0,2015-07-23,-0.433883739117558,-0.9009688679024191,-0.4999999999999998,-0.8660254037844388,-0.3617137307297674,-0.9322892131745134,4952.0,7231.0,5478.0,4412.285714285715,5328.0,2291.310303027926,5160.0,5448.5,2984.144722384954,50.0,0,1,1,0,0,0,1,0,0,5328
17,0,2015-07-24,-0.9749279121818236,-0.2225209339563146,-0.4999999999999998,-0.8660254037844388,-0.37770796520396466,-0.9259247771938499,5328.0,6243.0,5451.0,4155.142857142857,4952.0,2148.1460556001534,5157.3,5448.5,2984.7765832176083,50.0,0,1,1,0,0,0,1,0,0,4443
17,0,2015-07-25,-0.7818314824680299,0.6234898018587334,-0.4999999999999998,-0.8660254037844388,-0.39359027665646645,-0.9192859697186105,4443.0,2608.0,3034.0,4150.0,4952.0,2152.5060588377805,5096.266666666666,5448.5,3019.2537435293734,50.0,0,1,1,0,0,0,1,0,0,2572
17,0,2015-07-26,-2.4492935982947064e-16,1.0,-0.4999999999999998,-0.8660254037844388,-0.4093559588156211,-0.9123747579707274,2572.0,0.0,0.0,4150.0,4952.0,2152.5060588377805,4938.666666666667,5448.5,3159.2888913251695,50.0,0,1,1,0,0,0,1,0,0,0
17,0,2015-07-27,0.7818314824680298,0.6234898018587336,-0.4999999999999998,-0.8660254037844388,-0.42500033996955394,-0.9051931898913975,0.0,5908.0,10029.0,4490.714285714285,4952.0,2616.0076270458244,5132.9,5464.5,3181.074188014988,50.0,1,1,1,0,0,0,1,0,0,8293
17,0,2015-07-28,0.9749279121818236,-0.22252093395631434,-0.4999999999999998,-0.8660254037844388,-0.4405187843504952,-0.8977433935342336,8293.0,5847.0,8241.0,4986.285714285715,4952.0,3182.9155771758365,5443.433333333333,5662.5,3116.787091102696,50.0,1,1,1,0,0,0,1,0,0,9316
17,0,2015-07-29,0.43388373911755823,-0.900968867902419,-0.4999999999999998,-0.8660254037844388,-0.455906693508459,-0.8900275764346766,9316.0,4952.0,8172.0,5304.428571428572,5328.0,3288.465338986303,5333.6,5662.5,2988.8308243444903,50.0,1,1,1,0,0,0,1,0,0,7179
17,0,2015-07-30,-0.433883739117558,-0.9009688679024191,-0.4999999999999998,-0.8660254037844388,-0.47115950767386394,-0.8820480249558535,7179.0,5328.0,7231.0,5622.571428571428,7179.0,3397.0584754628967,5192.966666666666,5662.5,2766.3165785288784,50.0,1,1,1,0,0,0,1,0,0,7555
17,0,2015-07-31,-0.9749279121818236,-0.2225209339563146,-0.4999999999999998,-0.8660254037844388,-0.4862727071086902,-0.8738071036110807,7555.0,4443.0,6243.0,6192.142857142857,7555.0,3499.0337441724046,5248.0,5662.5,2814.952305592168,50.0,1,1,1,0,0,0,1,0,0,8430
