Store,Cluster,Date,DayOfWeek_sin,DayOfWeek_cos,Month_sin,Month_cos,DayOfYear_sin,DayOfYear_cos,Sales_Lag_1,Sales_Lag_7,Sales_Lag_14,RollingMean_7,RollingMedian_7,RollingStd_7,RollingMean_30,RollingMedian_30,RollingStd_30,CompetitionDistance,Promo,Promo2,StoreType_a,StoreType_b,StoreType_c,StoreType_d,Assortment_a,Assortment_b,Assortment_c,Sales
872,1,2013-01-30,0.43388373911755823,-0.900968867902419,0.49999999999999994,0.8660254037844387,0.4937755501599772,0.869589389346611,6228.0,8601.0,4851.0,6597.142857142857,7112.0,3214.1448540563847,6596.533333333334,7348.0,3319.6016559254494,3860.0,0,1,1,0,0,0,0,0,1,7112
872,1,2013-01-31,-0.433883739117558,-0.9009688679024191,0.49999999999999994,0.8660254037844387,0.5086709438521044,0.8609610158889943,7112.0,9215.0,7240.0,6467.857142857143,7112.0,3107.7339777063403,6873.533333333334,7372.0,3088.8718254442,3860.0,0,1,1,0,0,0,0,0,1,8310
872,1,2013-02-01,-0.9749279121818236,-0.2225209339563146,0.8660254037844386,0.5000000000000001,0.5234156073655503,0.8520775211013093,8310.0,9861.0,7776.0,6370.0,7112.0,2991.7010211583633,6952.4,7473.0,3117.2681629914346,3860.0,0,1,1,0,0,0,0,0,1,9176
872,1,2013-02-02,-0.7818314824680299,0.6234898018587334,0.8660254037844386,0.5000000000000001,0.5380051715382996,0.8429415373547828,9176.0,7325.0,7573.0,6479.0,7112.0,3045.7068692396074,6976.233333333334,7620.0,3123.3221998967397,3860.0,0,1,1,0,0,0,0,0,1,8088
872,1,2013-02-03,-2.4492935982947064e-16,1.0,0.8660254037844386,0.5000000000000001,0.5524353131676196,0.8335557718385699,8088.0,0.0,0.0,6479.0,7112.0,3045.7068692396074,6720.666666666667,7472.0,3368.8755346281473,3860.0,0,1,1,0,0,0,0,0,1,0
872,1,2013-02-04,0.7818314824680298,0.6234898018587336,0.8660254037844386,0.5000000000000001,0.5667017562911176,0.8239230057575542,0.0,6439.0,9602.0,7378.0,8088.0,3853.5478025667035,6936.433333333333,7674.5,3541.1700938155072,3860.0,1,1,1,0,0,0,0,0,1,12732
872,1,2013-02-05,0.9749279121818236,-0.22252093395631434,0.8660254037844386,0.5000000000000001,0.5808002734538009,0.8140460935082178,12732.0,6228.0,8614.0,7978.428571428572,8310.0,3970.17404560316,7284.133333333333,7932.0,3343.1747943754185,3860.0,1,1,1,0,0,0,0,0,1,10431
872,1,2013-02-06,0.43388373911755823,-0.900968867902419,0.8660254037844386,0.5000000000000001,0.5947266869607634,0.8039279618328213,10431.0,7112.0,8601.0,8466.142857142857,9176.0,4054.7925729343815,7256.1,7932.0,3311.130844955208,3860.0,1,1,1,0,0,0,0,0,1,10526
872,1,2013-02-07,-0.433883739117558,-0.9009688679024191,0.8660254037844386,0.5000000000000001,0.6084768701151261,0.7935716089521474,10526.0,8310.0,9215.0,8080.0,9176.0,4198.3058090933155,7108.066666666667,7674.5,3281.144910917038,3860.0,1,1,1,0,0,0,0,0,1,5607
872,1,2013-02-08,-0.9749279121818236,-0.2225209339563146,0.8660254037844386,0.5000000000000001,0.6220467484408675,0.7829801036770629,5607.0,9176.0,9861.0,8201.42857142857,10026.0,4247.295526062943,7146.1,7674.5,3308.9476017360075,3860.0,1,1,1,0,0,0,0,0,1,10026
872,1,2013-02-09,-0.7818314824680299,0.6234898018587334,0.8660254037844386,0.5000000000000001,0.6354323008901774,0.7721565844991642,10026.0,8088.0,7325.0,8067.571428571428,10026.0,4266.18927760841,7069.766666666666,7472.0,3280.4727758866293,3860.0,0,1,1,0,0,0,0,0,1,7151
872,1,2013-02-10,-2.4492935982947064e-16,1.0,0.8660254037844386,0.5000000000000001,0.6486295610349814,0.7611042586607747,7151.0,0.0,0.0,8067.571428571428,10026.0,4266.18927760841,6751.366666666667,7348.0,3488.218144903896,3860.0,0,1,1,0,0,0,0,0,1,0
872,1,2013-02-11,0.7818314824680298,0.6234898018587336,0.8660254037844386,0.5000000000000001,0.6616346182422783,0.7498264012045686,0.0,12732.0,6439.0,6630.571428571428,7151.0,4124.963630431298,6602.833333333333,7348.0,3565.5966863745334,3860.0,0,1,1,0,0,0,0,0,1,2673
872,1,2013-02-12,0.9749279121818236,-0.22252093395631434,0.8660254037844386,0.5000000000000001,0.6744436188329455,0.7383263540031065,2673.0,10431.0,6228.0,6192.571428571428,7151.0,3804.4966753016033,6848.333333333333,7368.0,3341.8263366560227,3860.0,0,1,1,0,0,0,0,0,1,7365
872,1,2013-02-13,0.43388373911755823,-0.900968867902419,0.8660254037844386,0.5000000000000001,0.6870527672236669,0.7266075247685656,7365.0,10526.0,7112.0,5766.857142857143,7151.0,3382.053292925834,6854.166666666667,7455.5,3342.9226948402734,3860.0,0,1,1,0,0,0,0,0,1,7546
872,1,2013-02-14,-0.433883739117558,-0.9009688679024191,0.8660254037844386,0.5000000000000001,0.6994583270516471,0.7146733860429609,7546.0,5607.0,8310.0,6164.857142857143,7365.0,3521.1728835986564,6948.7,7559.5,3345.074105153055,3860.0,0,1,1,0,0,0,0,0,1,8393
872,1,2013-02-15,-0.9749279121818236,-0.2225209339563146,0.8660254037844386,0.5000000000000001,0.7116566222817746,0.702527474169157,8393.0,10026.0,9176.0,5855.714285714285,7365.0,3206.62947211376,7049.066666666667,7674.5,3325.0754197651568,3860.0,0,1,1,0,0,0,0,0,1,7862
872,1,2013-02-16,-0.7818314824680299,0.6234898018587334,0.8660254037844386,0.5000000000000001,0.7236440382959124,0.6901733882429719,7862.0,7151.0,8088.0,5908.285714285715,7519.0,3234.3016615793954,7058.366666666667,7674.5,3326.017899503262,3860.0,0,1,1,0,0,0,0,0,1,7519
872,1,2013-02-17,-2.4492935982947064e-16,1.0,0.8660254037844386,0.5000000000000001,0.7354170229639855,0.6776147890466889,7519.0,0.0,0.0,5908.285714285715,7519.0,3234.3016615793954,6799.166666666667,7559.5,3562.7355828539016,3860.0,0,1,1,0,0,0,0,0,1,0
872,1,2013-02-18,0.7818314824680298,0.6234898018587336,0.8660254037844386,0.5000000000000001,0.7469720876965552,0.6648553979642865,0.0,2673.0,12732.0,7188.857142857143,7546.0,3503.2436126429775,6934.633333333333,7704.0,3668.8565209427807,3860.0,1,1,1,0,0,0,0,0,1,11637
872,1,2013-02-19,0.9749279121818236,-0.22252093395631434,0.8660254037844386,0.5000000000000001,0.7583058084785625,0.6518989958787126,11637.0,7365.0,10431.0,7480.142857142857,7862.0,3603.660057431031,7248.1,7975.0,3451.214322524754,3860.0,1,1,1,0,0,0,0,0,1,9404
872,1,2013-02-20,0.43388373911755823,-0.900968867902419,0.8660254037844386,0.5000000000000001,0.7694148268839378,0.6387494220515272,9404.0,7546.0,10526.0,7645.285714285715,8393.0,3633.544812543519,7218.1,7975.0,3433.915572938415,3860.0,1,1,1,0,0,0,0,0,1,8702
872,1,2013-02-21,-0.433883739117558,-0.9009688679024191,0.8660254037844386,0.5000000000000001,0.7802958510707755,0.6254105729852463,8702.0,8393.0,5607.0,7721.142857142857,8702.0,3657.222098285868,7228.433333333333,7975.0,3438.7240183987783,3860.0,1,1,1,0,0,0,0,0,1,8924
872,1,2013-02-22,-0.9749279121818236,-0.2225209339563146,0.8660254037844386,0.5000000000000001,0.7909456567567772,0.6118864012687243,8924.0,7862.0,10026.0,8106.142857142857,8924.0,3813.054568565359,7293.633333333333,7975.0,3483.8927344362182,3860.0,1,1,1,0,0,0,0,0,1,10557
872,1,2013-02-23,-0.7818314824680299,0.6234898018587334,0.8660254037844386,0.5000000000000001,0.8013610881746766,0.5981809144059164,10557.0,7519.0,7151.0,8036.714285714285,8924.0,3829.9144339565323,7220.9,7704.0,3465.1233978126907,3860.0,0,1,1,0,0,0,0,0,1,7033
872,1,2013-02-24,-2.4492935982947064e-16,1.0,0.8660254037844386,0.5000000000000001,0.8115390590073611,0.5842981736283683,7033.0,0.0,0.0,8036.714285714285,8924.0,3829.914433956532,6892.2,7532.5,3667.825075737241,3860.0,0,1,1,0,0,0,0,0,1,0
872,1,2013-02-25,0.7818314824680298,0.6234898018587336,0.8660254037844386,0.5000000000000001,0.8214765533024142,0.5702422926917871,0.0,11637.0,2673.0,7279.857142857143,8702.0,3509.9813593318627,6859.333333333333,7532.5,3668.2307614898264,3860.0,0,1,1,0,0,0,0,0,1,6339
872,1,2013-02-26,0.9749279121818236,-0.22252093395631434,0.8660254037844386,0.5000000000000001,0.8311706263658079,0.5560174366570446,6339.0,9404.0,7365.0,6893.428571428572,7033.0,3383.783329211198,7082.633333333333,7532.5,3432.607116979779,3860.0,0,1,1,0,0,0,0,0,1,6699
872,1,2013-02-27,0.43388373911755823,-0.900968867902419,0.8660254037844386,0.5000000000000001,0.8406184056344782,0.5416278206559814,6699.0,8702.0,7546.0,6569.571428571428,6699.0,3288.996293559423,7082.5,7532.5,3432.633057420579,3860.0,0,1,1,0,0,0,0,0,1,6435
872,1,2013-02-28,-0.433883739117558,-0.9009688679024191,0.8660254037844386,0.5000000000000001,0.8498170915275278,0.5270777086423722,6435.0,8924.0,8393.0,6440.0,6699.0,3197.37324481623,7142.133333333333,7704.0,3432.8160625848027,3860.0,0,1,1,0,0,0,0,0,1,8017
872,1,2013-03-01,-0.9749279121818236,-0.2225209339563146,1.0,6.123233995736766e-17,0.8587639582758029,0.5123714121284237,8017.0,10557.0,7862.0,6161.571428571428,6699.0,2844.4991273885607,7192.0,7939.5,3443.213284729531,3860.0,0,1,1,0,0,0,0,0,1,8608
872,1,2013-03-02,-0.7818314824680299,0.6234898018587334,1.0,6.123233995736766e-17,0.8674563547295968,0.49751328890718066,8608.0,7033.0,7519.0,6167.857142857143,6699.0,2846.793425860719,7150.9,7704.0,3436.760898348006,3860.0,0,1,1,0,0,0,0,0,1,7077
872,1,2013-03-03,-2.4492935982947064e-16,1.0,1.0,6.123233995736766e-17,0.8758917051442429,0.48250774176121847,7077.0,0.0,0.0,6167.857142857143,6699.0,2846.793425860719,6845.033333333334,7532.5,3651.906195525775,3860.0,0,1,1,0,0,0,0,0,1,0
872,1,2013-03-04,0.7818314824680298,0.6234898018587336,1.0,6.123233995736766e-17,0.8840675099433636,0.46735921715800227,0.0,6339.0,11637.0,6931.857142857143,7077.0,3534.8543783571167,6965.0,7532.5,3751.8917619120416,3860.0,1,1,1,0,0,0,0,0,1,11687
872,1,2013-03-05,0.9749279121818236,-0.22252093395631434,1.0,6.123233995736766e-17,0.8919813464595485,0.45207220393230435,11687.0,6699.0,9404.0,7381.285714285715,8017.0,3696.6076662387695,7293.166666666667,7704.0,3546.6177971203174,3860.0,1,1,1,0,0,0,0,0,1,9845
872,1,2013-03-06,0.43388373911755823,-0.900968867902419,1.0,6.123233995736766e-17,0.8996308696522433,0.43665123195606403,9845.0,6435.0,8702.0,7688.714285714285,8587.0,3694.278310860627,7155.0,7704.0,3405.3549716231664,3860.0,1,1,1,0,0,0,0,0,1,8587
872,1,2013-03-07,-0.433883739117558,-0.9009688679024191,1.0,6.123233995736766e-17,0.9070138128026359,0.4211008707960896,8587.0,8017.0,8924.0,7967.0,8608.0,3795.1231424904613,7139.466666666666,7704.0,3390.9286565811117,3860.0,1,1,1,0,0,0,0,0,1,9965
872,1,2013-03-08,-0.9749279121818236,-0.2225209339563146,1.0,6.123233995736766e-17,0.9141279881853337,0.40542572835999735,9965.0,8608.0,10557.0,8225.42857142857,9845.0,3906.0184270406303,7135.833333333333,7704.0,3387.231288065604,3860.0,1,1,1,0,0,0,0,0,1,10417
872,1,2013-03-09,-0.7818314824680299,0.6234898018587334,1.0,6.123233995736766e-17,0.9209712877166346,0.38963044953078796,10417.0,7077.0,7033.0,8288.57142857143,9845.0,3887.8898242766977,7199.566666666667,7704.0,3375.440535063108,3860.0,0,1,1,0,0,0,0,0,1,7519
872,1,2013-03-10,-2.4492935982947064e-16,1.0,1.0,6.123233995736766e-17,0.9275416835791966,0.37371971479046906,7519.0,0.0,0.0,8288.57142857143,9845.0,3887.8898242766977,6865.366666666667,7532.5,3576.3047340201183,3860.0,0,1,1,0,0,0,0,0,1,0
872,1,2013-03-11,0.7818314824680298,0.6234898018587336,1.0,6.123233995736766e-17,0.9338372288229252,0.35769823883312546,0.0,11687.0,6339.0,7762.714285714285,8587.0,3589.0800452802073,6893.866666666667,7704.0,3582.06163651829,3860.0,0,1,1,0,0,0,0,0,1,8006
872,1,2013-03-12,0.9749279121818236,-0.22252093395631434,1.0,6.123233995736766e-17,0.9398560579418954,0.3415707691678556,8006.0,9845.0,6699.0,7017.142857142857,8006.0,3626.3135288504504,7048.066666666667,7704.0,3368.250819284275,3860.0,0,1,1,0,0,0,0,0,1,4626
872,1,2013-03-13,0.43388373911755823,-0.900968867902419,1.0,6.123233995736766e-17,0.9455963874271426,0.3253420847119801,4626.0,8587.0,6435.0,6745.142857142857,7519.0,3559.7333902307637,7181.733333333334,7704.0,3266.6779279655757,3860.0,0,1,1,0,0,0,0,0,1,6683
872,1,2013-03-14,-0.433883739117558,-0.9009688679024191,1.0,6.123233995736766e-17,0.9510565162951535,0.30901699437494745,6683.0,9965.0,8017.0,6502.714285714285,7519.0,3355.851194271765,7211.833333333333,7934.0,3272.5797277855036,3860.0,0,1,1,0,0,0,0,0,1,8268
872,1,2013-03-15,-0.9749279121818236,-0.2225209339563146,1.0,6.123233995736766e-17,0.9562348265919056,0.29260033563334836,8268.0,10417.0,8608.0,6339.857142857143,7519.0,3155.941350773776,7269.533333333334,8011.5,3293.865413297807,3860.0,0,1,1,0,0,0,0,0,1,9277
872,1,2013-03-16,-0.7818314824680299,0.6234898018587334,1.0,6.123233995736766e-17,0.9611297838723007,0.27609697309746883,9277.0,7519.0,7077.0,6415.285714285715,8006.0,3194.889863218329,7258.0,8011.5,3290.3999232878077,3860.0,0,1,1,0,0,0,0,0,1,8047
872,1,2013-03-17,-2.4492935982947064e-16,1.0,1.0,6.123233995736766e-17,0.9657399376548549,0.2595117970697999,8047.0,0.0,0.0,6415.285714285715,8006.0,3194.889863218329,6995.933333333333,8011.5,3543.953558243745,3860.0,0,1,1,0,0,0,0,0,1,0
872,1,2013-03-18,0.7818314824680298,0.6234898018587336,1.0,6.123233995736766e-17,0.970063921851507,0.2428497220959356,0.0,8006.0,11687.0,7096.285714285715,8047.0,3997.660970879752,7171.066666666667,8032.0,3697.2000023627693,3860.0,1,1,1,0,0,0,0,0,1,12773
872,1,2013-03-19,0.9749279121818236,-0.22252093395631434,1.0,6.123233995736766e-17,0.9741004551724205,0.22611568550828828,12773.0,4626.0,9845.0,7760.0,8268.0,3903.7495650549454,7480.133333333333,8157.5,3456.7944362823546,3860.0,1,1,1,0,0,0,0,0,1,9272
872,1,2013-03-20,0.43388373911755823,-0.900968867902419,1.0,6.123233995736766e-17,0.9778483415056568,0.20931464596304847,9272.0,6683.0,8587.0,7994.714285714285,8326.0,3877.5068327593244,7369.766666666666,8157.5,3371.298385748008,3860.0,1,1,1,0,0,0,0,0,1,8326
872,1,2013-03-21,-0.433883739117558,-0.9009688679024191,1.0,6.123233995736766e-17,0.9813064702716093,0.19245158197082998,8326.0,8268.0,9965.0,8264.857142857143,9272.0,3964.6135342792854,7394.933333333333,8157.5,3389.77492827589,3860.0,1,1,1,0,0,0,0,0,1,10159
872,1,2013-03-22,-0.9749279121818236,-0.2225209339563146,1.0,6.123233995736766e-17,0.9844738167520922,0.1755314904214282,10159.0,9277.0,10417.0,8372.0,9272.0,4006.4389841021343,7439.1,8157.5,3415.923557147592,3860.0,1,1,1,0,0,0,0,0,1,10027
872,1,2013-03-23,-0.7818314824680299,0.6234898018587334,1.0,6.123233995736766e-17,0.9873494423939864,0.15855938510313478,10027.0,8047.0,7519.0,8278.142857142857,9272.0,4022.9830320535143,7387.966666666666,8032.0,3404.3912968839013,3860.0,0,1,1,0,0,0,0,0,1,7390
872,1,2013-03-24,-2.4492935982947064e-16,1.0,1.0,6.123233995736766e-17,0.989932495087353,0.141540295217043,7390.0,0.0,0.0,8278.142857142857,9272.0,4022.9830320535143,7036.066666666667,8011.5,3605.220323587616,3860.0,0,1,1,0,0,0,0,0,1,0
872,1,2013-03-25,0.7818314824680298,0.6234898018587336,1.0,6.123233995736766e-17,0.9922222094179323,0.12447926388678915,0.0,12773.0,8006.0,7986.142857142857,9272.0,3703.882351829022,7159.266666666666,8032.0,3667.7212406139283,3860.0,1,1,1,0,0,0,0,0,1,10729
872,1,2013-03-26,0.9749279121818236,-0.22252093395631434,1.0,6.123233995736766e-17,0.994217906893952,0.10738134666416309,10729.0,9272.0,4626.0,8059.571428571428,9786.0,3738.555463328177,7485.466666666666,8157.5,3436.947470160648,3860.0,1,1,1,0,0,0,0,0,1,9786
872,1,2013-03-27,0.43388373911755823,-0.900968867902419,1.0,6.123233995736766e-17,0.995918996147179,0.09025161003104117,9786.0,8326.0,6683.0,8371.57142857143,10027.0,3853.8506655526967,7624.5,8297.0,3473.143947392671,3860.0,1,1,1,0,0,0,0,0,1,10510
872,1,2013-03-28,-0.433883739117558,-0.9009688679024191,1.0,6.123233995736766e-17,0.9973249731081555,0.07309512989807777,10510.0,10159.0,8268.0,8739.285714285714,10027.0,4163.204923865177,7825.633333333333,8456.5,3590.4361514266297,3860.0,1,1,1,0,0,0,0,0,1,12733
872,1,2013-03-29,-0.9749279121818236,-0.2225209339563146,1.0,6.123233995736766e-17,0.9984354211555643,0.055916990100603484,12733.0,10027.0,9277.0,7306.857142857143,9786.0,5233.666606009324,7611.133333333333,8456.5,3858.586883851378,3860.0,1,1,1,0,0,0,0,0,1,0
872,1,2013-03-30,-0.7818314824680299,0.6234898018587334,1.0,6.123233995736766e-17,0.9992500112396835,0.03872228089217446,0.0,7390.0,8047.0,7797.142857142857,10510.0,5400.8371705557975,7704.633333333333,8597.5,3902.4959253183642,3860.0,0,1,1,0,0,0,0,0,1,10822
872,1,2013-03-31,-2.4492935982947064e-16,1.0,1.0,6.123233995736766e-17,0.9997685019798909,0.021516097436222254,10822.0,0.0,0.0,7797.142857142857,10510.0,5400.8371705557975,7417.7,8456.5,4142.838192134336,3860.0,0,1,1,0,0,0,0,0,1,0
872,1,2013-04-01,0.7818314824680298,0.6234898018587336,0.8660254037844387,-0.49999999999999983,0.9999907397361901,0.004303538296244289,0.0,10729.0,12773.0,6264.428571428572,9786.0,5926.907733862093,7181.8,8456.5,4358.7679087970055,3860.0,0,1,1,0,0,0,0,0,1,0
872,1,2013-04-02,0.9749279121818236,-0.22252093395631434,0.8660254037844387,-0.49999999999999983,0.9999166586547379,-0.01291029607500882,0.0,9786.0,9272.0,6070.142857142857,8426.0,5813.434281288226,7462.666666666667,8506.5,4146.332291467287,3860.0,0,1,1,0,0,0,0,0,1,8426
872,1,2013-04-03,0.43388373911755823,-0.900968867902419,0.8660254037844387,-0.49999999999999983,0.9995462806873573,-0.030120304846908114,8426.0,10510.0,8326.0,5582.285714285715,7095.0,5514.346099471987,7309.6,8376.0,4069.04791541351,3860.0,0,1,1,0,0,0,0,0,1,7095
872,1,2013-04-04,-0.433883739117558,-0.9009688679024191,0.8660254037844387,-0.49999999999999983,0.9988797155850336,-0.04732138832243185,7095.0,12733.0,10159.0,4834.857142857143,7095.0,4674.15377113232,7231.466666666666,8297.0,4041.0932861202837,3860.0,0,1,1,0,0,0,0,0,1,7501
872,1,2013-04-05,-0.9749279121818236,-0.2225209339563146,0.8660254037844387,-0.49999999999999983,0.9979171608653922,-0.06450844944931623,7501.0,0.0,10027.0,5979.714285714285,7501.0,4255.241893409655,7212.366666666667,8157.5,4035.816188727554,3860.0,0,1,1,0,0,0,0,0,1,8014
872,1,2013-04-06,-0.7818314824680299,0.6234898018587334,0.8660254037844387,-0.49999999999999983,0.9966589017541702,-0.08167639533042241,8014.0,10822.0,7390.0,5440.714285714285,7095.0,3748.4329043075118,7115.166666666667,8030.5,4002.209821339079,3860.0,0,1,1,0,0,0,0,0,1,7049
872,1,2013-04-07,-2.4492935982947064e-16,1.0,0.8660254037844387,-0.49999999999999983,0.9951053111006976,-0.09882013873287143,7049.0,0.0,0.0,5440.714285714285,7095.0,3748.4329043075118,6767.933333333333,8010.0,4154.844218278336,3860.0,0,1,1,0,0,0,0,0,1,0
872,1,2013-04-08,0.7818314824680298,0.6234898018587336,0.8660254037844387,-0.49999999999999983,0.9932568492674143,-0.11593459959550041,0.0,0.0,10729.0,7033.857142857143,7501.0,3404.7804348480126,6889.033333333334,8030.5,4229.759783538159,3860.0,1,1,1,0,0,0,0,0,1,11152
872,1,2013-04-09,0.9749279121818236,-0.22252093395631434,0.8660254037844387,-0.49999999999999983,0.9911140639934547,-0.1330147065341959,11152.0,8426.0,9786.0,7276.285714285715,7501.0,3576.509458223467,7226.466666666666,8157.5,4061.6757602754546,3860.0,1,1,1,0,0,0,0,0,1,10123
872,1,2013-04-10,0.43388373911755823,-0.900968867902419,0.8660254037844387,-0.49999999999999983,0.9886775902323405,-0.1500553983446526,10123.0,7095.0,10510.0,7377.857142857143,7806.0,3580.5966648298277,7219.8,8157.5,4060.516116337242,3860.0,1,1,1,0,0,0,0,0,1,7806
872,1,2013-04-11,-0.433883739117558,-0.9009688679024191,0.8660254037844387,-0.49999999999999983,0.9859481499638304,-0.16705162550211924,7806.0,7501.0,12733.0,7665.571428571428,8014.0,3671.8931019817232,7382.766666666666,8297.0,4050.923025369806,3860.0,1,1,1,0,0,0,0,0,1,9515
872,1,2013-04-12,-0.9749279121818236,-0.2225209339563146,0.8660254037844387,-0.49999999999999983,0.9829265519799822,-0.18399835165768005,9515.0,8014.0,0.0,7969.142857142857,9515.0,3791.3970788515167,7497.966666666666,8376.0,4079.377745680586,3860.0,1,1,1,0,0,0,0,0,1,10139
872,1,2013-04-13,-0.7818314824680299,0.6234898018587334,0.8660254037844387,-0.49999999999999983,0.9796136916454901,-0.20089055513063506,10139.0,7049.0,10822.0,7960.0,9515.0,3794.0620272561005,7455.2,8376.0,4077.751555909719,3860.0,0,1,1,0,0,0,0,0,1,6985
872,1,2013-04-14,-2.4492935982947064e-16,1.0,0.8660254037844387,-0.49999999999999983,0.9760105506323683,-0.21772323039653177,6985.0,0.0,0.0,7960.0,9515.0,3794.0620272561005,7145.966666666666,8186.5,4281.499773349918,3860.0,0,1,1,0,0,0,0,0,1,0
872,1,2013-04-15,0.7818314824680298,0.6234898018587336,0.8660254037844387,-0.49999999999999983,0.9721181966290613,-0.23449138957040985,0.0,11152.0,0.0,7350.142857142857,7806.0,3529.330079423546,7107.166666666667,8170.0,4278.325873704479,3860.0,0,1,1,0,0,0,0,0,1,6883
872,1,2013-04-16,0.9749279121818236,-0.22252093395631434,0.8660254037844387,-0.49999999999999983,0.9679377830240642,-0.25119006388481935,6883.0,10123.0,8426.0,6806.142857142857,6985.0,3317.837067959157,7317.666666666667,8170.0,4066.704582449964,3860.0,0,1,1,0,0,0,0,0,1,6315
872,1,2013-04-17,0.43388373911755823,-0.900968867902419,0.8660254037844387,-0.49999999999999983,0.9634705485641488,-0.2678143051621742,6315.0,7806.0,7095.0,6634.0,6883.0,3288.4442623627774,7111.933333333333,7910.0,3935.1977642398297,3860.0,0,1,1,0,0,0,0,0,1,6601
872,1,2013-04-18,-0.433883739117558,-0.9009688679024191,0.8660254037844387,-0.49999999999999983,0.9587178169872964,-0.2843591872810034,6601.0,9515.0,7501.0,6265.0,6883.0,3047.3679900311795,7033.933333333333,7653.5,3914.040287824416,3860.0,0,1,1,0,0,0,0,0,1,6932
872,1,2013-04-19,-0.9749279121818236,-0.2225209339563146,0.8660254037844387,-0.49999999999999983,0.9536809966304457,-0.30081980763566735,6932.0,10139.0,8014.0,6021.571428571428,6883.0,2738.762850701199,7037.566666666667,7653.5,3915.331427230326,3860.0,0,1,1,0,0,0,0,0,1,8435
872,1,2013-04-20,-0.7818314824680299,0.6234898018587334,0.8660254037844387,-0.49999999999999983,0.9483615800121715,-0.3171912885891061,8435.0,6985.0,7049.0,6008.0,6883.0,2733.4232505535388,6928.6,7445.5,3870.698962096175,3860.0,0,1,1,0,0,0,0,0,1,6890
872,1,2013-04-21,-2.4492935982947064e-16,1.0,0.8660254037844387,-0.49999999999999983,0.9427611433904207,-0.3334687789181868,6890.0,0.0,0.0,6008.0,6883.0,2733.4232505535388,6594.366666666667,7242.5,4023.8130010993405,3860.0,0,1,1,0,0,0,0,0,1,0
872,1,2013-04-22,0.7818314824680298,0.6234898018587336,0.8660254037844387,-0.49999999999999983,0.9368813462954315,-0.3496474552512284,0.0,6883.0,11152.0,6542.428571428572,6890.0,3249.9269149291586,6702.166666666667,7298.0,4088.6611423278405,3860.0,1,1,1,0,0,0,0,0,1,10624
872,1,2013-04-23,0.9749279121818236,-0.22252093395631434,0.8660254037844387,-0.49999999999999983,0.9307239310379795,-0.36572252349726897,10624.0,6315.0,10123.0,6890.571428571428,6932.0,3350.4777697687073,6993.9,7653.5,3901.930895568641,3860.0,1,1,1,0,0,0,0,0,1,8752
872,1,2013-04-24,0.43388373911755823,-0.900968867902419,0.8660254037844387,-0.49999999999999983,0.9242907221930934,-0.3816892202666588,8752.0,6601.0,7806.0,7078.571428571428,7917.0,3368.394862895524,6900.166666666667,7653.5,3842.4329584561233,3860.0,1,1,1,0,0,0,0,0,1,7917
872,1,2013-04-25,-0.433883739117558,-0.9009688679024191,0.8660254037844387,-0.49999999999999983,0.9175836260593937,-0.39754281428255595,7917.0,6932.0,9515.0,7183.285714285715,7917.0,3374.466956142146,6829.466666666666,7583.0,3806.8514525272963,3860.0,1,1,1,0,0,0,0,0,1,7665
872,1,2013-04-26,-0.9749279121818236,-0.2225209339563146,0.8660254037844387,-0.49999999999999983,0.9106046300942163,-0.4132786077829042,7665.0,8435.0,10139.0,7312.857142857143,7917.0,3447.1703578718702,6790.533333333334,7583.0,3773.740691832892,3860.0,1,1,1,0,0,0,0,0,1,9342
872,1,2013-04-27,-0.7818314824680299,0.6234898018587334,0.8660254037844387,-0.49999999999999983,0.9033558023246845,-0.4288919379124835,9342.0,6890.0,6985.0,7437.428571428572,7917.0,3445.0978630097416,6624.833333333333,7583.0,3609.3727994967653,3860.0,0,1,1,0,0,0,0,0,1,7762
872,1,2013-04-28,-2.4492935982947064e-16,1.0,0.8660254037844387,-0.49999999999999983,0.895839290734909,-0.4443781781046132,7762.0,0.0,0.0,7437.428571428572,7917.0,3445.0978630097416,6624.833333333333,7583.0,3609.3727994967653,3860.0,0,1,1,0,0,0,0,0,1,0
872,1,2013-04-29,0.7818314824680298,0.6234898018587336,0.8660254037844387,-0.49999999999999983,0.8880573226294932,-0.45973273945210397,0.0,10624.0,6883.0,7589.714285714285,7917.0,3628.1304972067787,6653.766666666666,7583.0,3647.456266981171,3860.0,1,1,1,0,0,0,0,0,1,11690
872,1,2013-04-30,0.9749279121818236,-0.22252093395631434,0.8660254037844387,-0.49999999999999983,0.8800122039735357,-0.47495107206704995,11690.0,8752.0,6315.0,7966.285714285715,7917.0,3895.797082082421,7033.366666666667,7713.5,3521.518329311684,3860.0,1,1,1,0,0,0,0,0,1,11388
872,1,2013-05-01,0.43388373911755823,-0.900968867902419,0.49999999999999994,-0.8660254037844387,0.8717063187093218,-0.49002866642905923,11388.0,7917.0,6601.0,6835.285714285715,7762.0,4925.5889906448665,7033.366666666667,7713.5,3521.518329311684,3860.0,1,1,1,0,0,0,0,0,1,0
872,1,2013-05-02,-0.433883739117558,-0.9009688679024191,0.49999999999999994,-0.8660254037844387,0.8631421280499114,-0.5049610547215204,0.0,7665.0,6932.0,7226.571428571428,9342.0,5107.904425402616,7099.3,7713.5,3566.718642171511,3860.0,1,1,1,0,0,0,0,0,1,10404
872,1,2013-05-03,-0.9749279121818236,-0.2225209339563146,0.49999999999999994,-0.8660254037844387,0.854322169749827,-0.5197438121555155,10404.0,9342.0,8435.0,7466.714285714285,10404.0,5261.151290807165,7230.233333333334,7784.0,3637.9421587725533,3860.0,1,1,1,0,0,0,0,0,1,11023
872,1,2013-05-04,-0.7818314824680299,0.6234898018587334,0.49999999999999994,-0.8660254037844387,0.8452490573530633,-0.5343725582809787,11023.0,7762.0,6890.0,7412.857142857143,10404.0,5259.55411381901,7226.366666666667,7784.0,3637.706083588215,3860.0,0,1,1,0,0,0,0,0,1,7385
872,1,2013-05-05,-2.4492935982947064e-16,1.0,0.49999999999999994,-0.8660254037844387,0.835925479418637,-0.548842958284719,7385.0,0.0,0.0,7412.857142857143,10404.0,5259.55411381901,6959.233333333334,7713.5,3865.022029498117,3860.0,0,1,1,0,0,0,0,0,1,0
872,1,2013-05-06,0.7818314824680298,0.6234898018587336,0.49999999999999994,-0.8660254037844387,0.8263541987239096,-0.5631507242749186,0.0,11690.0,10624.0,6963.428571428572,8544.0,4958.983224316011,7009.066666666667,7784.0,3875.842021382275,3860.0,0,1,1,0,0,0,0,0,1,8544
872,1,2013-05-07,0.9749279121818236,-0.22252093395631434,0.49999999999999994,-0.8660254037844387,0.8165380514459161,-0.5772916165517272,8544.0,11388.0,8752.0,6471.571428571428,7945.0,4605.110815067062,7273.9,7861.5,3644.9646169230073,3860.0,0,1,1,0,0,0,0,0,1,7945
872,1,2013-05-08,0.43388373911755823,-0.900968867902419,0.49999999999999994,-0.8660254037844387,0.8064799463209448,-0.5912614448635781,7945.0,0.0,7917.0,7898.857142857143,8544.0,3730.2234709005224,7235.2,7861.5,3608.3489719604827,3860.0,0,1,1,0,0,0,0,0,1,9991
872,1,2013-05-09,-0.433883739117558,-0.9009688679024191,0.49999999999999994,-0.8660254037844387,0.7961828637826158,-0.6050560696488488,9991.0,10404.0,7665.0,6412.571428571428,7945.0,4548.6314739396375,6897.766666666666,7784.0,3797.359242887117,3860.0,0,1,1,0,0,0,0,0,1,0
872,1,2013-05-10,-0.9749279121818236,-0.2225209339563146,0.49999999999999994,-0.8660254037844387,0.7856498550787145,-0.6186714032625031,0.0,11023.0,9342.0,6294.714285714285,7945.0,4418.077927269795,6977.5,7839.5,3841.9378618716296,3860.0,0,1,1,0,0,0,0,0,1,10198
872,1,2013-05-11,-0.7818314824680299,0.6234898018587334,0.49999999999999994,-0.8660254037844387,0.7748840413670407,-0.6321034111873487,10198.0,7385.0,7762.0,6416.428571428572,8237.0,4464.611325268335,6934.9,7839.5,3819.8533132154103,3860.0,0,1,1,0,0,0,0,0,1,8237
872,1,2013-05-12,-2.4492935982947064e-16,1.0,0.49999999999999994,-0.8660254037844387,0.7638886127905428,-0.6453481132295501,8237.0,0.0,0.0,6416.428571428572,8237.0,4464.611325268335,6596.933333333333,7713.5,3972.088123942847,3860.0,0,1,1,0,0,0,0,0,1,0
872,1,2013-05-13,0.7818314824680298,0.6234898018587336,0.49999999999999994,-0.8660254037844387,0.7526668275320084,-0.6584015846980488,0.0,8544.0,11690.0,6728.428571428572,8237.0,4707.763193461868,6721.7,7839.5,4042.8530055071155,3860.0,1,1,1,0,0,0,0,0,1,10728
872,1,2013-05-14,0.9749279121818236,-0.22252093395631434,0.49999999999999994,-0.8660254037844387,0.741222010848596,-0.6712599575675313,10728.0,7945.0,11388.0,6941.714285714285,9438.0,4804.884692140063,7036.3,7931.0,3865.064536642795,3860.0,1,1,1,0,0,0,0,0,1,9438
872,1,2013-05-15,0.43388373911755823,-0.900968867902419,0.49999999999999994,-0.8660254037844387,0.7295575540864875,-0.6839194216246106,9438.0,9991.0,0.0,6855.714285714285,9389.0,4746.240502204024,7119.833333333333,8091.0,3888.6455144152187,3860.0,1,1,1,0,0,0,0,0,1,9389
872,1,2013-05-16,-0.433883739117558,-0.9009688679024191,0.49999999999999994,-0.8660254037844387,0.717676913675962,-0.6963762255968722,9389.0,0.0,10404.0,8057.285714285715,9389.0,3662.250479067288,7189.7,8324.0,3892.5138951759595,3860.0,1,1,1,0,0,0,0,0,1,8411
872,1,2013-05-17,-0.9749279121818236,-0.2225209339563146,0.49999999999999994,-0.8660254037844387,0.705583610107178,-0.7086266782644596,8411.0,10198.0,11023.0,8023.714285714285,9389.0,3640.3679170419823,7301.766666666666,8423.0,3923.2557089069855,3860.0,1,1,1,0,0,0,0,0,1,9963
872,1,2013-05-18,-0.7818314824680299,0.6234898018587334,0.49999999999999994,-0.8660254037844387,0.6932812268869777,-0.7206671495538609,9963.0,8237.0,7385.0,7983.285714285715,9389.0,3639.1757177638333,7335.833333333333,8423.0,3924.3712000895052,3860.0,0,1,1,0,0,0,0,0,1,7954
872,1,2013-05-19,-2.4492935982947064e-16,1.0,0.49999999999999994,-0.8660254037844387,0.6807734094770161,-0.7324940716135789,7954.0,0.0,0.0,7983.285714285715,9389.0,3639.1757177638333,7054.666666666667,8324.0,4139.192960930437,3860.0,0,1,1,0,0,0,0,0,1,0
872,1,2013-05-20,0.7818314824680298,0.6234898018587336,0.49999999999999994,-0.8660254037844387,0.6680638642135335,-0.7441039398713607,0.0,10728.0,8544.0,6450.714285714285,8411.0,4457.569730779532,6825.0,8324.0,4335.154756017445,3860.0,0,1,1,0,0,0,0,0,1,0
872,1,2013-05-21,0.9749279121818236,-0.22252093395631434,0.49999999999999994,-0.8660254037844387,0.6551563572090853,-0.7554933140726803,0.0,9438.0,7945.0,6308.714285714285,8411.0,4361.340226516221,7106.466666666666,8427.5,4146.778007523208,3860.0,0,1,1,0,0,0,0,0,1,8444
872,1,2013-05-22,0.43388373911755823,-0.900968867902419,0.49999999999999994,-0.8660254037844387,0.6420547132365637,-0.766658819300159,8444.0,9389.0,9991.0,6043.0,7954.0,4195.919446319244,7003.3,8324.0,4094.417815968972,3860.0,0,1,1,0,0,0,0,0,1,7529
872,1,2013-05-23,-0.433883739117558,-0.9009688679024191,0.49999999999999994,-0.8660254037844387,0.6287628145958344,-0.777597146973627,7529.0,8411.0,0.0,5932.0,7634.0,4132.635357734819,6966.033333333334,8095.5,4083.024685825137,3860.0,0,1,1,0,0,0,0,0,1,7634
872,1,2013-05-24,-0.9749279121818236,-0.2225209339563146,0.49999999999999994,-0.8660254037844387,0.6152845999633276,-0.7883050558305255,7634.0,9963.0,10198.0,5619.142857142857,7634.0,3849.8314434345216,6961.233333333334,8095.5,4081.9526825159105,3860.0,0,1,1,0,0,0,0,0,1,7773
872,1,2013-05-25,-0.7818314824680299,0.6234898018587334,0.49999999999999994,-0.8660254037844387,0.6016240632249226,-0.7987793728863649,7773.0,7954.0,8237.0,5472.714285714285,7529.0,3764.777360140777,6936.7,8095.5,4079.788231066021,3860.0,0,1,1,0,0,0,0,0,1,6929
872,1,2013-05-26,-2.4492935982947064e-16,1.0,0.49999999999999994,-0.8660254037844387,0.5877852522924732,-0.8090169943749473,6929.0,0.0,0.0,5472.714285714285,7529.0,3764.777360140777,6625.3,7949.5,4243.1231515606905,3860.0,0,1,1,0,0,0,0,0,1,0
872,1,2013-05-27,0.7818314824680298,0.6234898018587336,0.49999999999999994,-0.8660254037844387,0.5737722679043246,-0.8190148866680801,0.0,0.0,10728.0,7052.285714285715,7634.0,3386.483314309291,6735.133333333333,8095.5,4315.588046663598,3860.0,1,1,1,0,0,0,0,0,1,11057
872,1,2013-05-28,0.9749279121818236,-0.22252093395631434,0.49999999999999994,-0.8660254037844387,0.5595892624101765,-0.8287700871745037,11057.0,8444.0,9438.0,7066.142857142857,7634.0,3393.3187505533792,7019.833333333333,8324.0,4133.8477365761055,3860.0,1,1,1,0,0,0,0,0,1,8541
872,1,2013-05-29,0.43388373911755823,-0.900968867902419,0.49999999999999994,-0.8660254037844387,0.545240438540651,-0.8382797052177743,8541.0,7529.0,9389.0,7470.428571428572,7773.0,3618.752448802528,6975.466666666666,8324.0,4088.8947223638197,3860.0,1,1,1,0,0,0,0,0,1,10359
872,1,2013-05-30,-0.433883739117558,-0.9009688679024191,0.49999999999999994,-0.8660254037844387,0.5307300481619334,-0.8475409228928311,10359.0,7634.0,8411.0,6379.857142857143,7773.0,4583.0728566676535,6595.866666666667,8095.5,4192.42560630094,3860.0,1,1,1,0,0,0,0,0,1,0
872,1,2013-05-31,-0.9749279121818236,-0.2225209339563146,0.49999999999999994,-0.8660254037844387,0.5160623910158528,-0.8565509959010036,0.0,7773.0,9963.0,7276.142857142857,8541.0,5435.198200267446,7064.1,8324.0,4214.72459402133,3860.0,1,1,1,0,0,0,0,0,1,14047
872,1,2013-06-01,-0.7818314824680299,0.6234898018587334,1.2246467991473532e-16,-1.0,0.5012418134457758,-0.865307254363206,14047.0,6929.0,7954.0,7404.857142857143,8541.0,5436.275607085285,6978.3,8095.5,4170.35523294665,3860.0,0,1,1,0,0,0,0,0,1,7830
872,1,2013-06-02,-2.4492935982947064e-16,1.0,1.2246467991473532e-16,-1.0,0.48627270710869,-0.8738071036110808,7830.0,0.0,0.0,7404.857142857143,8541.0,5436.275607085285,6610.866666666667,7949.5,4285.705492426664,3860.0,0,1,1,0,0,0,0,0,1,0
872,1,2013-06-03,0.7818314824680298,0.6234898018587336,1.2246467991473532e-16,-1.0,0.4711595076738638,-0.8820480249558537,0.0,11057.0,0.0,7596.285714285715,8541.0,5607.218315537148,6777.933333333333,8095.5,4412.730774923167,3860.0,1,1,1,0,0,0,0,0,1,12397
872,1,2013-06-04,0.9749279121818236,-0.22252093395631434,1.2246467991473532e-16,-1.0,0.4559066935084588,-0.8900275764346767,12397.0,8541.0,8444.0,7656.857142857143,8965.0,5621.396547376564,7076.766666666666,8324.0,4237.994944614104,3860.0,1,1,1,0,0,0,0,0,1,8965
872,1,2013-06-05,0.43388373911755823,-0.900968867902419,1.2246467991473532e-16,-1.0,0.440518784350495,-0.8977433935342337,8965.0,10359.0,7529.0,7414.0,8659.0,5521.027259487133,7080.6,8324.0,4239.419613823212,3860.0,1,1,1,0,0,0,0,0,1,8659
872,1,2013-06-06,-0.433883739117558,-0.9009688679024191,1.2246467991473532e-16,-1.0,0.42500033996955416,-0.9051931898913974,8659.0,0.0,7634.0,8721.142857142857,8965.0,4453.021349921552,7120.766666666666,8427.5,4253.576626333648,3860.0,1,1,1,0,0,0,0,0,1,9150
872,1,2013-06-07,-0.9749279121818236,-0.2225209339563146,1.2246467991473532e-16,-1.0,0.4093559588156213,-0.9123747579707273,9150.0,14047.0,7773.0,7996.285714285715,8965.0,3807.824125590438,7086.833333333333,8427.5,4233.904589703531,3860.0,1,1,1,0,0,0,0,0,1,8973
872,1,2013-06-08,-0.7818314824680299,0.6234898018587334,1.2246467991473532e-16,-1.0,0.39359027665646673,-0.9192859697186104,8973.0,7830.0,6929.0,7841.285714285715,8965.0,3837.686747433743,7311.666666666667,8427.5,4018.189833772152,3860.0,0,1,1,0,0,0,0,0,1,6745
872,1,2013-06-09,-2.4492935982947064e-16,1.0,1.2246467991473532e-16,-1.0,0.3777079652039649,-0.9259247771938498,6745.0,0.0,0.0,7841.285714285715,8965.0,3837.686747433743,6971.733333333334,8324.0,4193.149363140929,3860.0,0,1,1,0,0,0,0,0,1,0
872,1,2013-06-10,0.7818314824680298,0.6234898018587336,1.2246467991473532e-16,-1.0,0.36171373072976765,-0.9322892131745133,0.0,12397.0,11057.0,7212.857142857143,8659.0,3288.1759598380904,6963.766666666666,8204.5,4190.888990403473,3860.0,0,1,1,0,0,0,0,0,1,7998
872,1,2013-06-11,0.9749279121818236,-0.22252093395631434,1.2246467991473532e-16,-1.0,0.3456123126707335,-0.9383773917408641,7998.0,8965.0,8541.0,6954.285714285715,7998.0,3197.340963690804,7202.266666666666,8204.5,3979.1656631400297,3860.0,0,1,1,0,0,0,0,0,1,7155
872,1,2013-06-12,0.43388373911755823,-0.900968867902419,1.2246467991473532e-16,-1.0,0.3294084822245304,-0.9441875088341993,7155.0,8659.0,10359.0,6672.142857142857,7155.0,3107.7244316150586,7067.466666666666,7976.0,3923.7196262917555,3860.0,0,1,1,0,0,0,0,0,1,6684
872,1,2013-06-13,-0.433883739117558,-0.9009688679024191,1.2246467991473532e-16,-1.0,0.3131070409358269,-0.9497178427914316,6684.0,9150.0,0.0,6402.714285714285,7155.0,2933.998506832482,6995.0,7892.0,3898.4229791209054,3860.0,0,1,1,0,0,0,0,0,1,7264
872,1,2013-06-14,-0.9749279121818236,-0.2225209339563146,1.2246467991473532e-16,-1.0,0.29671281927349075,-0.9549667548552551,7264.0,8973.0,14047.0,6379.0,7155.0,2910.3369793433417,6975.6,7892.0,3887.5316483909637,3860.0,0,1,1,0,0,0,0,0,1,8807
872,1,2013-06-15,-0.7818314824680299,0.6234898018587334,1.2246467991473532e-16,-1.0,0.28023067519921585,-0.9599326896597447,8807.0,6745.0,7830.0,6442.285714285715,7188.0,2924.404709468561,6934.833333333333,7801.5,3878.361946113005,3860.0,0,1,1,0,0,0,0,0,1,7188
872,1,2013-06-16,-2.4492935982947064e-16,1.0,1.2246467991473532e-16,-1.0,0.26366549272800704,-0.9646141756912435,7188.0,0.0,0.0,6442.285714285715,7188.0,2924.4047094685616,6602.733333333334,7703.5,4033.5765675683865,3860.0,0,1,1,0,0,0,0,0,1,0
872,1,2013-06-17,0.7818314824680298,0.6234898018587336,1.2246467991473532e-16,-1.0,0.24702218048093552,-0.9690098257244062,0.0,7998.0,12397.0,6812.714285714285,7188.0,3295.0447500393534,6690.633333333333,7703.5,4092.343629042032,3860.0,1,1,1,0,0,0,0,0,1,10591
872,1,2013-06-18,0.9749279121818236,-0.22252093395631434,1.2246467991473532e-16,-1.0,0.23030567023061221,-0.9731183372332619,10591.0,7155.0,8965.0,6950.142857142857,7264.0,3331.5590658914953,6961.2,7801.5,3898.473497895438,3860.0,1,1,1,0,0,0,0,0,1,8117
872,1,2013-06-19,0.43388373911755823,-0.900968867902419,1.2246467991473532e-16,-1.0,0.21352091543979612,-0.9769384927771817,8117.0,6684.0,8659.0,7144.285714285715,8043.0,3352.9931759690835,7229.3,7914.0,3673.298012169294,3860.0,1,1,1,0,0,0,0,0,1,8043
872,1,2013-06-20,-0.433883739117558,-0.9009688679024191,1.2246467991473532e-16,-1.0,0.19667288979357647,-0.980469160361632,8043.0,7264.0,9150.0,7368.142857142857,8117.0,3414.0706118733324,7242.2,7914.0,3678.3869440754625,3860.0,1,1,1,0,0,0,0,0,1,8831
872,1,2013-06-21,-0.9749279121818236,-0.2225209339563146,1.2246467991473532e-16,-1.0,0.1797665857255624,-0.9837092937736097,8831.0,8807.0,8973.0,7591.142857142857,8117.0,3571.0875761020598,7336.833333333333,8020.5,3722.2772607299307,3860.0,1,1,1,0,0,0,0,0,1,10368
872,1,2013-06-22,-0.7818314824680299,0.6234898018587334,1.2246467991473532e-16,-1.0,0.16280701293851715,-0.986657932891657,10368.0,7188.0,6745.0,7522.714285714285,8117.0,3584.663476268762,7306.0,8020.5,3723.5616894543864,3860.0,0,1,1,0,0,0,0,0,1,6709
872,1,2013-06-23,-2.4492935982947064e-16,1.0,1.2246467991473532e-16,-1.0,0.1457991969198751,-0.9893142039703663,6709.0,0.0,0.0,7522.714285714285,8117.0,3584.6634762687618,7046.9,8020.5,3953.2963142516714,3860.0,0,1,1,0,0,0,0,0,1,0
872,1,2013-06-24,0.7818314824680298,0.6234898018587336,1.2246467991473532e-16,-1.0,0.12874817745258132,-0.99167731989929,0.0,10591.0,7998.0,7180.428571428572,8117.0,3349.5359806567662,7089.1,8080.0,3958.7476629131943,3860.0,0,1,1,0,0,0,0,0,1,8195
872,1,2013-06-25,0.9749279121818236,-0.22252093395631434,1.2246467991473532e-16,-1.0,0.11165900712169512,-0.993746580436178,8195.0,8117.0,7155.0,7016.142857142857,8043.0,3324.0488578725503,7321.333333333333,8080.0,3726.0518471722967,3860.0,0,1,1,0,0,0,0,0,1,6967
872,1,2013-06-26,0.43388373911755823,-0.900968867902419,1.2246467991473532e-16,-1.0,0.09453674981719912,-0.9955213724144752,6967.0,8043.0,6684.0,6869.428571428572,7016.0,3293.698369975755,7186.633333333333,8020.5,3658.783050775718,3860.0,0,1,1,0,0,0,0,0,1,7016
872,1,2013-06-27,-0.433883739117558,-0.9009688679024191,1.2246467991473532e-16,-1.0,0.07738647923346301,-0.9970011699250151,7016.0,8831.0,7264.0,6772.714285714285,7016.0,3235.9331325129747,7173.733333333334,8020.5,3654.522969326274,3860.0,0,1,1,0,0,0,0,0,1,8154
872,1,2013-06-28,-0.9749279121818236,-0.2225209339563146,1.2246467991473532e-16,-1.0,0.06021327736579302,-0.9981855344718586,8154.0,10368.0,8807.0,6644.857142857143,7016.0,3084.3316633468266,7144.2,8020.5,3631.401091817753,3860.0,0,1,1,0,0,0,0,0,1,9473
872,1,2013-06-29,-0.7818314824680299,0.6234898018587334,1.2246467991473532e-16,-1.0,0.04302223300453059,-0.99907411510223,9473.0,6709.0,7188.0,6837.714285714285,8059.0,3130.866212104125,7412.833333333333,8051.0,3373.617173499881,3860.0,0,1,1,0,0,0,0,0,1,8059
872,1,2013-06-30,-2.4492935982947064e-16,1.0,1.2246467991473532e-16,-1.0,0.02581844022713308,-0.9996666485105112,8059.0,0.0,0.0,6837.714285714285,8059.0,3130.866212104125,6944.6,8020.5,3395.8298422096136,3860.0,0,1,1,0,0,0,0,0,1,0
872,1,2013-07-01,0.7818314824680298,0.6234898018587336,-0.4999999999999998,-0.8660254037844388,0.008606996888688698,-0.9999629591162655,0.0,8195.0,10591.0,7392.142857142857,8059.0,3702.6930482452653,7086.133333333333,8051.0,3520.210277157075,3860.0,1,1,1,0,0,0,0,0,1,12076
872,1,2013-07-02,0.9749279121818236,-0.22252093395631434,-0.4999999999999998,-0.8660254037844388,-0.008606996888688009,-0.9999629591162655,12076.0,6967.0,8117.0,7874.0,8154.0,3854.508745179686,7430.8,8088.0,3301.906663398149,3860.0,1,1,1,0,0,0,0,0,1,10340
872,1,2013-07-03,0.43388373911755823,-0.900968867902419,-0.4999999999999998,-0.8660254037844388,-0.02581844022713239,-0.9996666485105112,10340.0,7016.0,8043.0,8189.714285714285,9226.0,3863.0177631089473,7325.1,8088.0,3186.1741553587203,3860.0,1,1,1,0,0,0,0,0,1,9226
872,1,2013-07-04,-0.433883739117558,-0.9009688679024191,-0.4999999999999998,-0.8660254037844388,-0.04302223300453034,-0.99907411510223,9226.0,8154.0,8831.0,8492.42857142857,9473.0,3941.970524883163,7368.7,8088.0,3218.177253963962,3860.0,1,1,1,0,0,0,0,0,1,10273
872,1,2013-07-05,-0.9749279121818236,-0.2225209339563146,-0.4999999999999998,-0.8660254037844388,-0.060213277365792774,-0.9981855344718586,10273.0,9473.0,10368.0,8656.0,10273.0,4012.564308934295,7434.0,8088.0,3264.7988478988063,3860.0,1,1,1,0,0,0,0,0,1,10618
872,1,2013-07-06,-0.7818314824680299,0.6234898018587334,-0.4999999999999998,-0.8660254037844388,-0.07738647923346322,-0.9970011699250151,10618.0,8059.0,6709.0,8606.142857142857,10273.0,4023.372152335712,7386.0,8051.0,3249.248369318239,3860.0,0,1,1,0,0,0,0,0,1,7710
872,1,2013-07-07,-2.4492935982947064e-16,1.0,-0.4999999999999998,-0.8660254037844388,-0.09453674981719933,-0.9955213724144752,7710.0,0.0,0.0,8606.142857142857,10273.0,4023.372152335712,7086.9,8020.5,3501.3368712831516,3860.0,0,1,1,0,0,0,0,0,1,0
872,1,2013-07-08,0.7818314824680298,0.6234898018587336,-0.4999999999999998,-0.8660254037844388,-0.11165900712169444,-0.9937465804361781,0.0,12076.0,8195.0,8067.428571428572,9226.0,3722.55350788241,7138.9,8051.0,3507.6624926108493,3860.0,0,1,1,0,0,0,0,0,1,8305
872,1,2013-07-09,0.9749279121818236,-0.22252093395631434,-0.4999999999999998,-0.8660254037844388,-0.12874817745258066,-0.99167731989929,8305.0,10340.0,6967.0,7602.142857142857,8305.0,3592.4344312537087,7375.0,8051.0,3238.635962338422,3860.0,0,1,1,0,0,0,0,0,1,7083
872,1,2013-07-10,0.43388373911755823,-0.900968867902419,-0.4999999999999998,-0.8660254037844388,-0.14579919691987442,-0.9893142039703664,7083.0,9226.0,7016.0,7389.285714285715,7736.0,3523.6666373862017,7366.266666666666,8051.0,3237.251004226859,3860.0,0,1,1,0,0,0,0,0,1,7736
872,1,2013-07-11,-0.433883739117558,-0.9009688679024191,-0.4999999999999998,-0.8660254037844388,-0.16280701293851646,-0.9866579328916572,7736.0,10273.0,8154.0,7011.0,7710.0,3297.3578311530996,7381.933333333333,8051.0,3237.330604630635,3860.0,0,1,1,0,0,0,0,0,1,7625
872,1,2013-07-12,-0.9749279121818236,-0.2225209339563146,-0.4999999999999998,-0.8660254037844388,-0.17976658572556214,-0.9837092937736098,7625.0,10618.0,9473.0,6773.142857142857,7710.0,3044.1280869115562,7457.566666666667,8088.0,3246.95348652828,3860.0,0,1,1,0,0,0,0,0,1,8953
872,1,2013-07-13,-0.7818314824680299,0.6234898018587334,-0.4999999999999998,-0.8660254037844388,-0.19667288979357622,-0.9804691603616321,8953.0,7710.0,8059.0,6681.714285714285,7625.0,3020.8222784690993,7451.1,8088.0,3247.545421624959,3860.0,0,1,1,0,0,0,0,0,1,7070
872,1,2013-07-14,-2.4492935982947064e-16,1.0,-0.4999999999999998,-0.8660254037844388,-0.2135209154397959,-0.9769384927771817,7070.0,0.0,0.0,6681.714285714285,7625.0,3020.8222784690993,7157.533333333334,8051.0,3508.3396773907193,3860.0,0,1,1,0,0,0,0,0,1,0
872,1,2013-07-15,0.7818314824680298,0.6234898018587336,-0.4999999999999998,-0.8660254037844388,-0.23030567023061196,-0.973118337233262,0.0,8305.0,12076.0,7253.428571428572,7625.0,3684.9465331780543,7328.166666666667,8088.0,3632.1722301118093,3860.0,1,1,1,0,0,0,0,0,1,12307
872,1,2013-07-16,0.9749279121818236,-0.22252093395631434,-0.4999999999999998,-0.8660254037844388,-0.24702218048093527,-0.9690098257244063,12307.0,7083.0,10340.0,7692.285714285715,7736.0,3840.895890035976,7666.666666666667,8135.5,3390.8552001679072,3860.0,1,1,1,0,0,0,0,0,1,10155
872,1,2013-07-17,0.43388373911755823,-0.900968867902419,-0.4999999999999998,-0.8660254037844388,-0.2636654927280072,-0.9646141756912435,10155.0,7736.0,9226.0,8049.714285714285,8953.0,3960.205201513586,7654.9,8135.5,3380.955520416451,3860.0,1,1,1,0,0,0,0,0,1,10238
872,1,2013-07-18,-0.433883739117558,-0.9009688679024191,-0.4999999999999998,-0.8660254037844388,-0.2802306751992161,-0.9599326896597445,10238.0,7625.0,10273.0,8624.42857142857,10155.0,4174.4171991286385,7772.6,8174.5,3458.177012282028,3860.0,1,1,1,0,0,0,0,0,1,11648
872,1,2013-07-19,-0.9749279121818236,-0.2225209339563146,-0.4999999999999998,-0.8660254037844388,-0.2967128192734901,-0.9549667548552553,11648.0,8953.0,10618.0,8957.42857142857,10238.0,4296.193891385838,7880.633333333333,8250.0,3517.0390022969823,3860.0,1,1,1,0,0,0,0,0,1,11284
872,1,2013-07-20,-0.7818314824680299,0.6234898018587334,-0.4999999999999998,-0.8660254037844388,-0.3131070409358267,-0.9497178427914317,11284.0,7070.0,7710.0,9020.0,10238.0,4267.214977788992,7836.533333333334,8174.5,3513.003683197743,3860.0,0,1,1,0,0,0,0,0,1,7508
872,1,2013-07-21,-2.4492935982947064e-16,1.0,-0.4999999999999998,-0.8660254037844388,-0.3294084822245302,-0.9441875088341994,7508.0,0.0,0.0,9020.0,10238.0,4267.214977788992,7490.933333333333,8106.5,3756.8989498707865,3860.0,0,1,1,0,0,0,0,0,1,0
872,1,2013-07-22,0.7818314824680298,0.6234898018587336,-0.4999999999999998,-0.8660254037844388,-0.3456123126707333,-0.9383773917408642,0.0,12307.0,8305.0,8434.57142857143,10155.0,4014.7438215135203,7540.933333333333,8174.5,3756.115022781891,3860.0,0,1,1,0,0,0,0,0,1,8209
872,1,2013-07-23,0.9749279121818236,-0.22252093395631434,-0.4999999999999998,-0.8660254037844388,-0.3617137307297674,-0.9322892131745134,8209.0,10155.0,7083.0,7933.285714285715,8209.0,3983.070620944173,7762.466666666666,8174.5,3482.0055728265847,3860.0,0,1,1,0,0,0,0,0,1,6646
872,1,2013-07-24,0.43388373911755823,-0.900968867902419,-0.4999999999999998,-0.8660254037844388,-0.37770796520396466,-0.9259247771938499,6646.0,10238.0,7736.0,7441.571428571428,7508.0,3861.7426919782783,7715.833333333333,8106.5,3485.379582388886,3860.0,0,1,1,0,0,0,0,0,1,6796
872,1,2013-07-25,-0.433883739117558,-0.9009688679024191,-0.4999999999999998,-0.8660254037844388,-0.39359027665646645,-0.9192859697186105,6796.0,11648.0,7625.0,6856.428571428572,7508.0,3400.974069152488,7735.333333333333,8106.5,3482.68097614599,3860.0,0,1,1,0,0,0,0,0,1,7552
872,1,2013-07-26,-0.9749279121818236,-0.2225209339563146,-0.4999999999999998,-0.8660254037844388,-0.4093559588156211,-0.9123747579707274,7552.0,11284.0,8953.0,6542.571428571428,7508.0,3002.2842335541163,7804.366666666667,8181.5,3488.4515434880786,3860.0,0,1,1,0,0,0,0,0,1,9087
872,1,2013-07-27,-0.7818314824680299,0.6234898018587334,-0.4999999999999998,-0.8660254037844388,-0.42500033996955394,-0.9051931898913975,9087.0,7508.0,7070.0,6415.714285714285,6796.0,2973.3134555175834,7753.233333333334,8134.0,3494.3874869847214,3860.0,0,1,1,0,0,0,0,0,1,6620
872,1,2013-07-28,-2.4492935982947064e-16,1.0,-0.4999999999999998,-0.8660254037844388,-0.4405187843504952,-0.8977433935342336,6620.0,0.0,0.0,6415.714285714285,6796.0,2973.3134555175834,7437.466666666666,7897.5,3752.127421677699,3860.0,0,1,1,0,0,0,0,0,1,0
872,1,2013-07-29,0.7818314824680298,0.6234898018587336,-0.4999999999999998,-0.8660254037844388,-0.455906693508459,-0.8900275764346766,0.0,8209.0,12307.0,6957.571428571428,6796.0,3628.1080403401666,7568.9,7972.5,3842.618381278308,3860.0,1,1,1,0,0,0,0,0,1,12002
872,1,2013-07-30,0.9749279121818236,-0.22252093395631434,-0.4999999999999998,-0.8660254037844388,-0.47115950767386394,-0.8820480249558535,12002.0,6646.0,10155.0,7527.714285714285,7552.0,3876.0952307825532,7923.466666666666,8257.0,3603.442939202999,3860.0,1,1,1,0,0,0,0,0,1,10637
872,1,2013-07-31,0.43388373911755823,-0.900968867902419,-0.4999999999999998,-0.8660254037844388,-0.4862727071086902,-0.8738071036110807,10637.0,6796.0,10238.0,8024.571428571428,9087.0,3987.967228933513,7863.4,8257.0,3546.4040223380025,3860.0,1,1,1,0,0,0,0,0,1,10274
872,1,2013-08-01,-0.433883739117558,-0.9009688679024191,-0.8660254037844384,-0.5000000000000004,-0.5012418134457756,-0.8653072543632061,10274.0,7552.0,11648.0,8307.0,9529.0,4018.8081981270716,7836.366666666667,8257.0,3529.927297125041,3860.0,1,1,1,0,0,0,0,0,1,9529
872,1,2013-08-02,-0.9749279121818236,-0.2225209339563146,-0.8660254037844384,-0.5000000000000004,-0.5160623910158526,-0.8565509959010037,9529.0,9087.0,11284.0,8422.42857142857,9895.0,4056.3734565554546,7858.666666666667,8257.0,3541.104379975977,3860.0,1,1,1,0,0,0,0,0,1,9895
872,1,2013-08-03,-0.7818314824680299,0.6234898018587334,-0.8660254037844384,-0.5000000000000004,-0.5307300481619331,-0.8475409228928312,9895.0,6620.0,7508.0,8524.42857142857,9895.0,4012.233245842974,7760.7,7972.5,3512.54663633293,3860.0,0,1,1,0,0,0,0,0,1,7334
872,1,2013-08-04,-2.4492935982947064e-16,1.0,-0.8660254037844384,-0.5000000000000004,-0.5452404385406507,-0.8382797052177745,7334.0,0.0,0.0,8524.42857142857,9895.0,4012.233245842974,7406.766666666666,7723.0,3742.1539499407904,3860.0,0,1,1,0,0,0,0,0,1,0
872,1,2013-08-05,0.7818314824680298,0.6234898018587336,-0.8660254037844384,-0.5000000000000004,-0.5595892624101763,-0.828770087174504,0.0,12002.0,8209.0,7941.428571428572,9529.0,3707.6383704070045,7413.8,7828.5,3742.9417289355288,3860.0,0,1,1,0,0,0,0,0,1,7921
872,1,2013-08-06,0.9749279121818236,-0.22252093395631434,-0.8660254037844384,-0.5000000000000004,-0.5737722679043243,-0.8190148866680802,7921.0,10637.0,6646.0,7428.714285714285,7921.0,3515.951066889572,7648.733333333334,7828.5,3473.0109160479897,3860.0,0,1,1,0,0,0,0,0,1,7048
872,1,2013-08-07,0.43388373911755823,-0.900968867902419,-0.8660254037844384,-0.5000000000000004,-0.5877852522924734,-0.8090169943749472,7048.0,10274.0,6796.0,6925.571428571428,7334.0,3285.3638488069514,7596.966666666666,7680.5,3474.465431304983,3860.0,0,1,1,0,0,0,0,0,1,6752
872,1,2013-08-08,-0.433883739117558,-0.9009688679024191,-0.8660254037844384,-0.5000000000000004,-0.6016240632249227,-0.7987793728863648,6752.0,9529.0,7552.0,6633.714285714285,7334.0,3101.1199436271254,7610.4,7680.5,3473.1885836981305,3860.0,0,1,1,0,0,0,0,0,1,7486
872,1,2013-08-09,-0.9749279121818236,-0.2225209339563146,-0.8660254037844384,-0.5000000000000004,-0.6152845999633277,-0.7883050558305253,7486.0,9895.0,9087.0,6253.857142857143,7236.0,2781.438262756124,7593.733333333334,7588.5,3473.764706594504,3860.0,0,1,1,0,0,0,0,0,1,7236
872,1,2013-08-10,-0.7818314824680299,0.6234898018587334,-0.8660254037844384,-0.5000000000000004,-0.6287628145958345,-0.7775971469736268,7236.0,7334.0,6620.0,6130.571428571428,7048.0,2744.462294460297,7555.266666666666,7530.0,3479.7907084640356,3860.0,0,1,1,0,0,0,0,0,1,6471
872,1,2013-08-11,-2.4492935982947064e-16,1.0,-0.8660254037844384,-0.5000000000000004,-0.6420547132365636,-0.7666588193001592,6471.0,0.0,0.0,6130.571428571428,7048.0,2744.462294460297,7256.833333333333,7497.0,3730.655300515495,3860.0,0,1,1,0,0,0,0,0,1,0
872,1,2013-08-12,0.7818314824680298,0.6234898018587336,-0.8660254037844384,-0.5000000000000004,-0.655156357209085,-0.7554933140726804,0.0,7921.0,12002.0,6563.428571428572,7048.0,3263.734561160617,7386.2,7530.0,3790.7590396319993,3860.0,1,1,1,0,0,0,0,0,1,10951
872,1,2013-08-13,0.9749279121818236,-0.22252093395631434,-0.8660254037844384,-0.5000000000000004,-0.6680638642135333,-0.7441039398713608,10951.0,7048.0,10637.0,6901.857142857143,7236.0,3440.399755288691,7700.1,7736.5,3539.6179937076968,3860.0,1,1,1,0,0,0,0,0,1,9417
872,1,2013-08-14,0.43388373911755823,-0.900968867902419,-0.8660254037844384,-0.5000000000000004,-0.6807734094770159,-0.7324940716135792,9417.0,6752.0,10274.0,7129.0,7486.0,3481.1037521644403,7567.933333333333,7736.5,3434.121068431291,3860.0,1,1,1,0,0,0,0,0,1,8342
872,1,2013-08-15,-0.433883739117558,-0.9009688679024191,-0.8660254037844384,-0.5000000000000004,-0.6932812268869771,-0.7206671495538615,8342.0,7486.0,9529.0,7393.571428571428,8342.0,3581.6836291118225,7540.7,7736.5,3416.0897705841467,3860.0,1,1,1,0,0,0,0,0,1,9338
872,1,2013-08-16,-0.9749279121818236,-0.2225209339563146,-0.8660254037844384,-0.5000000000000004,-0.7055836101071774,-0.7086266782644601,9338.0,7236.0,9895.0,7715.0,9338.0,3665.173029112453,7515.633333333333,7736.5,3398.327808702729,3860.0,1,1,1,0,0,0,0,0,1,9486
872,1,2013-08-17,-0.7818314824680299,0.6234898018587334,-0.8660254037844384,-0.5000000000000004,-0.7176769136759615,-0.6963762255968726,9486.0,6471.0,7334.0,7643.857142857143,9338.0,3698.030080487515,7326.466666666666,7530.0,3317.3528471725267,3860.0,0,1,1,0,0,0,0,0,1,5973
872,1,2013-08-18,-2.4492935982947064e-16,1.0,-0.8660254037844384,-0.5000000000000004,-0.7295575540864876,-0.6839194216246105,5973.0,0.0,0.0,7643.857142857143,9338.0,3698.030080487515,6950.333333333333,7497.0,3488.4579276012014,3860.0,0,1,1,0,0,0,0,0,1,0
872,1,2013-08-19,0.7818314824680298,0.6234898018587336,-0.8660254037844384,-0.5000000000000004,-0.7412220108485957,-0.6712599575675315,0.0,10951.0,7921.0,7163.571428571428,8342.0,3403.5191031804566,6953.033333333334,7519.0,3488.935748050253,3860.0,0,1,1,0,0,0,0,0,1,7589
872,1,2013-08-20,0.9749279121818236,-0.22252093395631434,-0.8660254037844384,-0.5000000000000004,-0.7526668275320083,-0.6584015846980489,7589.0,9417.0,7048.0,6807.428571428572,7589.0,3255.642376815103,7183.833333333333,7519.0,3232.7292737671764,3860.0,0,1,1,0,0,0,0,0,1,6924
872,1,2013-08-21,0.43388373911755823,-0.900968867902419,-0.8660254037844384,-0.5000000000000004,-0.7638886127905429,-0.64534811322955,6924.0,8342.0,6752.0,6522.142857142857,6924.0,3185.499930862315,7121.7,7410.0,3230.2582169659213,3860.0,0,1,1,0,0,0,0,0,1,6345
872,1,2013-08-22,-0.433883739117558,-0.9009688679024191,-0.8660254037844384,-0.5000000000000004,-0.7748840413670406,-0.6321034111873488,6345.0,9338.0,7486.0,6229.857142857143,6924.0,2970.6921431753594,7143.233333333334,7410.0,3229.1307540012644,3860.0,0,1,1,0,0,0,0,0,1,7292
872,1,2013-08-23,-0.9749279121818236,-0.2225209339563146,-0.8660254037844384,-0.5000000000000004,-0.7856498550787144,-0.6186714032625032,7292.0,9486.0,7236.0,5942.142857142857,6924.0,2686.728706597884,7165.766666666666,7479.0,3228.9827658720696,3860.0,0,1,1,0,0,0,0,0,1,7472
872,1,2013-08-24,-0.7818314824680299,0.6234898018587334,-0.8660254037844384,-0.5000000000000004,-0.7961828637826154,-0.6050560696488494,7472.0,5973.0,6471.0,5996.142857142857,6924.0,2691.2471352250686,7125.733333333334,7403.0,3231.4731874053255,3860.0,0,1,1,0,0,0,0,0,1,6351
872,1,2013-08-25,-2.4492935982947064e-16,1.0,-0.8660254037844384,-0.5000000000000004,-0.8064799463209447,-0.5912614448635782,6351.0,0.0,0.0,5996.142857142857,6924.0,2691.2471352250686,6822.833333333333,7313.0,3459.1567946372493,3860.0,0,1,1,0,0,0,0,0,1,0
872,1,2013-08-26,0.7818314824680298,0.6234898018587336,-0.8660254037844384,-0.5000000000000004,-0.8165380514459157,-0.5772916165517278,0.0,7589.0,10951.0,6607.285714285715,6924.0,3482.627538429652,6997.733333333334,7403.0,3579.115580730787,3860.0,1,1,1,0,0,0,0,0,1,11867
872,1,2013-08-27,0.9749279121818236,-0.22252093395631434,-0.8660254037844384,-0.5000000000000004,-0.8263541987239095,-0.5631507242749187,11867.0,6924.0,9417.0,7028.714285714285,7292.0,3699.100508424796,7326.866666666667,7479.0,3360.7611897771963,3860.0,1,1,1,0,0,0,0,0,1,9874
872,1,2013-08-28,0.43388373911755823,-0.900968867902419,-0.8660254037844384,-0.5000000000000004,-0.8359254794186365,-0.5488429582847199,9874.0,6345.0,8342.0,7396.285714285715,7472.0,3747.3599913488324,7224.066666666667,7479.0,3258.4349737505754,3860.0,1,1,1,0,0,0,0,0,1,8918
872,1,2013-08-29,-0.433883739117558,-0.9009688679024191,-0.8660254037844384,-0.5000000000000004,-0.8452490573530634,-0.5343725582809785,8918.0,7292.0,9338.0,7622.428571428572,8875.0,3787.5668908127514,7165.333333333333,7479.0,3210.320290534277,3860.0,1,1,1,0,0,0,0,0,1,8875
872,1,2013-08-30,-0.9749279121818236,-0.2225209339563146,-0.8660254037844384,-0.5000000000000004,-0.8543221697498269,-0.5197438121555157,8875.0,7472.0,9486.0,8014.857142857143,8918.0,3909.721449096321,7163.5,7479.0,3208.4989803483722,3860.0,1,1,1,0,0,0,0,0,1,10219
872,1,2013-08-31,-0.7818314824680299,0.6234898018587334,-0.8660254037844384,-0.5000000000000004,-0.8631421280499115,-0.5049610547215202,10219.0,6351.0,5973.0,8244.42857142857,8918.0,3842.339168490246,7111.133333333333,7479.0,3181.2645364028917,3860.0,0,1,1,0,0,0,0,0,1,7958
872,1,2013-09-01,-2.4492935982947064e-16,1.0,-1.0,-1.8369701987210297e-16,-0.8717063187093218,-0.4900286664290594,7958.0,0.0,0.0,8244.42857142857,8918.0,3842.339168490246,6781.3,7403.0,3388.8635074924146,3860.0,0,1,1,0,0,0,0,0,1,0
872,1,2013-09-02,0.7818314824680298,0.6234898018587336,-1.0,-1.8369701987210297e-16,-0.8800122039735356,-0.4749510720670502,0.0,11867.0,7589.0,7792.571428571428,8875.0,3517.5839178401475,6826.966666666666,7479.0,3405.756865431938,3860.0,0,1,1,0,0,0,0,0,1,8704
872,1,2013-09-03,0.9749279121818236,-0.22252093395631434,-1.0,-1.8369701987210297e-16,-0.888057322629493,-0.4597327394521046,8704.0,9874.0,6924.0,7666.285714285715,8875.0,3445.5341489279413,7126.633333333333,7537.5,3171.8234229598556,3860.0,0,1,1,0,0,0,0,0,1,8990
872,1,2013-09-04,0.43388373911755823,-0.900968867902419,-1.0,-1.8369701987210297e-16,-0.8958392907349089,-0.44437817810461344,8990.0,8918.0,6345.0,7605.285714285715,8704.0,3423.3889502599504,7145.633333333333,7537.5,3178.4462641396008,3860.0,0,1,1,0,0,0,0,0,1,8491
872,1,2013-09-05,-0.433883739117558,-0.9009688679024191,-1.0,-1.8369701987210297e-16,-0.9033558023246842,-0.4288919379124841,8491.0,8875.0,7292.0,7350.285714285715,8491.0,3379.2435403151876,7147.033333333334,7537.5,3178.4110266016546,3860.0,0,1,1,0,0,0,0,0,1,7090
872,1,2013-09-06,-0.9749279121818236,-0.2225209339563146,-1.0,-1.8369701987210297e-16,-0.9106046300942162,-0.41327860778290443,7090.0,10219.0,7472.0,7046.142857142857,8090.0,3167.171631417716,7191.633333333333,7773.5,3182.0621321155363,3860.0,0,1,1,0,0,0,0,0,1,8090
872,1,2013-09-07,-0.7818314824680299,0.6234898018587334,-1.0,-1.8369701987210297e-16,-0.9175836260593934,-0.3975428142825566,8090.0,7958.0,6351.0,6939.0,8090.0,3143.7825942644336,7182.366666666667,7773.5,3181.580083297728,3860.0,0,1,1,0,0,0,0,0,1,7208
872,1,2013-09-08,-2.4492935982947064e-16,1.0,-1.0,-1.8369701987210297e-16,-0.9242907221930934,-0.3816892202666586,7208.0,0.0,0.0,6939.0,8090.0,3143.7825942644336,6941.166666666667,7773.5,3441.0768872081535,3860.0,0,1,1,0,0,0,0,0,1,0
872,1,2013-09-09,0.7818314824680298,0.6234898018587336,-1.0,-1.8369701987210297e-16,-0.9307239310379793,-0.3657225234972692,0.0,8704.0,11867.0,7461.142857142857,8090.0,3733.9201218277954,7137.433333333333,8024.0,3578.506418194254,3860.0,1,1,1,0,0,0,0,0,1,12359
872,1,2013-09-10,0.9749279121818236,-0.22252093395631434,-1.0,-1.8369701987210297e-16,-0.9368813462954315,-0.34964745525122826,12359.0,8990.0,9874.0,7682.428571428572,8090.0,3882.5675721590446,7488.733333333334,8216.0,3364.576562314812,3860.0,1,1,1,0,0,0,0,0,1,10539
872,1,2013-09-11,0.43388373911755823,-0.900968867902419,-1.0,-1.8369701987210297e-16,-0.9427611433904206,-0.33346877891818705,10539.0,8491.0,8918.0,7685.714285714285,8090.0,3883.3755382950794,7407.5,8216.0,3307.029104800863,3860.0,1,1,1,0,0,0,0,0,1,8514
872,1,2013-09-12,-0.433883739117558,-0.9009688679024191,-1.0,-1.8369701987210297e-16,-0.9483615800121716,-0.31719128858910595,8514.0,7090.0,8875.0,7915.285714285715,8514.0,3889.784386238985,7383.5,8216.0,3294.5317468548515,3860.0,1,1,1,0,0,0,0,0,1,8697
872,1,2013-09-13,-0.9749279121818236,-0.2225209339563146,-1.0,-1.8369701987210297e-16,-0.9536809966304455,-0.300819807635668,8697.0,8090.0,10219.0,8083.285714285715,8697.0,3923.8346768726888,7414.3,8290.5,3308.0928368534906,3860.0,1,1,1,0,0,0,0,0,1,9266
872,1,2013-09-14,-0.7818314824680299,0.6234898018587334,-1.0,-1.8369701987210297e-16,-0.9587178169872964,-0.2843591872810036,9266.0,7208.0,7958.0,7920.142857142857,8697.0,3989.483651993555,7305.233333333334,8024.0,3296.399777848903,3860.0,0,1,1,0,0,0,0,0,1,6066
872,1,2013-09-15,-2.4492935982947064e-16,1.0,-1.0,-1.8369701987210297e-16,-0.9634705485641486,-0.26781430516217486,6066.0,0.0,0.0,7920.142857142857,8697.0,3989.483651993555,6989.033333333334,7773.5,3526.9040392813145,3860.0,0,1,1,0,0,0,0,0,1,0
872,1,2013-09-16,0.7818314824680298,0.6234898018587336,-1.0,-1.8369701987210297e-16,-0.9679377830240642,-0.25119006388481957,0.0,12359.0,8704.0,7136.142857142857,8514.0,3478.278665689466,7018.966666666666,7773.5,3521.7904878385207,3860.0,0,1,1,0,0,0,0,0,1,6871
872,1,2013-09-17,0.9749279121818236,-0.22252093395631434,-1.0,-1.8369701987210297e-16,-0.9721181966290612,-0.23449138957041052,6871.0,10539.0,8990.0,6629.857142857143,6995.0,3142.099692274337,7252.133333333333,7773.5,3263.1216251053047,3860.0,0,1,1,0,0,0,0,0,1,6995
872,1,2013-09-18,0.43388373911755823,-0.900968867902419,-1.0,-1.8369701987210297e-16,-0.9760105506323682,-0.21772323039653224,6995.0,8514.0,8491.0,6333.428571428572,6871.0,3030.62385531114,7213.8,7715.0,3265.7815392443144,3860.0,0,1,1,0,0,0,0,0,1,6439
872,1,2013-09-19,-0.433883739117558,-0.9009688679024191,-1.0,-1.8369701987210297e-16,-0.9796136916454901,-0.20089055513063528,6439.0,8697.0,7090.0,6011.0,6440.0,2852.0534123095704,7197.666666666667,7715.0,3268.456963085215,3860.0,0,1,1,0,0,0,0,0,1,6440
872,1,2013-09-20,-0.9749279121818236,-0.2225209339563146,-1.0,-1.8369701987210297e-16,-0.9829265519799822,-0.18399835165767986,6440.0,9266.0,8090.0,5884.571428571428,6440.0,2699.235623724048,7265.533333333334,8024.0,3271.2782351787228,3860.0,0,1,1,0,0,0,0,0,1,8381
872,1,2013-09-21,-0.7818314824680299,0.6234898018587334,-1.0,-1.8369701987210297e-16,-0.9859481499638303,-0.1670516255021195,8381.0,6066.0,7208.0,6038.0,6871.0,2741.4606812184384,7260.466666666666,8024.0,3271.3535396849406,3860.0,0,1,1,0,0,0,0,0,1,7140
872,1,2013-09-22,-2.4492935982947064e-16,1.0,-1.0,-1.8369701987210297e-16,-0.9886775902323404,-0.15005539834465262,7140.0,0.0,0.0,6038.0,6871.0,2741.4606812184384,7011.4,8024.0,3528.9906205599355,3860.0,0,1,1,0,0,0,0,0,1,0
872,1,2013-09-23,0.7818314824680298,0.6234898018587336,-1.0,-1.8369701987210297e-16,-0.9911140639934546,-0.13301470653419636,0.0,6871.0,12359.0,6508.0,6995.0,3158.3904128527247,7138.4,8235.5,3572.690723655848,3860.0,1,1,1,0,0,0,0,0,1,10161
872,1,2013-09-24,0.9749279121818236,-0.22252093395631434,-1.0,-1.8369701987210297e-16,-0.9932568492674143,-0.11593459959550066,10161.0,6995.0,10539.0,6621.571428571428,7140.0,3192.9256624159434,7398.066666666667,8235.5,3309.362246439775,3860.0,1,1,1,0,0,0,0,0,1,7790
872,1,2013-09-25,0.43388373911755823,-0.900968867902419,-1.0,-1.8369701987210297e-16,-0.9951053111006974,-0.09882013873287211,7790.0,6439.0,8514.0,6887.857142857143,7790.0,3252.3365666635964,7279.266666666666,8196.5,3205.752436645329,3860.0,1,1,1,0,0,0,0,0,1,8303
872,1,2013-09-26,-0.433883739117558,-0.9009688679024191,-1.0,-1.8369701987210297e-16,-0.99665890175417,-0.08167639533042288,8303.0,6440.0,8697.0,7151.142857142857,8283.0,3284.4779102404013,7226.233333333334,8186.5,3174.353452315901,3860.0,1,1,1,0,0,0,0,0,1,8283
872,1,2013-09-27,-0.9749279121818236,-0.2225209339563146,-1.0,-1.8369701987210297e-16,-0.9979171608653922,-0.06450844944931625,8283.0,8381.0,9266.0,7258.428571428572,8283.0,3343.088534930083,7233.366666666667,8186.5,3178.5239524175286,3860.0,1,1,1,0,0,0,0,0,1,9132
872,1,2013-09-28,-0.7818314824680299,0.6234898018587334,-1.0,-1.8369701987210297e-16,-0.9988797155850335,-0.04732138832243232,9132.0,7140.0,6066.0,7219.142857142857,8283.0,3346.3264150692908,7166.366666666667,8024.0,3163.877395106258,3860.0,0,1,1,0,0,0,0,0,1,6865
872,1,2013-09-29,-2.4492935982947064e-16,1.0,-1.0,-1.8369701987210297e-16,-0.9995462806873573,-0.03012030484690836,6865.0,0.0,0.0,7219.142857142857,8283.0,3346.3264150692908,6825.733333333334,7874.0,3367.4445128504244,3860.0,0,1,1,0,0,0,0,0,1,0
872,1,2013-09-30,0.7818314824680298,0.6234898018587336,-1.0,-1.8369701987210297e-16,-0.9999166586547379,-0.012910296075008843,0.0,10161.0,6871.0,7011.285714285715,8283.0,3173.8827805641968,6850.666666666667,7940.0,3378.8669732601934,3860.0,0,1,1,0,0,0,0,0,1,8706
872,1,2013-10-01,0.9749279121818236,-0.22252093395631434,-0.8660254037844386,0.5000000000000001,-0.9999907397361901,0.004303538296243821,8706.0,7790.0,6995.0,7079.142857142857,8283.0,3198.290242643792,7126.166666666667,8177.5,3128.7169132071535,3860.0,0,1,1,0,0,0,0,0,1,8265
872,1,2013-10-02,0.43388373911755823,-0.900968867902419,-0.8660254037844386,0.5000000000000001,-0.9997685019798909,0.021516097436222233,8265.0,8303.0,6439.0,7177.714285714285,8283.0,3252.4701235771436,7135.8,8177.5,3134.182733488356,3860.0,0,1,1,0,0,0,0,0,1,8993
872,1,2013-10-03,-0.433883739117558,-0.9009688679024191,-0.8660254037844386,0.5000000000000001,-0.9992500112396835,0.03872228089217399,8993.0,8283.0,6440.0,5994.428571428572,8265.0,4162.694274030657,6836.133333333333,7940.0,3371.5724432718152,3860.0,0,1,1,0,0,0,0,0,1,0
872,1,2013-10-04,-0.9749279121818236,-0.2225209339563146,-0.8660254037844386,0.5000000000000001,-0.9984354211555643,0.05591699010060302,0.0,9132.0,8381.0,6062.285714285715,8265.0,4225.758855491154,6873.333333333333,7940.0,3396.5252257557863,3860.0,0,1,1,0,0,0,0,0,1,9607
872,1,2013-10-05,-0.7818314824680299,0.6234898018587334,-0.8660254037844386,0.5000000000000001,-0.9973249731081555,0.07309512989807776,9607.0,6865.0,7140.0,6043.428571428572,8265.0,4221.8725252010645,6861.433333333333,7940.0,3396.3653258206446,3860.0,0,1,1,0,0,0,0,0,1,6733
872,1,2013-10-06,-2.4492935982947064e-16,1.0,-0.8660254037844386,0.5000000000000001,-0.9959189961471792,0.0902516100310407,6733.0,0.0,0.0,6043.428571428572,8265.0,4221.8725252010645,6591.766666666666,7499.0,3609.9093185987017,3860.0,0,1,1,0,0,0,0,0,1,0
872,1,2013-10-07,0.7818314824680298,0.6234898018587336,-0.8660254037844386,0.5000000000000001,-0.994217906893952,0.10738134666416306,0.0,8706.0,10161.0,6438.428571428572,8265.0,4622.811477053868,6733.866666666667,8027.5,3717.3095362783206,3860.0,1,1,1,0,0,0,0,0,1,11471
872,1,2013-10-08,0.9749279121818236,-0.22252093395631434,-0.8660254037844386,0.5000000000000001,-0.9922222094179324,0.12447926388678869,11471.0,8265.0,7790.0,6658.857142857143,8993.0,4759.198862153568,7060.8,8274.0,3531.298915071648,3860.0,1,1,1,0,0,0,0,0,1,9808
872,1,2013-10-09,0.43388373911755823,-0.900968867902419,-0.8660254037844386,0.5000000000000001,-0.989932495087353,0.141540295217043,9808.0,8993.0,8303.0,6670.857142857143,9077.0,4766.165944396378,6951.4,8274.0,3410.264309708114,3860.0,1,1,1,0,0,0,0,0,1,9077
872,1,2013-10-10,-0.433883739117558,-0.9009688679024191,-0.8660254037844386,0.5000000000000001,-0.9873494423939864,0.15855938510313475,9077.0,0.0,8283.0,7943.428571428572,9077.0,3774.176151035832,6897.033333333334,8274.0,3363.782328060885,3860.0,1,1,1,0,0,0,0,0,1,8908
872,1,2013-10-11,-0.9749279121818236,-0.2225209339563146,-0.8660254037844386,0.5000000000000001,-0.9844738167520923,0.17553149042142777,8908.0,9607.0,9132.0,7992.857142857143,9077.0,3801.759216843851,6945.0,8274.0,3397.7235888469345,3860.0,1,1,1,0,0,0,0,0,1,9953
872,1,2013-10-12,-0.7818314824680299,0.6234898018587334,-0.8660254037844386,0.5000000000000001,-0.9813064702716093,0.19245158197082995,9953.0,6733.0,6865.0,8107.857142857143,9077.0,3769.335017770443,6906.366666666667,8027.5,3383.6758779656234,3860.0,0,1,1,0,0,0,0,0,1,7538
872,1,2013-10-13,-2.4492935982947064e-16,1.0,-0.8660254037844386,0.5000000000000001,-0.9778483415056568,0.20931464596304888,7538.0,0.0,0.0,8107.857142857143,9077.0,3769.335017770443,6597.5,7664.0,3578.174662281469,3860.0,0,1,1,0,0,0,0,0,1,0
872,1,2013-10-14,0.7818314824680298,0.6234898018587336,-0.8660254037844386,0.5000000000000001,-0.9741004551724206,0.22611568550828803,0.0,11471.0,8706.0,7547.857142857143,8908.0,3465.3397826943074,6647.0,7670.5,3580.8390752390173,3860.0,0,1,1,0,0,0,0,0,1,7551
872,1,2013-10-15,0.9749279121818236,-0.22252093395631434,-0.8660254037844386,0.5000000000000001,-0.970063921851507,0.2428497220959358,7551.0,9808.0,8265.0,7173.0,7551.0,3318.9355723384183,6886.466666666666,7670.5,3354.0262858893607,3860.0,0,1,1,0,0,0,0,0,1,7184
872,1,2013-10-16,0.43388373911755823,-0.900968867902419,-0.8660254037844386,0.5000000000000001,-0.965739937654855,0.25951179706979943,7184.0,9077.0,8993.0,6914.714285714285,7538.0,3214.7840629548637,6899.733333333334,7670.5,3354.7500542420116,3860.0,0,1,1,0,0,0,0,0,1,7269
872,1,2013-10-17,-0.433883739117558,-0.9009688679024191,-0.8660254037844386,0.5000000000000001,-0.9611297838723007,0.27609697309746883,7269.0,8908.0,0.0,6716.285714285715,7519.0,3112.484951197126,6917.2,7670.5,3356.6267591139767,3860.0,0,1,1,0,0,0,0,0,1,7519
872,1,2013-10-18,-0.9749279121818236,-0.2225209339563146,-0.8660254037844386,0.5000000000000001,-0.9562348265919058,0.2926003356333479,7519.0,9953.0,9607.0,6471.0,7519.0,2873.3671305050225,6977.1,8013.0,3363.8251558769134,3860.0,0,1,1,0,0,0,0,0,1,8236
872,1,2013-10-19,-0.7818314824680299,0.6234898018587334,-0.8660254037844386,0.5000000000000001,-0.9510565162951536,0.30901699437494723,8236.0,7538.0,6733.0,6362.428571428572,7269.0,2840.501062438507,6988.366666666667,8013.0,3362.5299740577448,3860.0,0,1,1,0,0,0,0,0,1,6778
872,1,2013-10-20,-2.4492935982947064e-16,1.0,-0.8660254037844386,0.5000000000000001,-0.9455963874271428,0.3253420847119795,6778.0,0.0,0.0,6362.428571428572,7269.0,2840.501062438507,6709.0,7670.5,3583.7184310578095,3860.0,0,1,1,0,0,0,0,0,1,0
872,1,2013-10-21,0.7818314824680298,0.6234898018587336,-0.8660254037844386,0.5000000000000001,-0.9398560579418953,0.341570769167856,0.0,7551.0,11471.0,6853.285714285715,7269.0,3334.1178600586263,6837.233333333334,8013.0,3667.5196229955563,3860.0,1,1,1,0,0,0,0,0,1,10987
872,1,2013-10-22,0.9749279121818236,-0.22252093395631434,-0.8660254037844386,0.5000000000000001,-0.9338372288229252,0.35769823883312546,10987.0,7184.0,9808.0,6930.571428571428,7519.0,3349.297282373467,7094.733333333334,8013.0,3434.7187199328955,3860.0,1,1,1,0,0,0,0,0,1,7725
872,1,2013-10-23,0.43388373911755823,-0.900968867902419,-0.8660254037844386,0.5000000000000001,-0.9275416835791965,0.3737197147904692,7725.0,7269.0,9077.0,7079.0,7725.0,3389.574997940992,7032.966666666666,8013.0,3394.0976098305523,3860.0,1,1,1,0,0,0,0,0,1,8308
872,1,2013-10-24,-0.433883739117558,-0.9009688679024191,-0.8660254037844386,0.5000000000000001,-0.9209712877166346,0.38963044953078774,8308.0,7519.0,8908.0,7247.857142857143,8236.0,3444.149794873014,7063.333333333333,8250.5,3405.1615520269074,3860.0,1,1,1,0,0,0,0,0,1,8701
872,1,2013-10-25,-0.9749279121818236,-0.2225209339563146,-0.8660254037844386,0.5000000000000001,-0.9141279881853337,0.4054257283599973,8701.0,8236.0,9953.0,7295.571428571428,8308.0,3462.3861164011782,7072.233333333334,8250.5,3408.860287679672,3860.0,1,1,1,0,0,0,0,0,1,8570
872,1,2013-10-26,-0.7818314824680299,0.6234898018587334,-0.8660254037844386,0.5000000000000001,-0.9070138128026362,0.42110087079608916,8570.0,6778.0,7538.0,7257.428571428572,8308.0,3470.49933281187,7013.166666666667,7980.5,3402.50357199978,3860.0,0,1,1,0,0,0,0,0,1,6511
872,1,2013-10-27,-2.4492935982947064e-16,1.0,-0.8660254037844386,0.5000000000000001,-0.8996308696522434,0.4366512319560638,6511.0,0.0,0.0,7257.428571428572,8308.0,3470.49933281187,6708.766666666666,7638.0,3608.6541447999157,3860.0,0,1,1,0,0,0,0,0,1,0
872,1,2013-10-28,0.7818314824680298,0.6234898018587336,-0.8660254037844386,0.5000000000000001,-0.8919813464595487,0.45207220393230374,0.0,10987.0,7551.0,6687.142857142857,7725.0,3059.106047446511,6713.1,7638.0,3608.9262645222643,3860.0,0,1,1,0,0,0,0,0,1,6995
872,1,2013-10-29,0.9749279121818236,-0.22252093395631434,-0.8660254037844386,0.5000000000000001,-0.8840675099433637,0.46735921715800205,6995.0,7725.0,7184.0,6618.714285714285,7246.0,3037.3007596815155,6954.633333333333,7638.0,3379.3196365166655,3860.0,0,1,1,0,0,0,0,0,1,7246
872,1,2013-10-30,0.43388373911755823,-0.900968867902419,-0.8660254037844386,0.5000000000000001,-0.8758917051442433,0.48250774176121763,7246.0,8308.0,7269.0,6462.0,7211.0,2963.0045561895454,6904.8,7544.5,3363.588871510864,3860.0,0,1,1,0,0,0,0,0,1,7211
872,1,2013-10-31,-0.433883739117558,-0.9009688679024191,-0.8660254037844386,0.5000000000000001,-0.867456354729597,0.4975132889071803,7211.0,8701.0,7519.0,6639.285714285715,7211.0,3150.4931737896604,6960.7,7544.5,3400.7041273931736,3860.0,0,1,1,0,0,0,0,0,1,9942
872,1,2013-11-01,-0.9749279121818236,-0.2225209339563146,-0.5000000000000004,0.8660254037844384,-0.858763958275803,0.5123714121284235,9942.0,8570.0,8236.0,5415.0,6995.0,3860.3534380502847,6660.933333333333,7528.5,3605.5712057231976,3860.0,0,1,1,0,0,0,0,0,1,0
872,1,2013-11-02,-0.7818314824680299,0.6234898018587334,-0.5000000000000004,0.8660254037844384,-0.8498170915275277,0.5270777086423724,0.0,6511.0,6778.0,5904.142857142857,7211.0,4222.328166172916,6992.1,7544.5,3424.3826863770087,3860.0,0,1,1,0,0,0,0,0,1,9935
872,1,2013-11-03,-2.4492935982947064e-16,1.0,-0.5000000000000004,0.8660254037844384,-0.8406184056344783,0.5416278206559811,9935.0,0.0,0.0,5904.142857142857,7211.0,4222.328166172916,6671.866666666667,7528.5,3615.296932845722,3860.0,0,1,1,0,0,0,0,0,1,0
872,1,2013-11-04,0.7818314824680298,0.6234898018587336,-0.5000000000000004,0.8660254037844384,-0.8311706263658079,0.5560174366570446,0.0,6995.0,10987.0,6697.428571428572,7246.0,4924.667225885856,6865.7,7544.5,3771.2105908699473,3860.0,1,1,1,0,0,0,0,0,1,12548
872,1,2013-11-05,0.9749279121818236,-0.22252093395631434,-0.5000000000000004,0.8660254037844384,-0.8214765533024145,0.5702422926917867,12548.0,7246.0,7725.0,6943.428571428572,8968.0,4999.0838446373655,7164.633333333333,7638.0,3557.6040221138887,3860.0,1,1,1,0,0,0,0,0,1,8968
872,1,2013-11-06,0.43388373911755823,-0.900968867902419,-0.5000000000000004,0.8660254037844384,-0.8115390590073611,0.5842981736283683,8968.0,7211.0,8308.0,7142.0,8968.0,5038.931268963028,7068.966666666666,7638.0,3475.4490504536034,3860.0,1,1,1,0,0,0,0,0,1,8601
872,1,2013-11-07,-0.433883739117558,-0.9009688679024191,-0.5000000000000004,0.8660254037844384,-0.8013610881746769,0.5981809144059159,8601.0,9942.0,8701.0,7163.571428571428,8968.0,5053.218672527538,7078.466666666666,7638.0,3483.5742814977616,3860.0,1,1,1,0,0,0,0,0,1,10093
872,1,2013-11-08,-0.9749279121818236,-0.2225209339563146,-0.5000000000000004,0.8660254037844384,-0.7909456567567774,0.6118864012687242,10093.0,0.0,8570.0,8579.142857142857,9909.0,3987.560633962053,7106.2,7638.0,3503.2896500880133,3860.0,1,1,1,0,0,0,0,0,1,9909
872,1,2013-11-09,-0.7818314824680299,0.6234898018587334,-0.5000000000000004,0.8660254037844384,-0.780295851070776,0.6254105729852457,9909.0,9935.0,6511.0,8253.42857142857,8968.0,3951.305727526154,7064.433333333333,7603.0,3488.5056447329043,3860.0,0,1,1,0,0,0,0,0,1,7655
872,1,2013-11-10,-2.4492935982947064e-16,1.0,-0.5000000000000004,0.8660254037844384,-0.7694148268839381,0.6387494220515268,7655.0,0.0,0.0,8253.42857142857,8968.0,3951.305727526154,6732.666666666667,7544.5,3672.736481748701,3860.0,0,1,1,0,0,0,0,0,1,0
872,1,2013-11-11,0.7818314824680298,0.6234898018587336,-0.5000000000000004,0.8660254037844384,-0.7583058084785625,0.6518989958787125,0.0,12548.0,6995.0,7572.714285714285,8601.0,3469.1799566221116,6740.833333333333,7603.0,3674.860739405372,3860.0,0,1,1,0,0,0,0,0,1,7783
872,1,2013-11-12,0.9749279121818236,-0.22252093395631434,-0.5000000000000004,0.8660254037844384,-0.7469720876965551,0.6648553979642867,7783.0,8968.0,7246.0,7239.142857142857,7783.0,3424.6315825487704,6961.933333333333,7603.0,3447.8363023519687,3860.0,0,1,1,0,0,0,0,0,1,6633
872,1,2013-11-13,0.43388373911755823,-0.900968867902419,-0.5000000000000004,0.8660254037844384,-0.7354170229639858,0.6776147890466887,6633.0,8601.0,7211.0,6963.0,7655.0,3374.077009593391,6932.5,7587.0,3446.402859854576,3860.0,0,1,1,0,0,0,0,0,1,6668
872,1,2013-11-14,-0.433883739117558,-0.9009688679024191,-0.5000000000000004,0.8660254037844384,-0.7236440382959123,0.690173388242972,6668.0,10093.0,9942.0,6653.714285714285,7655.0,3129.725638363302,6957.3,7690.0,3450.9489164776023,3860.0,0,1,1,0,0,0,0,0,1,7928
872,1,2013-11-15,-0.9749279121818236,-0.2225209339563146,-0.5000000000000004,0.8660254037844384,-0.7116566222817751,0.7025274741691566,7928.0,9909.0,0.0,6561.714285714285,7655.0,3025.827033737263,7023.833333333333,7754.0,3476.3135754290997,3860.0,0,1,1,0,0,0,0,0,1,9265
872,1,2013-11-16,-0.7818314824680299,0.6234898018587334,-0.5000000000000004,0.8660254037844384,-0.6994583270516471,0.7146733860429608,9265.0,7655.0,9935.0,6696.857142857143,7783.0,3102.937931948336,7059.9,7855.5,3487.2238078745254,3860.0,0,1,1,0,0,0,0,0,1,8601
872,1,2013-11-17,-2.4492935982947064e-16,1.0,-0.5000000000000004,0.8660254037844384,-0.6870527672236675,0.726607524768565,8601.0,0.0,0.0,6696.857142857143,7783.0,3102.937931948336,6785.366666666667,7754.0,3708.606425537798,3860.0,0,1,1,0,0,0,0,0,1,0
872,1,2013-11-18,0.7818314824680298,0.6234898018587336,-0.5000000000000004,0.8660254037844384,-0.6744436188329457,0.7383263540031063,0.0,7783.0,12548.0,7460.857142857143,7928.0,3956.0493520923746,6997.133333333333,7855.5,3885.3426665844568,3860.0,1,1,1,0,0,0,0,0,1,13131
872,1,2013-11-19,0.9749279121818236,-0.22252093395631434,-0.5000000000000004,0.8660254037844384,-0.661634618242279,0.749826401204568,13131.0,6633.0,8968.0,7861.142857142857,8601.0,3999.838556265803,7311.633333333333,8118.0,3675.626866388853,3860.0,1,1,1,0,0,0,0,0,1,9435
872,1,2013-11-20,0.43388373911755823,-0.900968867902419,-0.5000000000000004,0.8660254037844384,-0.6486295610349818,0.7611042586607742,9435.0,6668.0,8601.0,8193.142857142857,8992.0,3980.7020079617255,7245.133333333333,8118.0,3624.530397485839,3860.0,1,1,1,0,0,0,0,0,1,8992
872,1,2013-11-21,-0.433883739117558,-0.9009688679024191,-0.5000000000000004,0.8660254037844384,-0.6354323008901775,0.7721565844991641,8992.0,7928.0,10093.0,8495.42857142857,9265.0,4037.153818271109,7322.433333333333,8439.0,3659.6755149483733,3860.0,1,1,1,0,0,0,0,0,1,10044
872,1,2013-11-22,-0.9749279121818236,-0.2225209339563146,-0.5000000000000004,0.8660254037844384,-0.622046748440868,0.7829801036770625,10044.0,9265.0,9909.0,8668.42857142857,9435.0,4101.068676054369,7394.7,8585.5,3700.9807101957954,3860.0,1,1,1,0,0,0,0,0,1,10476
872,1,2013-11-23,-0.7818314824680299,0.6234898018587334,-0.5000000000000004,0.8660254037844384,-0.6084768701151264,0.7935716089521472,10476.0,8601.0,7655.0,8616.57142857143,9435.0,4104.357109915551,7379.266666666666,8404.0,3696.3079336318674,3860.0,0,1,1,0,0,0,0,0,1,8238
872,1,2013-11-24,-2.4492935982947064e-16,1.0,-0.5000000000000004,0.8660254037844384,-0.594726686960764,0.8039279618328208,8238.0,0.0,0.0,8616.57142857143,9435.0,4104.357109915551,7093.6,8083.0,3925.1867743832404,3860.0,0,1,1,0,0,0,0,0,1,0
872,1,2013-11-25,0.7818314824680298,0.6234898018587336,-0.5000000000000004,0.8660254037844384,-0.5808002734538014,0.8140460935082175,0.0,13131.0,7783.0,8049.142857142857,9159.0,3622.4950162639534,7181.866666666667,8419.5,3941.373686081204,3860.0,0,1,1,0,0,0,0,0,1,9159
872,1,2013-11-26,0.9749279121818236,-0.22252093395631434,-0.5000000000000004,0.8660254037844384,-0.5667017562911184,0.8239230057575536,9159.0,9435.0,6633.0,7973.857142857143,8992.0,3594.2588679064065,7478.8,8601.0,3710.440139334713,3860.0,0,1,1,0,0,0,0,0,1,8908
872,1,2013-11-27,0.43388373911755823,-0.900968867902419,-0.5000000000000004,0.8660254037844384,-0.5524353131676203,0.8335557718385695,8908.0,8992.0,6668.0,7929.142857142857,8908.0,3581.4056099326667,7534.933333333333,8640.0,3715.603185202243,3860.0,0,1,1,0,0,0,0,0,1,8679
872,1,2013-11-28,-0.433883739117558,-0.9009688679024191,-0.5000000000000004,0.8660254037844384,-0.5380051715382992,0.8429415373547832,8679.0,10044.0,7928.0,7997.714285714285,8908.0,3632.8718077340145,7644.2,8793.5,3754.80549475579,3860.0,0,1,1,0,0,0,0,0,1,10524
872,1,2013-11-29,-0.9749279121818236,-0.2225209339563146,-0.5000000000000004,0.8660254037844384,-0.5234156073655503,0.8520775211013093,10524.0,10476.0,9265.0,8201.285714285714,8908.0,3829.495080481056,7800.533333333334,8938.0,3832.9688028574083,3860.0,0,1,1,0,0,0,0,0,1,11901
872,1,2013-11-30,-0.7818314824680299,0.6234898018587334,-0.5000000000000004,0.8660254037844384,-0.5086709438521042,0.8609610158889945,11901.0,8238.0,8601.0,8559.57142857143,9159.0,3948.9626847710692,7827.333333333333,8938.0,3851.2254774501203,3860.0,0,1,1,0,0,0,0,0,1,10746
872,1,2013-12-01,-2.4492935982947064e-16,1.0,-2.4492935982947064e-16,1.0,-0.4937755501599774,0.8695893893466109,10746.0,0.0,0.0,8559.57142857143,9159.0,3948.9626847710692,7827.333333333333,8938.0,3851.2254774501203,3860.0,0,1,1,0,0,0,0,0,1,0
872,1,2013-12-02,0.7818314824680298,0.6234898018587336,-2.4492935982947064e-16,1.0,-0.4787338401157883,0.8779600847008883,0.0,9159.0,13131.0,9302.714285714286,10524.0,4527.6422751172195,7974.866666666667,8938.0,4016.001405870522,3860.0,1,1,1,0,0,0,0,0,1,14361
872,1,2013-12-03,0.9749279121818236,-0.22252093395631434,-2.4492935982947064e-16,1.0,-0.4635502709028512,0.8860706215341377,14361.0,8908.0,9435.0,9681.714285714286,10746.0,4599.562215192728,8360.233333333334,8980.0,3771.610747854729,3860.0,1,1,1,0,0,0,0,0,1,11561
872,1,2013-12-04,0.43388373911755823,-0.900968867902419,-2.4492935982947064e-16,1.0,-0.4482293417404106,0.893918596519257,11561.0,8679.0,8992.0,10170.285714285714,11561.0,4656.585935149124,8345.266666666666,8980.0,3755.275130499376,3860.0,1,1,1,0,0,0,0,0,1,12099
872,1,2013-12-05,-0.433883739117558,-0.9009688679024191,-2.4492935982947064e-16,1.0,-0.4327755925504317,0.9015016841318838,12099.0,10524.0,10044.0,10603.714285714286,11901.0,4832.860219865871,8498.266666666666,9075.5,3873.175520950726,3860.0,1,1,1,0,0,0,0,0,1,13558
872,1,2013-12-06,-0.9749279121818236,-0.2225209339563146,-2.4492935982947064e-16,1.0,-0.41719360261231697,0.9088176373395028,13558.0,11901.0,10476.0,10398.42857142857,11561.0,4798.972141932864,8560.366666666667,9212.0,3889.778962635395,3860.0,1,1,1,0,0,0,0,0,1,10464
872,1,2013-12-07,-0.7818314824680299,0.6234898018587334,-2.4492935982947064e-16,1.0,-0.4014879892059737,0.9158642882672868,10464.0,10746.0,8238.0,10057.714285714286,11561.0,4854.52550768476,8502.633333333333,9075.5,3879.085472414706,3860.0,0,1,1,0,0,0,0,0,1,8361
872,1,2013-12-08,-2.4492935982947064e-16,1.0,-2.4492935982947064e-16,1.0,-0.38566340624360745,0.9226395488404875,8361.0,0.0,0.0,10057.714285714286,11561.0,4854.52550768476,8172.333333333333,8950.0,4166.433117132712,3860.0,0,1,1,0,0,0,0,0,1,0
872,1,2013-12-09,0.7818314824680298,0.6234898018587336,-2.4492935982947064e-16,1.0,-0.3697245428906732,0.9291414114031743,0.0,14361.0,9159.0,9426.142857142857,10464.0,4474.034697696312,8248.5,9075.5,4177.5209341393365,3860.0,0,1,1,0,0,0,0,0,1,9940
872,1,2013-12-10,0.9749279121818236,-0.22252093395631434,-2.4492935982947064e-16,1.0,-0.3536761221763721,0.935367949313148,9940.0,11561.0,8908.0,8946.857142857143,9940.0,4386.058383430067,8522.033333333333,9075.5,3876.623988804522,3860.0,0,1,1,0,0,0,0,0,1,8206
872,1,2013-12-11,0.43388373911755823,-0.900968867902419,-2.4492935982947064e-16,1.0,-0.33752289959411347,0.941317317512847,8206.0,12099.0,8679.0,8485.42857142857,8869.0,4163.42590731651,8558.233333333334,9075.5,3874.554903766215,3860.0,0,1,1,0,0,0,0,0,1,8869
872,1,2013-12-12,-0.433883739117558,-0.9009688679024191,-2.4492935982947064e-16,1.0,-0.32126966169236515,0.946987753076075,8869.0,13558.0,10524.0,7847.857142857143,8869.0,3554.3355416810527,8640.3,9127.0,3858.4106174827243,3860.0,0,1,1,0,0,0,0,0,1,9095
872,1,2013-12-13,-0.9749279121818236,-0.2225209339563146,-2.4492935982947064e-16,1.0,-0.3049212246562894,0.9523775757303973,9095.0,10464.0,11901.0,7737.428571428572,8869.0,3470.5287232707956,8741.066666666668,9212.0,3844.5753447694537,3860.0,0,1,1,0,0,0,0,0,1,9691
872,1,2013-12-14,-0.7818314824680299,0.6234898018587334,-2.4492935982947064e-16,1.0,-0.2884824328806098,0.9574851883550389,9691.0,8361.0,10746.0,7809.857142857143,8869.0,3490.94177496424,8772.4,9212.0,3841.5496567813893,3860.0,0,1,1,0,0,0,0,0,1,8868
872,1,2013-12-15,-2.4492935982947064e-16,1.0,-2.4492935982947064e-16,1.0,-0.27195815753410524,0.9623090774541487,8868.0,0.0,0.0,7809.857142857143,8869.0,3490.94177496424,8463.566666666668,9127.0,4159.818527899678,3860.0,0,1,1,0,0,0,0,0,1,0
872,1,2013-12-16,0.7818314824680298,0.6234898018587336,-2.4492935982947064e-16,1.0,-0.2553532951161881,0.9668478136052773,0.0,9940.0,14361.0,8819.714285714286,8869.0,4934.032958756485,8743.833333333334,9297.0,4443.001766306454,3860.0,1,1,1,0,0,0,0,0,1,17009
872,1,2013-12-17,0.9749279121818236,-0.22252093395631434,-2.4492935982947064e-16,1.0,-0.23867276600594997,0.9711000518829505,17009.0,8206.0,11561.0,9632.285714285714,9095.0,5272.853614324534,9206.966666666667,9563.0,4218.606147347336,3860.0,1,1,1,0,0,0,0,0,1,13894
872,1,2013-12-18,0.43388373911755823,-0.900968867902419,-2.4492935982947064e-16,1.0,-0.22192151300416674,0.9750645322571945,13894.0,8869.0,12099.0,10357.42857142857,9691.0,5494.754858260833,9234.1,9563.0,4247.235744859679,3860.0,1,1,1,0,0,0,0,0,1,13945
872,1,2013-12-19,-0.433883739117558,-0.9009688679024191,-2.4492935982947064e-16,1.0,-0.20510449986861926,0.9787400799669153,13945.0,9095.0,13558.0,11322.57142857143,13894.0,5819.780661879024,9447.966666666667,9815.5,4415.888901676985,3860.0,1,1,1,0,0,0,0,0,1,15851
872,1,2013-12-20,-0.9749279121818236,-0.2225209339563146,-2.4492935982947064e-16,1.0,-0.1882267098432439,0.9821256058680006,15851.0,9691.0,10464.0,12097.857142857143,13945.0,5926.703114677159,9652.166666666666,9992.0,4534.133427324515,3860.0,1,1,1,0,0,0,0,0,1,15118
872,1,2013-12-21,-0.7818314824680299,0.6234898018587334,-2.4492935982947064e-16,1.0,-0.1712931441814778,0.9852201067560606,15118.0,8868.0,8361.0,12613.857142857143,13945.0,5753.334147216199,9733.366666666667,10202.0,4563.112658786932,3860.0,0,1,1,0,0,0,0,0,1,12480
872,1,2013-12-22,-2.4492935982947064e-16,1.0,-2.4492935982947064e-16,1.0,-0.154308820664281,0.9880226656636976,12480.0,0.0,0.0,12613.857142857143,13945.0,5753.334147216199,9384.166666666666,9815.5,4893.227621669691,3860.0,0,1,1,0,0,0,0,0,1,0
872,1,2013-12-23,0.7818314824680298,0.6234898018587336,-2.4492935982947064e-16,1.0,-0.13727877211326517,0.9905324521322227,0.0,17009.0,9940.0,12724.857142857143,13945.0,5858.79192406796,9702.433333333332,10202.0,5121.304101720459,3860.0,0,1,1,0,0,0,0,0,1,17786
872,1,2013-12-24,0.9749279121818236,-0.22252093395631434,-2.4492935982947064e-16,1.0,-0.12020804489935275,0.9927487224577402,17786.0,13894.0,8206.0,11517.285714285714,13945.0,6421.743473395317,9883.8,10202.0,4855.287557803909,3860.0,0,1,1,0,0,0,0,0,1,5441
872,1,2013-12-25,0.43388373911755823,-0.900968867902419,-2.4492935982947064e-16,1.0,-0.10310169744743544,0.9946708199115211,5441.0,13945.0,8869.0,9525.142857142857,12480.0,7598.31534900054,9578.5,10202.0,5179.564039369625,3860.0,0,1,1,0,0,0,0,0,1,0
872,1,2013-12-26,-0.433883739117558,-0.9009688679024191,-2.4492935982947064e-16,1.0,-0.0859647987374467,0.9962981749346077,0.0,15851.0,9095.0,7260.714285714285,5441.0,7759.132226271304,9281.566666666668,10202.0,5466.706867773401,3860.0,0,1,1,0,0,0,0,0,1,0
872,1,2013-12-27,-0.9749279121818236,-0.2225209339563146,-2.4492935982947064e-16,1.0,-0.06880242680232064,0.9976303053065857,0.0,15118.0,9691.0,6424.0,5441.0,7054.411929187763,9300.966666666667,10202.0,5465.527330354366,3860.0,0,1,1,0,0,0,0,0,1,9261
872,1,2013-12-28,-0.7818314824680299,0.6234898018587334,-2.4492935982947064e-16,1.0,-0.05161966722325418,0.9986668162884759,9261.0,12480.0,8868.0,5655.142857142857,5441.0,6560.354625286939,9186.766666666666,9815.5,5474.875792534303,3860.0,0,1,1,0,0,0,0,0,1,7098
872,1,2013-12-29,-2.4492935982947064e-16,1.0,-2.4492935982947064e-16,1.0,-0.034421611622745804,0.9994074007397048,7098.0,0.0,0.0,5655.142857142857,5441.0,6560.354625286939,8790.066666666668,9476.0,5698.040122426444,3860.0,0,1,1,0,0,0,0,0,1,0
872,1,2013-12-30,0.7818314824680298,0.6234898018587336,-2.4492935982947064e-16,1.0,-0.01721335615583528,0.9998518392091162,0.0,17786.0,17009.0,4611.142857142857,5441.0,4595.3277151389,8781.133333333333,9476.0,5695.0772010954115,3860.0,0,1,1,0,0,0,0,0,1,10478
872,1,2013-12-31,0.9749279121818236,-0.22252093395631434,-2.4492935982947064e-16,1.0,6.432490598706546e-16,1.0,10478.0,5441.0,13894.0,4566.571428571428,5129.0,4587.443509448465,8952.1,9476.0,5495.879687673237,3860.0,0,1,1,0,0,0,0,0,1,5129
872,1,2014-01-01,0.43388373911755823,-0.900968867902419,0.49999999999999994,0.8660254037844387,0.017213356155834685,0.9998518392091162,5129.0,0.0,13945.0,4566.571428571428,5129.0,4587.443509448465,8473.4,9178.0,5632.251332803077,3860.0,0,1,1,0,0,0,0,0,1,0
872,1,2014-01-02,-0.433883739117558,-0.9009688679024191,0.49999999999999994,0.8660254037844387,0.03442161162274574,0.9994074007397048,0.0,0.0,15851.0,5702.428571428572,7098.0,4239.445909437642,8353.066666666668,8982.0,5602.495201083255,3860.0,0,1,1,0,0,0,0,0,1,7951
872,1,2014-01-03,-0.9749279121818236,-0.2225209339563146,0.49999999999999994,0.8660254037844387,0.051619667223253764,0.998666816288476,7951.0,9261.0,15118.0,5560.571428571428,7098.0,4115.32241981689,8225.366666666667,8868.5,5557.649661275101,3860.0,0,1,1,0,0,0,0,0,1,8268
872,1,2014-01-04,-0.7818314824680299,0.6234898018587334,0.49999999999999994,0.8660254037844387,0.06880242680231986,0.9976303053065857,8268.0,7098.0,12480.0,5600.857142857143,7380.0,4134.217879622505,8019.433333333333,8614.5,5466.960428152786,3860.0,0,1,1,0,0,0,0,0,1,7380
872,1,2014-01-05,-2.4492935982947064e-16,1.0,0.49999999999999994,0.8660254037844387,0.08596479873744647,0.9962981749346078,7380.0,0.0,0.0,5600.857142857143,7380.0,4134.217879622505,7670.633333333333,8314.5,5636.786792462365,3860.0,0,1,1,0,0,0,0,0,1,0
872,1,2014-01-06,0.7818314824680298,0.6234898018587336,0.49999999999999994,0.8660254037844387,0.10310169744743485,0.9946708199115211,0.0,10478.0,17786.0,5838.428571428572,7380.0,4493.373078105974,7796.633333333333,8568.0,5694.700764039671,3860.0,1,1,1,0,0,0,0,0,1,12141
872,1,2014-01-07,0.9749279121818236,-0.22252093395631434,0.49999999999999994,0.8660254037844387,0.1202080448993527,0.9927487224577402,12141.0,5129.0,5441.0,6651.857142857143,7951.0,4845.1592828503,8157.4,8868.5,5524.009392236514,3860.0,1,1,1,0,0,0,0,0,1,10823
872,1,2014-01-08,0.43388373911755823,-0.900968867902419,0.49999999999999994,0.8660254037844387,0.13727877211326478,0.9905324521322229,10823.0,0.0,0.0,7999.571428571428,8268.0,3907.944679629897,8140.533333333334,8868.5,5519.149183139291,3860.0,1,1,1,0,0,0,0,0,1,9434
872,1,2014-01-09,-0.433883739117558,-0.9009688679024191,0.49999999999999994,0.8660254037844387,0.15430882066428117,0.9880226656636976,9434.0,7951.0,0.0,8283.57142857143,9434.0,3975.479461949333,8198.3,8982.0,5528.918676783258,3860.0,1,1,1,0,0,0,0,0,1,9939
872,1,2014-01-10,-0.9749279121818236,-0.2225209339563146,0.49999999999999994,0.8660254037844387,0.1712931441814776,0.9852201067560606,9939.0,8268.0,9261.0,8527.57142857143,9939.0,4026.452982346576,8235.2,9178.0,5537.237082728607,3860.0,1,1,1,0,0,0,0,0,1,9976
872,1,2014-01-11,-0.7818314824680299,0.6234898018587334,0.49999999999999994,0.8660254037844387,0.1882267098432442,0.9821256058680006,9976.0,7380.0,7098.0,8587.285714285714,9939.0,4009.6619855163926,8191.966666666666,9064.5,5535.3555004255995,3860.0,0,1,1,0,0,0,0,0,1,7798
872,1,2014-01-12,-2.4492935982947064e-16,1.0,0.49999999999999994,0.8660254037844387,0.2051044998686192,0.9787400799669153,7798.0,0.0,0.0,8587.285714285714,9939.0,4009.6619855163926,7868.933333333333,8568.0,5724.404368553346,3860.0,0,1,1,0,0,0,0,0,1,0
872,1,2014-01-13,0.7818314824680298,0.6234898018587336,0.49999999999999994,0.8660254037844387,0.22192151300416552,0.9750645322571948,0.0,12141.0,10478.0,7929.0,9434.0,3694.8971117835836,7824.433333333333,8109.5,5721.558340192808,3860.0,0,1,1,0,0,0,0,0,1,7533
872,1,2014-01-14,0.9749279121818236,-0.22252093395631434,0.49999999999999994,0.8660254037844387,0.2386727660059501,0.9711000518829505,7533.0,10823.0,5129.0,7397.714285714285,7798.0,3469.9453748959636,8061.233333333334,8109.5,5530.372891857157,3860.0,0,1,1,0,0,0,0,0,1,7104
872,1,2014-01-15,0.43388373911755823,-0.900968867902419,0.49999999999999994,0.8660254037844387,0.255353295116187,0.9668478136052775,7104.0,9434.0,0.0,6979.857142857143,7533.0,3358.1802328330214,7711.233333333334,7874.5,5270.731171441889,3860.0,0,1,1,0,0,0,0,0,1,6509
872,1,2014-01-16,-0.433883739117558,-0.9009688679024191,0.49999999999999994,0.8660254037844387,0.2719581575341055,0.9623090774541486,6509.0,9939.0,7951.0,6681.714285714285,7533.0,3137.0402565839877,7509.833333333333,7825.0,5140.152815944713,3860.0,0,1,1,0,0,0,0,0,1,7852
872,1,2014-01-17,-0.9749279121818236,-0.2225209339563146,0.49999999999999994,0.8660254037844387,0.288482432880609,0.9574851883550393,7852.0,9976.0,8268.0,6466.714285714285,7533.0,2917.52690443382,7327.366666666667,7825.0,4999.060625435704,3860.0,0,1,1,0,0,0,0,0,1,8471
872,1,2014-01-18,-0.7818314824680299,0.6234898018587334,0.49999999999999994,0.8660254037844387,0.30492122465628907,0.9523775757303974,8471.0,7798.0,7380.0,6373.0,7142.0,2877.904098471655,7037.066666666667,7665.5,4732.79614031147,3860.0,0,1,1,0,0,0,0,0,1,7142
872,1,2014-01-19,-2.4492935982947064e-16,1.0,0.49999999999999994,0.8660254037844387,0.3212696616923644,0.9469877530760753,7142.0,0.0,0.0,6373.0,7142.0,2877.904098471655,6533.133333333333,7456.5,4646.770400398865,3860.0,0,1,1,0,0,0,0,0,1,0
872,1,2014-01-20,0.7818314824680298,0.6234898018587336,0.49999999999999994,0.8660254037844387,0.3375228995941133,0.9413173175128471,0.0,7533.0,12141.0,6919.285714285715,7142.0,3442.37445737123,6495.7,7456.5,4601.514774206577,3860.0,1,1,1,0,0,0,0,0,1,11357
872,1,2014-01-21,0.9749279121818236,-0.22252093395631434,0.49999999999999994,0.8660254037844387,0.3536761221763716,0.9353679493131483,11357.0,7104.0,10823.0,7271.571428571428,7852.0,3587.549807187016,6814.7,7665.5,4465.378619696364,3860.0,1,1,1,0,0,0,0,0,1,9570
872,1,2014-01-22,0.43388373911755823,-0.900968867902419,0.49999999999999994,0.8660254037844387,0.3697245428906731,0.9291414114031743,9570.0,6509.0,9434.0,7640.0,8471.0,3628.3789309644408,6524.766666666666,7665.5,3984.994307816934,3860.0,1,1,1,0,0,0,0,0,1,9088
872,1,2014-01-23,-0.433883739117558,-0.9009688679024191,0.49999999999999994,0.8660254037844387,0.38566340624360707,0.9226395488404876,9088.0,7852.0,9939.0,7844.285714285715,9088.0,3682.161806796188,6652.8,7825.0,4010.5946708428582,3860.0,1,1,1,0,0,0,0,0,1,9282
872,1,2014-01-24,-0.9749279121818236,-0.2225209339563146,0.49999999999999994,0.8660254037844387,0.401487989205973,0.9158642882672872,9282.0,8471.0,9976.0,8030.0,9282.0,3751.1758600915177,6978.5,7901.5,3845.0246737022803,3860.0,1,1,1,0,0,0,0,0,1,9771
872,1,2014-01-25,-0.7818314824680299,0.6234898018587334,0.49999999999999994,0.8660254037844387,0.4171936026123168,0.9088176373395029,9771.0,7142.0,7798.0,8068.285714285715,9282.0,3741.9584317255462,7225.5,7901.5,3612.2334646930403,3860.0,0,1,1,0,0,0,0,0,1,7410
872,1,2014-01-26,-2.4492935982947064e-16,1.0,0.49999999999999994,0.8660254037844387,0.4327755925504312,0.901501684131884,7410.0,0.0,0.0,8068.285714285715,9282.0,3741.9584317255462,6916.8,7825.0,3821.916863348135,3860.0,0,1,1,0,0,0,0,0,1,0
872,1,2014-01-27,0.7818314824680298,0.6234898018587336,0.49999999999999994,0.8660254037844387,0.4482293417404106,0.893918596519257,0.0,11357.0,7533.0,7480.142857142857,9088.0,3451.148332008318,6921.533333333334,7825.0,3822.2369306497744,3860.0,0,1,1,0,0,0,0,0,1,7240
872,1,2014-01-28,0.9749279121818236,-0.22252093395631434,0.49999999999999994,0.8660254037844387,0.4635502709028509,0.886070621534138,7240.0,9570.0,7104.0,7121.571428571428,7410.0,3325.9472764483594,7156.866666666667,7825.0,3591.779193479557,3860.0,0,1,1,0,0,0,0,0,1,7060
872,1,2014-01-29,0.43388373911755823,-0.900968867902419,0.49999999999999994,0.8660254037844387,0.47873384011578846,0.8779600847008882,7060.0,9088.0,6509.0,6811.285714285715,7240.0,3211.2570079999095,7038.133333333333,7665.5,3536.65835591124,3860.0,0,1,1,0,0,0,0,0,1,6916
872,1,2014-01-30,-0.433883739117558,-0.9009688679024191,0.49999999999999994,0.8660254037844387,0.4937755501599772,0.869589389346611,6916.0,9282.0,7852.0,6502.285714285715,7119.0,3033.0106447931435,7104.466666666666,7665.5,3518.2301755024646,3860.0,0,1,1,0,0,0,0,0,1,7119
872,1,2014-01-31,-0.9749279121818236,-0.2225209339563146,0.49999999999999994,0.8660254037844387,0.5086709438521044,0.8609610158889943,7119.0,9771.0,8471.0,6377.857142857143,7119.0,2891.109500322858,7401.133333333333,7825.0,3264.598636505147,3860.0,0,1,1,0,0,0,0,0,1,8900
872,1,2014-02-01,-0.7818314824680299,0.6234898018587334,0.8660254037844386,0.5000000000000001,0.5234156073655503,0.8520775211013093,8900.0,7410.0,7142.0,6594.142857142857,7119.0,3034.280608237109,7433.566666666667,7825.0,3275.066387148494,3860.0,0,1,1,0,0,0,0,0,1,8924
872,1,2014-02-02,-2.4492935982947064e-16,1.0,0.8660254037844386,0.5000000000000001,0.5380051715382996,0.8429415373547828,8924.0,0.0,0.0,6594.142857142857,7119.0,3034.280608237109,7157.966666666666,7665.5,3539.621589781962,3860.0,0,1,1,0,0,0,0,0,1,0
872,1,2014-02-03,0.7818314824680298,0.6234898018587336,0.8660254037844386,0.5000000000000001,0.5524353131676196,0.8335557718385699,0.0,7240.0,11357.0,7440.428571428572,7119.0,3936.4461068812984,7350.766666666666,7825.0,3705.758293505536,3860.0,1,1,1,0,0,0,0,0,1,13164
872,1,2014-02-04,0.9749279121818236,-0.22252093395631434,0.8660254037844386,0.5000000000000001,0.5667017562911176,0.8239230057575542,13164.0,7060.0,9570.0,7905.857142857143,8900.0,4074.166026259092,7694.7,8161.5,3471.403821669764,3860.0,1,1,1,0,0,0,0,0,1,10318
872,1,2014-02-05,0.43388373911755823,-0.900968867902419,0.8660254037844386,0.5000000000000001,0.5808002734538009,0.8140460935082178,10318.0,6916.0,9088.0,8246.142857142857,8924.0,4077.185648155332,7599.933333333333,8161.5,3383.5313926513927,3860.0,1,1,1,0,0,0,0,0,1,9298
872,1,2014-02-06,-0.433883739117558,-0.9009688679024191,0.8660254037844386,0.5000000000000001,0.5947266869607634,0.8039279618328213,9298.0,7119.0,9282.0,8615.57142857143,9298.0,4075.1917687859755,7562.666666666667,8161.5,3352.8255642618537,3860.0,1,1,1,0,0,0,0,0,1,9705
872,1,2014-02-07,-0.9749279121818236,-0.2225209339563146,0.8660254037844386,0.5000000000000001,0.6084768701151261,0.7935716089521474,9705.0,8900.0,9771.0,8811.714285714286,9705.0,4123.913865665551,7590.633333333333,8161.5,3372.414938303404,3860.0,1,1,1,0,0,0,0,0,1,10273
872,1,2014-02-08,-0.7818314824680299,0.6234898018587334,0.8660254037844386,0.5000000000000001,0.6220467484408675,0.7829801036770629,10273.0,8924.0,7410.0,8740.0,9705.0,4126.000121182744,7540.066666666667,8137.0,3347.2682009655878,3860.0,0,1,1,0,0,0,0,0,1,8422
872,1,2014-02-09,-2.4492935982947064e-16,1.0,0.8660254037844386,0.5000000000000001,0.6354323008901774,0.7721565844991642,8422.0,0.0,0.0,8740.0,9705.0,4126.000121182744,7207.533333333334,7825.0,3584.0807481410648,3860.0,0,1,1,0,0,0,0,0,1,0
872,1,2014-02-10,0.7818314824680298,0.6234898018587336,0.8660254037844386,0.5000000000000001,0.6486295610349814,0.7611042586607747,0.0,13164.0,7240.0,7924.142857142857,9298.0,3641.6226890664825,7196.033333333334,7692.5,3582.67403969614,3860.0,0,1,1,0,0,0,0,0,1,7453
872,1,2014-02-11,0.9749279121818236,-0.22252093395631434,0.8660254037844386,0.5000000000000001,0.6616346182422783,0.7498264012045686,7453.0,10318.0,7060.0,7445.142857142857,8422.0,3491.6999407438275,7428.2,7692.5,3316.024233512383,3860.0,0,1,1,0,0,0,0,0,1,6965
872,1,2014-02-12,0.43388373911755823,-0.900968867902419,0.8660254037844386,0.5000000000000001,0.6744436188329455,0.7383263540031065,6965.0,9298.0,6916.0,7136.857142857143,7453.0,3394.7646667857703,7415.1,7652.5,3316.3722010447013,3860.0,0,1,1,0,0,0,0,0,1,7140
872,1,2014-02-13,-0.433883739117558,-0.9009688679024191,0.8660254037844386,0.5000000000000001,0.6870527672236669,0.7266075247685656,7140.0,9705.0,7119.0,6802.142857142857,7362.0,3209.8197991253483,7423.7,7652.5,3315.8721237977975,3860.0,0,1,1,0,0,0,0,0,1,7362
872,1,2014-02-14,-0.9749279121818236,-0.2225209339563146,0.8660254037844386,0.5000000000000001,0.6994583270516471,0.7146733860429609,7362.0,10273.0,8900.0,6633.285714285715,7362.0,3022.418662500037,7509.766666666666,8137.0,3324.8086248615914,3860.0,0,1,1,0,0,0,0,0,1,9091
872,1,2014-02-15,-0.7818314824680299,0.6234898018587334,0.8660254037844386,0.5000000000000001,0.7116566222817746,0.702527474169157,9091.0,8422.0,8924.0,6542.571428571428,7362.0,2968.839327478146,7507.6,8104.5,3324.599084981838,3860.0,0,1,1,0,0,0,0,0,1,7787
872,1,2014-02-16,-2.4492935982947064e-16,1.0,0.8660254037844386,0.5000000000000001,0.7236440382959124,0.6901733882429719,7787.0,0.0,0.0,6542.571428571428,7362.0,2968.839327478146,7225.233333333334,7620.0,3589.1589801870696,3860.0,0,1,1,0,0,0,0,0,1,0
872,1,2014-02-17,0.7818314824680298,0.6234898018587336,0.8660254037844386,0.5000000000000001,0.7354170229639855,0.6776147890466889,0.0,7453.0,13164.0,7105.857142857143,7362.0,3497.377466453557,7367.033333333334,8104.5,3668.9045295737046,3860.0,1,1,1,0,0,0,0,0,1,11396
872,1,2014-02-18,0.9749279121818236,-0.22252093395631434,0.8660254037844386,0.5000000000000001,0.7469720876965552,0.6648553979642865,11396.0,6965.0,10318.0,7510.428571428572,7787.0,3639.2892555709636,7693.6,8661.0,3417.9906236630136,3860.0,1,1,1,0,0,0,0,0,1,9797
872,1,2014-02-19,0.43388373911755823,-0.900968867902419,0.8660254037844386,0.5000000000000001,0.7583058084785625,0.6518989958787126,9797.0,7140.0,9298.0,7786.428571428572,9072.0,3679.5519137137157,7617.433333333333,8661.0,3358.4817144711064,3860.0,1,1,1,0,0,0,0,0,1,9072
872,1,2014-02-20,-0.433883739117558,-0.9009688679024191,0.8660254037844386,0.5000000000000001,0.7694148268839378,0.6387494220515272,9072.0,7362.0,9705.0,8032.142857142857,9082.0,3703.8347438194114,7601.166666666667,8661.0,3349.869190275051,3860.0,1,1,1,0,0,0,0,0,1,9082
872,1,2014-02-21,-0.9749279121818236,-0.2225209339563146,0.8660254037844386,0.5000000000000001,0.7802958510707755,0.6254105729852463,9082.0,9091.0,10273.0,8121.428571428572,9082.0,3740.961189192908,7622.1,8661.0,3361.4230602016128,3860.0,1,1,1,0,0,0,0,0,1,9716
872,1,2014-02-22,-0.7818314824680299,0.6234898018587334,0.8660254037844386,0.5000000000000001,0.7909456567567772,0.6118864012687243,9716.0,7787.0,8422.0,8097.428571428572,9082.0,3744.0019523295678,7566.666666666667,8104.5,3346.786109742871,3860.0,0,1,1,0,0,0,0,0,1,7619
872,1,2014-02-23,-2.4492935982947064e-16,1.0,0.8660254037844386,0.5000000000000001,0.8013610881746766,0.5981809144059164,7619.0,0.0,0.0,8097.428571428572,9082.0,3744.001952329568,7240.966666666666,7703.0,3591.3751326863885,3860.0,0,1,1,0,0,0,0,0,1,0
872,1,2014-02-24,0.7818314824680298,0.6234898018587336,0.8660254037844386,0.5000000000000001,0.8115390590073611,0.5842981736283683,0.0,11396.0,7453.0,7657.428571428572,9072.0,3462.1116801331336,7271.166666666667,8051.5,3596.6509717574336,3860.0,0,1,1,0,0,0,0,0,1,8316
872,1,2014-02-25,0.9749279121818236,-0.22252093395631434,0.8660254037844386,0.5000000000000001,0.8214765533024142,0.5702422926917871,8316.0,9797.0,6965.0,7480.0,8555.0,3364.6398024157024,7556.333333333333,8369.0,3329.4910591025296,3860.0,0,1,1,0,0,0,0,0,1,8555
872,1,2014-02-26,0.43388373911755823,-0.900968867902419,0.8660254037844386,0.5000000000000001,0.8311706263658079,0.5560174366570446,8555.0,9072.0,7140.0,7444.142857142857,8555.0,3346.132664662862,7609.033333333334,8488.5,3336.8155734568804,3860.0,0,1,1,0,0,0,0,0,1,8821
872,1,2014-02-27,-0.433883739117558,-0.9009688679024191,0.8660254037844386,0.5000000000000001,0.8406184056344782,0.5416278206559814,8821.0,9082.0,7362.0,6841.142857142857,8316.0,3381.9227976882858,7535.733333333334,8488.5,3373.246005866154,3860.0,0,1,1,0,0,0,0,0,1,4861
872,1,2014-02-28,-0.9749279121818236,-0.2225209339563146,0.8660254037844386,0.5000000000000001,0.8498170915275278,0.5270777086423722,4861.0,9716.0,9091.0,6805.857142857143,8316.0,3348.0473129159573,7620.833333333333,8688.0,3389.237836032669,3860.0,0,1,1,0,0,0,0,0,1,9469
872,1,2014-03-01,-0.7818314824680299,0.6234898018587334,1.0,6.123233995736766e-17,0.8587639582758029,0.5123714121284237,9469.0,7619.0,7787.0,6977.571428571428,8555.0,3426.6048238814433,7677.566666666667,8821.0,3394.7884163750214,3860.0,0,1,1,0,0,0,0,0,1,8821
872,1,2014-03-02,-2.4492935982947064e-16,1.0,1.0,6.123233995736766e-17,0.8674563547295968,0.49751328890718066,8821.0,0.0,0.0,6977.571428571428,8555.0,3426.6048238814433,7380.9,8688.0,3662.594787287024,3860.0,0,1,1,0,0,0,0,0,1,0
872,1,2014-03-03,0.7818314824680298,0.6234898018587336,1.0,6.123233995736766e-17,0.8758917051442429,0.48250774176121847,0.0,8316.0,11396.0,6513.285714285715,8555.0,3435.197942588148,7252.3,8488.5,3674.257524340452,3860.0,1,1,1,0,0,0,0,0,1,5066
872,1,2014-03-04,0.9749279121818236,-0.22252093395631434,1.0,6.123233995736766e-17,0.8840675099433636,0.46735921715800227,5066.0,8555.0,9797.0,6902.857142857143,8821.0,3836.5172326200272,7628.366666666667,8688.0,3478.5288456307308,3860.0,1,1,1,0,0,0,0,0,1,11282
872,1,2014-03-05,0.43388373911755823,-0.900968867902419,1.0,6.123233995736766e-17,0.8919813464595485,0.45207220393230435,11282.0,8821.0,9072.0,7249.285714285715,8821.0,4136.357403734418,7564.433333333333,8688.0,3389.772321551114,3860.0,1,1,1,0,0,0,0,0,1,11246
872,1,2014-03-06,-0.433883739117558,-0.9009688679024191,1.0,6.123233995736766e-17,0.8996308696522433,0.43665123195606403,11246.0,4861.0,9082.0,8054.571428571428,9469.0,4142.615029871142,7570.433333333333,8688.0,3394.9696020510382,3860.0,1,1,1,0,0,0,0,0,1,10498
872,1,2014-03-07,-0.9749279121818236,-0.2225209339563146,1.0,6.123233995736766e-17,0.9070138128026359,0.4211008707960896,10498.0,9469.0,9716.0,8299.42857142857,10498.0,4288.2461005692785,7633.266666666666,8688.0,3445.1187350874543,3860.0,1,1,1,0,0,0,0,0,1,11183
872,1,2014-03-08,-0.7818314824680299,0.6234898018587334,1.0,6.123233995736766e-17,0.9141279881853337,0.40542572835999735,11183.0,8821.0,7619.0,8086.714285714285,10498.0,4294.986950476323,7554.166666666667,8488.5,3423.0830435425482,3860.0,0,1,1,0,0,0,0,0,1,7332
872,1,2014-03-09,-2.4492935982947064e-16,1.0,1.0,6.123233995736766e-17,0.9209712877166346,0.38963044953078796,7332.0,0.0,0.0,8086.714285714285,10498.0,4294.986950476323,7211.733333333334,8369.0,3648.159620423971,3860.0,0,1,1,0,0,0,0,0,1,0
872,1,2014-03-10,0.7818314824680298,0.6234898018587336,1.0,6.123233995736766e-17,0.9275416835791966,0.37371971479046906,0.0,5066.0,8316.0,8490.0,10498.0,4091.808442893355,7193.966666666666,8102.5,3643.357039337755,3860.0,0,1,1,0,0,0,0,0,1,7889
872,1,2014-03-11,0.9749279121818236,-0.22252093395631434,1.0,6.123233995736766e-17,0.9338372288229252,0.35769823883312546,7889.0,11282.0,8555.0,7869.0,7889.0,3923.872491982036,7425.133333333333,8102.5,3381.788098067337,3860.0,0,1,1,0,0,0,0,0,1,6935
872,1,2014-03-12,0.43388373911755823,-0.900968867902419,1.0,6.123233995736766e-17,0.9398560579418954,0.3415707691678556,6935.0,11246.0,8821.0,7190.428571428572,7332.0,3643.2228798662472,7393.233333333334,8102.5,3386.0271470013195,3860.0,0,1,1,0,0,0,0,0,1,6496
872,1,2014-03-13,-0.433883739117558,-0.9009688679024191,1.0,6.123233995736766e-17,0.9455963874271426,0.3253420847119801,6496.0,10498.0,4861.0,6748.857142857143,7332.0,3351.129532390099,7407.966666666666,8102.5,3385.061039365449,3860.0,0,1,1,0,0,0,0,0,1,7407
872,1,2014-03-14,-0.9749279121818236,-0.2225209339563146,1.0,6.123233995736766e-17,0.9510565162951535,0.30901699437494745,7407.0,11183.0,9469.0,6441.285714285715,7332.0,2951.2766567642952,7470.966666666666,8435.5,3397.4667284999828,3860.0,0,1,1,0,0,0,0,0,1,9030
872,1,2014-03-15,-0.7818314824680299,0.6234898018587334,1.0,6.123233995736766e-17,0.9562348265919056,0.29260033563334836,9030.0,7332.0,8821.0,6540.285714285715,7407.0,2997.398189223754,7493.066666666667,8435.5,3398.8895340048675,3860.0,0,1,1,0,0,0,0,0,1,8025
872,1,2014-03-16,-2.4492935982947064e-16,1.0,1.0,6.123233995736766e-17,0.9611297838723007,0.27609697309746883,8025.0,0.0,0.0,6540.285714285715,7407.0,2997.398189223754,7190.033333333334,8170.5,3647.6673366482573,3860.0,0,1,1,0,0,0,0,0,1,0
872,1,2014-03-17,0.7818314824680298,0.6234898018587336,1.0,6.123233995736766e-17,0.9657399376548549,0.2595117970697999,0.0,7889.0,5066.0,7076.571428571428,7407.0,3561.6433874052545,7318.566666666667,8435.5,3736.2887328741485,3860.0,1,1,1,0,0,0,0,0,1,11643
872,1,2014-03-18,0.9749279121818236,-0.22252093395631434,1.0,6.123233995736766e-17,0.970063921851507,0.2428497220959356,11643.0,6935.0,11282.0,7435.714285714285,8025.0,3670.0888142879967,7633.533333333334,8688.0,3488.09284649178,3860.0,1,1,1,0,0,0,0,0,1,9449
872,1,2014-03-19,0.43388373911755823,-0.900968867902419,1.0,6.123233995736766e-17,0.9741004551724205,0.22611568550828828,9449.0,6496.0,11246.0,7771.428571428572,8846.0,3677.2776550569215,7548.533333333334,8688.0,3423.721152975712,3860.0,1,1,1,0,0,0,0,0,1,8846
872,1,2014-03-20,-0.433883739117558,-0.9009688679024191,1.0,6.123233995736766e-17,0.9778483415056568,0.20931464596304847,8846.0,7407.0,10498.0,7932.285714285715,8846.0,3683.302038220853,7506.4,8544.0,3402.810426691444,3860.0,1,1,1,0,0,0,0,0,1,8533
872,1,2014-03-21,-0.9749279121818236,-0.2225209339563146,1.0,6.123233995736766e-17,0.9813064702716093,0.19245158197082998,8533.0,9030.0,11183.0,8032.428571428572,8846.0,3727.3869246047257,7528.366666666667,8544.0,3415.369475477433,3860.0,1,1,1,0,0,0,0,0,1,9731
872,1,2014-03-22,-0.7818314824680299,0.6234898018587334,1.0,6.123233995736766e-17,0.9844738167520922,0.1755314904214282,9731.0,8025.0,7332.0,7997.714285714285,8846.0,3728.5990092028615,7485.033333333334,8424.5,3403.203009370512,3860.0,0,1,1,0,0,0,0,0,1,7782
872,1,2014-03-23,-2.4492935982947064e-16,1.0,1.0,6.123233995736766e-17,0.9873494423939864,0.15855938510313478,7782.0,0.0,0.0,7997.714285714285,8846.0,3728.5990092028615,7161.166666666667,8170.5,3637.7984729620566,3860.0,0,1,1,0,0,0,0,0,1,0
872,1,2014-03-24,0.7818314824680298,0.6234898018587336,1.0,6.123233995736766e-17,0.989932495087353,0.141540295217043,0.0,11643.0,7889.0,7538.857142857143,8533.0,3387.242803449996,7188.233333333334,8373.5,3644.337323833384,3860.0,0,1,1,0,0,0,0,0,1,8431
872,1,2014-03-25,0.9749279121818236,-0.22252093395631434,1.0,6.123233995736766e-17,0.9922222094179323,0.12447926388678915,8431.0,9449.0,6935.0,7185.571428571428,8431.0,3282.147917504773,7420.766666666666,8373.5,3383.0553083773602,3860.0,0,1,1,0,0,0,0,0,1,6976
872,1,2014-03-26,0.43388373911755823,-0.900968867902419,1.0,6.123233995736766e-17,0.994217906893952,0.10738134666416309,6976.0,8846.0,6496.0,6863.0,7782.0,3201.7357792297535,7363.166666666667,8228.0,3381.99776793227,3860.0,0,1,1,0,0,0,0,0,1,6588
872,1,2014-03-27,-0.433883739117558,-0.9009688679024191,1.0,6.123233995736766e-17,0.995918996147179,0.09025161003104117,6588.0,8533.0,7407.0,6690.285714285715,7324.0,3128.4043171285452,7322.133333333333,7957.0,3374.498243502626,3860.0,0,1,1,0,0,0,0,0,1,7324
872,1,2014-03-28,-0.9749279121818236,-0.2225209339563146,1.0,6.123233995736766e-17,0.9973249731081555,0.07309512989807777,7324.0,9731.0,9030.0,6510.714285714285,7324.0,2956.1081799265257,7310.566666666667,7957.0,3369.774858777747,3860.0,0,1,1,0,0,0,0,0,1,8474
872,1,2014-03-29,-0.7818314824680299,0.6234898018587334,1.0,6.123233995736766e-17,0.9984354211555643,0.055916990100603484,8474.0,7782.0,8025.0,6412.142857142857,7092.0,2917.909207438964,7384.933333333333,7957.0,3338.3228179404127,3860.0,0,1,1,0,0,0,0,0,1,7092
872,1,2014-03-30,-2.4492935982947064e-16,1.0,1.0,6.123233995736766e-17,0.9992500112396835,0.03872228089217446,7092.0,0.0,0.0,6412.142857142857,7092.0,2917.9092074389646,7069.3,7835.5,3573.8164295908946,3860.0,0,1,1,0,0,0,0,0,1,0
872,1,2014-03-31,0.7818314824680298,0.6234898018587336,1.0,6.123233995736766e-17,0.9997685019798909,0.021516097436222254,0.0,8431.0,11643.0,6983.428571428572,7092.0,3672.8602322596275,7189.6,7835.5,3693.5509556616353,3860.0,1,1,1,0,0,0,0,0,1,12430
872,1,2014-04-01,0.9749279121818236,-0.22252093395631434,0.8660254037844387,-0.49999999999999983,0.9999907397361901,0.004303538296244289,12430.0,6976.0,9449.0,7385.857142857143,7324.0,3823.162060762938,7516.033333333334,7957.0,3461.7009122318946,3860.0,1,1,1,0,0,0,0,0,1,9793
872,1,2014-04-02,0.43388373911755823,-0.900968867902419,0.8660254037844387,-0.49999999999999983,0.9999166586547379,-0.01291029607500882,9793.0,6588.0,8846.0,7772.714285714285,8474.0,3865.744202361975,7657.033333333334,8228.0,3444.570995592653,3860.0,1,1,1,0,0,0,0,0,1,9296
872,1,2014-04-03,-0.433883739117558,-0.9009688679024191,0.8660254037844387,-0.49999999999999983,0.9995462806873573,-0.030120304846908114,9296.0,7324.0,8533.0,8150.857142857143,9296.0,3943.22289625172,7613.333333333333,8228.0,3405.0863509566484,3860.0,1,1,1,0,0,0,0,0,1,9971
872,1,2014-04-04,-0.9749279121818236,-0.2225209339563146,0.8660254037844387,-0.49999999999999983,0.9988797155850336,-0.04732138832243185,9971.0,8474.0,9731.0,8502.714285714286,9793.0,4084.2295770555365,7603.033333333334,8228.0,3394.168878851039,3860.0,1,1,1,0,0,0,0,0,1,10937
872,1,2014-04-05,-0.7818314824680299,0.6234898018587334,0.8660254037844387,-0.49999999999999983,0.9979171608653922,-0.06450844944931623,10937.0,7092.0,7782.0,8642.0,9793.0,4044.533677281805,7522.0,8046.0,3351.4203370902424,3860.0,0,1,1,0,0,0,0,0,1,8067
872,1,2014-04-06,-2.4492935982947064e-16,1.0,0.8660254037844387,-0.49999999999999983,0.9966589017541702,-0.08167639533042241,8067.0,0.0,0.0,8642.0,9793.0,4044.533677281805,7149.233333333334,7957.0,3546.4282340885234,3860.0,0,1,1,0,0,0,0,0,1,0
872,1,2014-04-07,0.7818314824680298,0.6234898018587336,0.8660254037844387,-0.49999999999999983,0.9951053111006976,-0.09882013873287143,0.0,12430.0,8431.0,8002.142857142857,9296.0,3683.570117362204,7169.866666666667,7988.0,3549.327753089391,3860.0,0,1,1,0,0,0,0,0,1,7951
872,1,2014-04-08,0.9749279121818236,-0.22252093395631434,0.8660254037844387,-0.49999999999999983,0.9932568492674143,-0.11593459959550041,7951.0,9793.0,6976.0,7658.714285714285,8067.0,3599.8913277248457,7416.166666666667,7988.0,3280.849438823716,3860.0,0,1,1,0,0,0,0,0,1,7389
872,1,2014-04-09,0.43388373911755823,-0.900968867902419,0.8660254037844387,-0.49999999999999983,0.9911140639934547,-0.1330147065341959,7389.0,9296.0,6588.0,7430.571428571428,7951.0,3528.7363109732255,7409.833333333333,7988.0,3280.088508933378,3860.0,0,1,1,0,0,0,0,0,1,7699
872,1,2014-04-10,-0.433883739117558,-0.9009688679024191,0.8660254037844387,-0.49999999999999983,0.9886775902323405,-0.1500553983446526,7699.0,9971.0,7324.0,7116.714285714285,7774.0,3358.7324352244163,7437.8,7988.0,3279.477065126338,3860.0,0,1,1,0,0,0,0,0,1,7774
872,1,2014-04-11,-0.9749279121818236,-0.2225209339563146,0.8660254037844387,-0.49999999999999983,0.9859481499638304,-0.16705162550211924,7774.0,10937.0,8474.0,6939.571428571428,7774.0,3149.871312564094,7544.5,8046.0,3299.788788956672,3860.0,0,1,1,0,0,0,0,0,1,9697
872,1,2014-04-12,-0.7818314824680299,0.6234898018587334,0.8660254037844387,-0.49999999999999983,0.9829265519799822,-0.18399835165768005,9697.0,8067.0,7092.0,6926.714285714285,7774.0,3144.681791760262,7563.5,8046.0,3300.6106827843764,3860.0,0,1,1,0,0,0,0,0,1,7977
872,1,2014-04-13,-2.4492935982947064e-16,1.0,0.8660254037844387,-0.49999999999999983,0.9796136916454901,-0.20089055513063506,7977.0,0.0,0.0,6926.714285714285,7774.0,3144.681791760262,7262.5,8001.0,3563.535514354947,3860.0,0,1,1,0,0,0,0,0,1,0
872,1,2014-04-14,0.7818314824680298,0.6234898018587336,0.8660254037844387,-0.49999999999999983,0.9760105506323683,-0.21772323039653177,0.0,7951.0,12430.0,7678.857142857143,7774.0,3955.5880906455777,7435.533333333334,8022.0,3724.241720861081,3860.0,1,1,1,0,0,0,0,0,1,13216
872,1,2014-04-15,0.9749279121818236,-0.22252093395631434,0.8660254037844387,-0.49999999999999983,0.9721181966290613,-0.23449138957040985,13216.0,7389.0,9793.0,8227.714285714286,7977.0,4169.433523245323,7809.9,8249.0,3509.3137884089588,3860.0,1,1,1,0,0,0,0,0,1,11231
872,1,2014-04-16,0.43388373911755823,-0.900968867902419,0.8660254037844387,-0.49999999999999983,0.9679377830240642,-0.25119006388481935,11231.0,7699.0,9296.0,8804.42857142857,9697.0,4359.001982760998,7813.0,8249.0,3512.855857541277,3860.0,1,1,1,0,0,0,0,0,1,11736
872,1,2014-04-17,-0.433883739117558,-0.9009688679024191,0.8660254037844387,-0.49999999999999983,0.9634705485641488,-0.2678143051621742,11736.0,7774.0,9971.0,9386.714285714286,11231.0,4469.2601070828205,7893.033333333334,8249.0,3578.1580937233825,3860.0,1,1,1,0,0,0,0,0,1,11850
872,1,2014-04-18,-0.9749279121818236,-0.2225209339563146,0.8660254037844387,-0.49999999999999983,0.9587178169872964,-0.2843591872810034,11850.0,9697.0,10937.0,8001.428571428572,11231.0,5692.491073251465,7598.166666666667,8022.0,3851.003828679705,3860.0,1,1,1,0,0,0,0,0,1,0
872,1,2014-04-19,-0.7818314824680299,0.6234898018587334,0.8660254037844387,-0.49999999999999983,0.9536809966304457,-0.30081980763566735,0.0,7977.0,8067.0,8420.142857142857,11231.0,5797.226878102192,7677.333333333333,8022.0,3895.0443610712114,3860.0,0,1,1,0,0,0,0,0,1,10908
872,1,2014-04-20,-2.4492935982947064e-16,1.0,0.8660254037844387,-0.49999999999999983,0.9483615800121715,-0.3171912885891061,10908.0,0.0,0.0,8420.142857142857,11231.0,5797.226878102192,7352.966666666666,7964.0,4116.984312143633,3860.0,0,1,1,0,0,0,0,0,1,0
872,1,2014-04-21,0.7818314824680298,0.6234898018587336,0.8660254037844387,-0.49999999999999983,0.9427611433904207,-0.3334687789181868,0.0,13216.0,7951.0,6532.142857142857,10908.0,6118.194026251301,7093.566666666667,7964.0,4328.735713197637,3860.0,0,1,1,0,0,0,0,0,1,0
872,1,2014-04-22,0.9749279121818236,-0.22252093395631434,0.8660254037844387,-0.49999999999999983,0.9368813462954315,-0.3496474552512284,0.0,11231.0,7389.0,6008.0,7562.0,5797.2990262707635,7345.633333333333,7964.0,4116.389642454386,3860.0,0,1,1,0,0,0,0,0,1,7562
872,1,2014-04-23,0.43388373911755823,-0.900968867902419,0.8660254037844387,-0.49999999999999983,0.9307239310379795,-0.36572252349726897,7562.0,11736.0,7699.0,5360.0,7200.0,5280.839705955855,7304.6,7862.5,4111.329691776465,3860.0,0,1,1,0,0,0,0,0,1,7200
872,1,2014-04-24,-0.433883739117558,-0.9009688679024191,0.8660254037844387,-0.49999999999999983,0.9242907221930934,-0.3816892202666588,7200.0,11850.0,7774.0,4681.428571428572,7100.0,4564.498762447072,7308.733333333334,7862.5,4111.050263772552,3860.0,0,1,1,0,0,0,0,0,1,7100
872,1,2014-04-25,-0.9749279121818236,-0.2225209339563146,0.8660254037844387,-0.49999999999999983,0.9175836260593937,-0.39754281428255595,7100.0,0.0,9697.0,5873.285714285715,7200.0,4214.173731361247,7367.233333333334,7964.0,4112.926960822119,3860.0,0,1,1,0,0,0,0,0,1,8343
872,1,2014-04-26,-0.7818314824680299,0.6234898018587334,0.8660254037844387,-0.49999999999999983,0.9106046300942163,-0.4132786077829042,8343.0,10908.0,7977.0,5344.285714285715,7200.0,3674.7287752198113,7363.266666666666,7964.0,4113.027477404577,3860.0,0,1,1,0,0,0,0,0,1,7205
872,1,2014-04-27,-2.4492935982947064e-16,1.0,0.8660254037844387,-0.49999999999999983,0.9033558023246845,-0.4288919379124835,7205.0,0.0,0.0,5344.285714285715,7200.0,3674.7287752198113,7080.8,7862.5,4319.8946379233175,3860.0,0,1,1,0,0,0,0,0,1,0
872,1,2014-04-28,0.7818314824680298,0.6234898018587336,0.8660254037844387,-0.49999999999999983,0.895839290734909,-0.4443781781046132,0.0,0.0,13216.0,7030.428571428572,7205.0,3518.3766548955873,7237.833333333333,7964.0,4405.100743169362,3860.0,1,1,1,0,0,0,0,0,1,11803
872,1,2014-04-29,0.9749279121818236,-0.22252093395631434,0.8660254037844387,-0.49999999999999983,0.8880573226294932,-0.45973273945210397,11803.0,7562.0,11231.0,7398.142857142857,7205.0,3712.352238521707,7575.7,8022.0,4215.451815682967,3860.0,1,1,1,0,0,0,0,0,1,10136
872,1,2014-04-30,0.43388373911755823,-0.900968867902419,0.8660254037844387,-0.49999999999999983,0.8800122039735357,-0.47495107206704995,10136.0,7200.0,11736.0,8108.571428571428,8343.0,4121.41548731108,7567.133333333333,8022.0,4205.496089752021,3860.0,1,1,1,0,0,0,0,0,1,12173
872,1,2014-05-01,-0.433883739117558,-0.9009688679024191,0.49999999999999994,-0.8660254037844387,0.8717063187093218,-0.49002866642905923,12173.0,7100.0,11850.0,7094.285714285715,8343.0,5155.040889404132,7240.7,7964.0,4402.232922052172,3860.0,1,1,1,0,0,0,0,0,1,0
872,1,2014-05-02,-0.9749279121818236,-0.2225209339563146,0.49999999999999994,-0.8660254037844387,0.8631421280499114,-0.5049610547215204,0.0,8343.0,0.0,7964.857142857143,10136.0,5866.537633862397,7412.066666666667,7964.0,4581.414726037583,3860.0,1,1,1,0,0,0,0,0,1,14437
872,1,2014-05-03,-0.7818314824680299,0.6234898018587334,0.49999999999999994,-0.8660254037844387,0.854322169749827,-0.5197438121555155,14437.0,7205.0,10908.0,8038.0,10136.0,5858.671407978662,7336.933333333333,7862.5,4556.4163166434555,3860.0,0,1,1,0,0,0,0,0,1,7717
872,1,2014-05-04,-2.4492935982947064e-16,1.0,0.49999999999999994,-0.8660254037844387,0.8452490573530633,-0.5343725582809787,7717.0,0.0,0.0,8038.0,10136.0,5858.671407978662,6972.366666666667,7745.5,4693.905825152685,3860.0,0,1,1,0,0,0,0,0,1,0
872,1,2014-05-05,0.7818314824680298,0.6234898018587336,0.49999999999999994,-0.8660254037844387,0.835925479418637,-0.548842958284719,0.0,11803.0,0.0,7969.571428571428,10136.0,5809.962388207084,7080.933333333333,7745.5,4757.334424127498,3860.0,1,1,1,0,0,0,0,0,1,11324
872,1,2014-05-06,0.9749279121818236,-0.22252093395631434,0.49999999999999994,-0.8660254037844387,0.8263541987239096,-0.5631507242749186,11324.0,10136.0,7562.0,7918.857142857143,9781.0,5789.413252612376,7406.966666666666,7862.5,4587.451042552508,3860.0,1,1,1,0,0,0,0,0,1,9781
872,1,2014-05-07,0.43388373911755823,-0.900968867902419,0.49999999999999994,-0.8660254037844387,0.8165380514459161,-0.5772916165517272,9781.0,12173.0,7200.0,7653.0,9781.0,5601.167675880925,7485.666666666667,7875.5,4617.261244753089,3860.0,1,1,1,0,0,0,0,0,1,10312
872,1,2014-05-08,-0.433883739117558,-0.9009688679024191,0.49999999999999994,-0.8660254037844387,0.8064799463209448,-0.5912614448635781,10312.0,0.0,7100.0,9094.57142857143,10091.0,4491.97457907407,7575.733333333334,8160.0,4641.5997460249455,3860.0,1,1,1,0,0,0,0,0,1,10091
872,1,2014-05-09,-0.9749279121818236,-0.2225209339563146,0.49999999999999994,-0.8660254037844387,0.7961828637826158,-0.6050560696488488,10091.0,14437.0,8343.0,8574.142857142857,10091.0,3947.9447576585767,7678.9,9020.0,4678.68144813295,3860.0,1,1,1,0,0,0,0,0,1,10794
872,1,2014-05-10,-0.7818314824680299,0.6234898018587334,0.49999999999999994,-0.8660254037844387,0.7856498550787145,-0.6186714032625031,10794.0,7717.0,7205.0,8696.285714285714,10091.0,3930.192646435448,7705.5,9134.5,4681.508375770974,3860.0,0,1,1,0,0,0,0,0,1,8572
872,1,2014-05-11,-2.4492935982947064e-16,1.0,0.49999999999999994,-0.8660254037844387,0.7748840413670407,-0.6321034111873487,8572.0,0.0,0.0,8696.285714285714,10091.0,3930.192646435448,7382.266666666666,8457.5,4870.223969453939,3860.0,0,1,1,0,0,0,0,0,1,0
872,1,2014-05-12,0.7818314824680298,0.6234898018587336,0.49999999999999994,-0.8660254037844387,0.7638886127905428,-0.6453481132295501,0.0,11324.0,11803.0,8170.285714285715,9781.0,3762.7204127814116,7371.1,8457.5,4869.197259833742,3860.0,0,1,1,0,0,0,0,0,1,7642
872,1,2014-05-13,0.9749279121818236,-0.22252093395631434,0.49999999999999994,-0.8660254037844387,0.7526668275320084,-0.6584015846980488,7642.0,9781.0,10136.0,7872.714285714285,8572.0,3695.880621912533,7627.7,8457.5,4665.950833727099,3860.0,0,1,1,0,0,0,0,0,1,7698
872,1,2014-05-14,0.43388373911755823,-0.900968867902419,0.49999999999999994,-0.8660254037844387,0.741222010848596,-0.6712599575675313,7698.0,10312.0,12173.0,7406.714285714285,7698.0,3539.3938612087077,7422.166666666667,8030.0,4545.551596461309,3860.0,0,1,1,0,0,0,0,0,1,7050
872,1,2014-05-15,-0.433883739117558,-0.9009688679024191,0.49999999999999994,-0.8660254037844387,0.7295575540864875,-0.6839194216246106,7050.0,10091.0,0.0,7218.428571428572,7698.0,3405.3154458455474,7340.233333333334,8030.0,4496.417299349011,3860.0,0,1,1,0,0,0,0,0,1,8773
872,1,2014-05-16,-0.9749279121818236,-0.2225209339563146,0.49999999999999994,-0.8660254037844387,0.717676913675962,-0.6963762255968722,8773.0,10794.0,14437.0,6776.714285714285,7698.0,3045.7727379810412,7205.766666666666,7709.5,4420.098919811585,3860.0,0,1,1,0,0,0,0,0,1,7702
872,1,2014-05-17,-0.7818314824680299,0.6234898018587334,0.49999999999999994,-0.8660254037844387,0.705583610107178,-0.7086266782644596,7702.0,8572.0,7717.0,6584.714285714285,7642.0,2954.740525228657,7051.7,7700.0,4332.3182227023235,3860.0,0,1,1,0,0,0,0,0,1,7228
872,1,2014-05-18,-2.4492935982947064e-16,1.0,0.49999999999999994,-0.8660254037844387,0.6932812268869777,-0.7206671495538609,7228.0,0.0,0.0,6584.714285714285,7642.0,2954.740525228657,7051.7,7700.0,4332.3182227023235,3860.0,0,1,1,0,0,0,0,0,1,0
872,1,2014-05-19,0.7818314824680298,0.6234898018587336,0.49999999999999994,-0.8660254037844387,0.6807734094770161,-0.7324940716135789,0.0,7642.0,11324.0,7099.857142857143,7698.0,3443.68322336087,7063.033333333334,7700.0,4343.185248443687,3860.0,1,1,1,0,0,0,0,0,1,11248
872,1,2014-05-20,0.9749279121818236,-0.22252093395631434,0.49999999999999994,-0.8660254037844387,0.6680638642135335,-0.7441039398713607,11248.0,7698.0,9781.0,7355.0,7702.0,3559.5974023288986,7379.166666666667,7709.5,4152.319319354552,3860.0,1,1,1,0,0,0,0,0,1,9484
872,1,2014-05-21,0.43388373911755823,-0.900968867902419,0.49999999999999994,-0.8660254037844387,0.6551563572090853,-0.7554933140726803,9484.0,7050.0,10312.0,7574.285714285715,8585.0,3584.8680456555007,7665.333333333333,8030.0,3915.293218713732,3860.0,1,1,1,0,0,0,0,0,1,8585
872,1,2014-05-22,-0.433883739117558,-0.9009688679024191,0.49999999999999994,-0.8660254037844387,0.6420547132365637,-0.766658819300159,8585.0,8773.0,10091.0,7588.285714285715,8585.0,3590.51652339352,7708.966666666666,8457.5,3921.3911455109833,3860.0,1,1,1,0,0,0,0,0,1,8871
872,1,2014-05-23,-0.9749279121818236,-0.2225209339563146,0.49999999999999994,-0.8660254037844387,0.6287628145958344,-0.777597146973627,8871.0,7702.0,10794.0,7893.285714285715,8871.0,3691.058191281813,7796.866666666667,8578.5,3939.1038428883107,3860.0,1,1,1,0,0,0,0,0,1,9837
872,1,2014-05-24,-0.7818314824680299,0.6234898018587334,0.49999999999999994,-0.8660254037844387,0.6152845999633276,-0.7883050558305255,9837.0,7228.0,8572.0,7950.428571428572,8871.0,3682.127503547501,7814.466666666666,8578.5,3937.0618900947907,3860.0,0,1,1,0,0,0,0,0,1,7628
872,1,2014-05-25,-2.4492935982947064e-16,1.0,0.49999999999999994,-0.8660254037844387,0.6016240632249226,-0.7987793728863649,7628.0,0.0,0.0,7950.428571428572,8871.0,3682.1275035475005,7536.366666666667,8578.5,4185.276273032545,3860.0,0,1,1,0,0,0,0,0,1,0
872,1,2014-05-26,0.7818314824680298,0.6234898018587336,0.49999999999999994,-0.8660254037844387,0.5877852522924732,-0.8090169943749473,0.0,11248.0,7642.0,7384.142857142857,8585.0,3383.1388496765026,7539.0,8578.5,4185.085439740869,3860.0,0,1,1,0,0,0,0,0,1,7284
872,1,2014-05-27,0.9749279121818236,-0.22252093395631434,0.49999999999999994,-0.8660254037844387,0.5737722679043246,-0.8190148866680801,7284.0,9484.0,7698.0,7003.428571428572,7628.0,3254.9744933533516,7766.3,8578.5,3939.4782793909512,3860.0,0,1,1,0,0,0,0,0,1,6819
872,1,2014-05-28,0.43388373911755823,-0.900968867902419,0.49999999999999994,-0.8660254037844387,0.5595892624101765,-0.8287700871745037,6819.0,8585.0,7050.0,7221.857142857143,7628.0,3425.6255598343555,7710.0,8578.5,3891.57729745523,3860.0,0,1,1,0,0,0,0,0,1,10114
872,1,2014-05-29,-0.433883739117558,-0.9009688679024191,0.49999999999999994,-0.8660254037844387,0.545240438540651,-0.8382797052177743,10114.0,8871.0,8773.0,5954.571428571428,7284.0,4254.4666668158925,7372.133333333333,8144.5,4107.691899379733,3860.0,0,1,1,0,0,0,0,0,1,0
872,1,2014-05-30,-0.9749279121818236,-0.2225209339563146,0.49999999999999994,-0.8660254037844387,0.5307300481619334,-0.8475409228928311,0.0,9837.0,7702.0,6061.285714285715,7284.0,4375.720158415278,7319.166666666667,8144.5,4053.540181834531,3860.0,0,1,1,0,0,0,0,0,1,10584
872,1,2014-05-31,-0.7818314824680299,0.6234898018587334,0.49999999999999994,-0.8660254037844387,0.5160623910158528,-0.8565509959010036,10584.0,7628.0,7228.0,6011.714285714285,7281.0,4356.938325410229,7561.866666666667,8144.5,3810.9126858077666,3860.0,0,1,1,0,0,0,0,0,1,7281
872,1,2014-06-01,-2.4492935982947064e-16,1.0,1.2246467991473532e-16,-1.0,0.5012418134457758,-0.865307254363206,7281.0,0.0,0.0,6011.714285714285,7281.0,4356.938325410229,7080.633333333333,7709.5,3824.3115809013384,3860.0,0,1,1,0,0,0,0,0,1,0
872,1,2014-06-02,0.7818314824680298,0.6234898018587336,1.2246467991473532e-16,-1.0,0.48627270710869,-0.8738071036110808,0.0,7284.0,11248.0,6801.142857142857,7281.0,5068.416334798977,7250.4,8137.0,3964.025606236235,3860.0,1,1,1,0,0,0,0,0,1,12810
872,1,2014-06-03,0.9749279121818236,-0.22252093395631434,1.2246467991473532e-16,-1.0,0.4711595076738638,-0.8820480249558537,12810.0,6819.0,9484.0,7221.857142857143,9764.0,5190.893706886171,7575.866666666667,8578.5,3742.871382843089,3860.0,1,1,1,0,0,0,0,0,1,9764
872,1,2014-06-04,0.43388373911755823,-0.900968867902419,1.2246467991473532e-16,-1.0,0.4559066935084588,-0.8900275764346767,9764.0,10114.0,8585.0,7232.0,9764.0,5197.551827543422,7537.9,8578.5,3709.1653894382885,3860.0,1,1,1,0,0,0,0,0,1,10185
872,1,2014-06-05,-0.433883739117558,-0.9009688679024191,1.2246467991473532e-16,-1.0,0.440518784350495,-0.8977433935342337,10185.0,0.0,8871.0,8716.0,10185.0,4169.9318539595715,7558.133333333333,8578.5,3723.4513997683352,3860.0,1,1,1,0,0,0,0,0,1,10388
872,1,2014-06-06,-0.9749279121818236,-0.2225209339563146,1.2246467991473532e-16,-1.0,0.42500033996955416,-0.9051931898913974,10388.0,10584.0,9837.0,8673.0,10185.0,4148.957941459523,7557.166666666667,8578.5,3722.7154909335704,3860.0,1,1,1,0,0,0,0,0,1,10283
872,1,2014-06-07,-0.7818314824680299,0.6234898018587334,1.2246467991473532e-16,-1.0,0.4093559588156213,-0.9123747579707273,10283.0,7281.0,7628.0,8795.857142857143,10185.0,4113.449786111068,7492.166666666667,8356.5,3693.8602748188855,3860.0,0,1,1,0,0,0,0,0,1,8141
872,1,2014-06-08,-2.4492935982947064e-16,1.0,1.2246467991473532e-16,-1.0,0.39359027665646673,-0.9192859697186104,8141.0,0.0,0.0,8795.857142857143,10185.0,4113.449786111068,7132.366666666667,7921.5,3882.0554676643906,3860.0,0,1,1,0,0,0,0,0,1,0
872,1,2014-06-09,0.7818314824680298,0.6234898018587336,1.2246467991473532e-16,-1.0,0.3777079652039649,-0.9259247771938498,0.0,12810.0,7284.0,6965.857142857143,9764.0,4818.9603798804055,6846.633333333333,7700.0,4082.7183682826635,3860.0,0,1,1,0,0,0,0,0,1,0
872,1,2014-06-10,0.9749279121818236,-0.22252093395631434,1.2246467991473532e-16,-1.0,0.36171373072976765,-0.9322892131745133,0.0,9764.0,6819.0,6860.714285714285,9028.0,4755.342949927852,7147.566666666667,7921.5,3888.773565049769,3860.0,0,1,1,0,0,0,0,0,1,9028
872,1,2014-06-11,0.43388373911755823,-0.900968867902419,1.2246467991473532e-16,-1.0,0.3456123126707335,-0.9383773917408641,9028.0,10185.0,10114.0,6573.571428571428,8175.0,4578.555698658063,7165.333333333333,8158.0,3892.3263173736527,3860.0,0,1,1,0,0,0,0,0,1,8175
872,1,2014-06-12,-0.433883739117558,-0.9009688679024191,1.2246467991473532e-16,-1.0,0.3294084822245304,-0.9441875088341993,8175.0,10388.0,0.0,6368.0,8175.0,4407.871973337391,7207.033333333334,8380.0,3904.9106438920735,3860.0,0,1,1,0,0,0,0,0,1,8949
872,1,2014-06-13,-0.9749279121818236,-0.2225209339563146,1.2246467991473532e-16,-1.0,0.3131070409358269,-0.9497178427914316,8949.0,10283.0,10584.0,6177.142857142857,8175.0,4235.662932315365,7270.266666666666,8679.0,3917.6187254709866,3860.0,0,1,1,0,0,0,0,0,1,8947
872,1,2014-06-14,-0.7818314824680299,0.6234898018587334,1.2246467991473532e-16,-1.0,0.29671281927349075,-0.9549667548552551,8947.0,8141.0,7281.0,6247.285714285715,8632.0,4277.464035082994,7265.566666666667,8608.5,3915.8378914293708,3860.0,0,1,1,0,0,0,0,0,1,8632
872,1,2014-06-15,-2.4492935982947064e-16,1.0,1.2246467991473532e-16,-1.0,0.28023067519921585,-0.9599326896597447,8632.0,0.0,0.0,6247.285714285715,8632.0,4277.464035082994,7008.833333333333,8608.5,4132.71402085372,3860.0,0,1,1,0,0,0,0,0,1,0
872,1,2014-06-16,0.7818314824680298,0.6234898018587336,1.2246467991473532e-16,-1.0,0.26366549272800704,-0.9646141756912435,0.0,0.0,12810.0,7824.285714285715,8947.0,3566.1285130276165,7135.866666666667,8751.5,4197.7437103128705,3860.0,1,1,1,0,0,0,0,0,1,11039
872,1,2014-06-17,0.9749279121818236,-0.22252093395631434,1.2246467991473532e-16,-1.0,0.24702218048093552,-0.9690098257244062,11039.0,9028.0,9764.0,8010.857142857143,8947.0,3672.1862438503586,7480.333333333333,8909.0,4011.871438217033,3860.0,1,1,1,0,0,0,0,0,1,10334
872,1,2014-06-18,0.43388373911755823,-0.900968867902419,1.2246467991473532e-16,-1.0,0.23030567023061221,-0.9731183372332619,10334.0,8175.0,10185.0,8450.57142857143,8949.0,3873.8615040268237,7480.5,8909.0,4012.0334576766973,3860.0,1,1,1,0,0,0,0,0,1,11253
872,1,2014-06-19,-0.433883739117558,-0.9009688679024191,1.2246467991473532e-16,-1.0,0.21352091543979612,-0.9769384927771817,11253.0,8949.0,10388.0,7172.142857142857,8947.0,4996.063231137469,7164.366666666667,8751.5,4217.130994697317,3860.0,1,1,1,0,0,0,0,0,1,0
872,1,2014-06-20,-0.9749279121818236,-0.2225209339563146,1.2246467991473532e-16,-1.0,0.19667288979357647,-0.980469160361632,0.0,8947.0,10283.0,7709.142857142857,10334.0,5403.991747729061,7301.733333333334,8909.0,4330.592990639355,3860.0,1,1,1,0,0,0,0,0,1,12706
872,1,2014-06-21,-0.7818314824680299,0.6234898018587334,1.2246467991473532e-16,-1.0,0.1797665857255624,-0.9837092937736097,12706.0,8632.0,8141.0,7618.857142857143,10334.0,5391.2681386531995,7272.7,8789.5,4322.621826926419,3860.0,0,1,1,0,0,0,0,0,1,8000
872,1,2014-06-22,-2.4492935982947064e-16,1.0,1.2246467991473532e-16,-1.0,0.16280701293851715,-0.986657932891657,8000.0,0.0,0.0,7618.857142857143,10334.0,5391.2681386531995,6944.8,8403.5,4491.208664598598,3860.0,0,1,1,0,0,0,0,0,1,0
872,1,2014-06-23,0.7818314824680298,0.6234898018587336,1.2246467991473532e-16,-1.0,0.1457991969198751,-0.9893142039703663,0.0,11039.0,0.0,7216.285714285715,8221.0,5194.955653140381,6964.566666666667,8426.5,4495.622028867283,3860.0,0,1,1,0,0,0,0,0,1,8221
872,1,2014-06-24,0.9749279121818236,-0.22252093395631434,1.2246467991473532e-16,-1.0,0.12874817745258132,-0.99167731989929,8221.0,10334.0,9028.0,6813.857142857143,8000.0,5019.329816770737,7215.133333333333,8426.5,4299.255707303488,3860.0,0,1,1,0,0,0,0,0,1,7517
872,1,2014-06-25,0.43388373911755823,-0.900968867902419,1.2246467991473532e-16,-1.0,0.11165900712169512,-0.993746580436178,7517.0,11253.0,8175.0,6299.0,7649.0,4660.0779678742065,7227.3,8426.5,4299.973722052826,3860.0,0,1,1,0,0,0,0,0,1,7649
872,1,2014-06-26,-0.433883739117558,-0.9009688679024191,1.2246467991473532e-16,-1.0,0.09453674981719912,-0.9955213724144752,7649.0,0.0,8949.0,7271.571428571428,7649.0,3747.4074085578495,7226.933333333333,8426.5,4300.010207953668,3860.0,0,1,1,0,0,0,0,0,1,6808
872,1,2014-06-27,-0.9749279121818236,-0.2225209339563146,1.2246467991473532e-16,-1.0,0.07738647923346301,-0.9970011699250151,6808.0,12706.0,8947.0,6746.428571428572,7649.0,3051.9667351366893,7190.8,8426.5,4279.418558636209,3860.0,0,1,1,0,0,0,0,0,1,9030
872,1,2014-06-28,-0.7818314824680299,0.6234898018587334,1.2246467991473532e-16,-1.0,0.06021327736579302,-0.9981855344718586,9030.0,8000.0,8632.0,6739.0,7649.0,3048.468249246925,7455.733333333334,8426.5,4059.256471184172,3860.0,0,1,1,0,0,0,0,0,1,7948
872,1,2014-06-29,-2.4492935982947064e-16,1.0,1.2246467991473532e-16,-1.0,0.04302223300453059,-0.99907411510223,7948.0,0.0,0.0,6739.0,7649.0,3048.468249246925,7102.933333333333,8198.0,4234.168085316483,3860.0,0,1,1,0,0,0,0,0,1,0
872,1,2014-06-30,0.7818314824680298,0.6234898018587336,1.2246467991473532e-16,-1.0,0.02581844022713308,-0.9996666485105112,0.0,8221.0,11039.0,7371.571428571428,7649.0,3779.1026649696787,7281.866666666667,8426.5,4353.689816246899,3860.0,1,1,1,0,0,0,0,0,1,12649
872,1,2014-07-01,0.9749279121818236,-0.22252093395631434,-0.4999999999999998,-0.8660254037844388,0.008606996888688698,-0.9999629591162655,12649.0,7517.0,10334.0,7826.571428571428,7948.0,3985.6227391773564,7638.6,8789.5,4171.073644965302,3860.0,1,1,1,0,0,0,0,0,1,10702
872,1,2014-07-02,0.43388373911755823,-0.900968867902419,-0.4999999999999998,-0.8660254037844388,-0.008606996888688009,-0.9999629591162655,10702.0,7649.0,11253.0,8125.142857142857,9030.0,4047.9000493495164,7536.233333333334,8789.5,4076.39013465162,3860.0,1,1,1,0,0,0,0,0,1,9739
872,1,2014-07-03,-0.433883739117558,-0.9009688679024191,-0.4999999999999998,-0.8660254037844388,-0.02581844022713239,-0.9996666485105112,9739.0,6808.0,0.0,8643.857142857143,9739.0,4083.474559268186,7558.733333333334,8789.5,4090.9473730659743,3860.0,1,1,1,0,0,0,0,0,1,10439
872,1,2014-07-04,-0.9749279121818236,-0.2225209339563146,-0.4999999999999998,-0.8660254037844388,-0.04302223300453034,-0.99907411510223,10439.0,9030.0,12706.0,8756.0,9815.0,4106.5602800072675,7546.4,8789.5,4083.3073190820405,3860.0,1,1,1,0,0,0,0,0,1,9815
872,1,2014-07-05,-0.7818314824680299,0.6234898018587334,-0.4999999999999998,-0.8660254037844388,-0.060213277365792774,-0.9981855344718586,9815.0,7948.0,8000.0,8849.714285714286,9815.0,4092.509161638527,7486.933333333333,8618.0,4053.3779011085803,3860.0,0,1,1,0,0,0,0,0,1,8604
872,1,2014-07-06,-2.4492935982947064e-16,1.0,-0.4999999999999998,-0.8660254037844388,-0.07738647923346322,-0.9970011699250151,8604.0,0.0,0.0,8849.714285714286,9815.0,4092.509161638527,7144.166666666667,8412.5,4239.2981371215565,3860.0,0,1,1,0,0,0,0,0,1,0
872,1,2014-07-07,0.7818314824680298,0.6234898018587336,-0.4999999999999998,-0.8660254037844388,-0.09453674981719933,-0.9955213724144752,0.0,12649.0,8221.0,8314.857142857143,9739.0,3742.943735821289,7169.633333333333,8618.0,4247.779188391663,3860.0,0,1,1,0,0,0,0,0,1,8905
872,1,2014-07-08,0.9749279121818236,-0.22252093395631434,-0.4999999999999998,-0.8660254037844388,-0.11165900712169444,-0.9937465804361781,8905.0,10702.0,7517.0,7813.285714285715,8905.0,3602.3453801787573,7409.333333333333,8618.0,4026.3714505086664,3860.0,0,1,1,0,0,0,0,0,1,7191
872,1,2014-07-09,0.43388373911755823,-0.900968867902419,-0.4999999999999998,-0.8660254037844388,-0.12874817745258066,-0.99167731989929,7191.0,9739.0,7649.0,7410.714285714285,8604.0,3507.484982827708,7640.033333333334,8618.0,3777.802312085083,3860.0,0,1,1,0,0,0,0,0,1,6921
872,1,2014-07-10,-0.433883739117558,-0.9009688679024191,-0.4999999999999998,-0.8660254037844388,-0.14579919691987442,-0.9893142039703664,6921.0,10439.0,6808.0,7146.428571428572,8589.0,3305.1379122583658,7625.4,8596.5,3773.087920413783,3860.0,0,1,1,0,0,0,0,0,1,8589
872,1,2014-07-11,-0.9749279121818236,-0.2225209339563146,-0.4999999999999998,-0.8660254037844388,-0.16280701293851646,-0.9866579328916572,8589.0,9815.0,9030.0,6993.714285714285,8589.0,3183.753639667366,7644.433333333333,8618.0,3777.3937255032415,3860.0,0,1,1,0,0,0,0,0,1,8746
872,1,2014-07-12,-0.7818314824680299,0.6234898018587334,-0.4999999999999998,-0.8660254037844388,-0.17976658572556214,-0.9837092937736098,8746.0,8604.0,7948.0,6840.285714285715,7530.0,3118.4270454982898,7597.133333333333,8596.5,3769.3705660717164,3860.0,0,1,1,0,0,0,0,0,1,7530
872,1,2014-07-13,-2.4492935982947064e-16,1.0,-0.4999999999999998,-0.8660254037844388,-0.19667288979357622,-0.9804691603616321,7530.0,0.0,0.0,6840.285714285715,7530.0,3118.4270454982898,7298.9,8405.0,4005.438030633027,3860.0,0,1,1,0,0,0,0,0,1,0
872,1,2014-07-14,0.7818314824680298,0.6234898018587336,-0.4999999999999998,-0.8660254037844388,-0.2135209154397959,-0.9769384927771817,0.0,8905.0,12649.0,7209.428571428572,7530.0,3529.4276616822153,7394.133333333333,8405.0,4071.6436631341194,3860.0,1,1,1,0,0,0,0,0,1,11489
872,1,2014-07-15,0.9749279121818236,-0.22252093395631434,-0.4999999999999998,-0.8660254037844388,-0.23030567023061196,-0.973118337233262,11489.0,7191.0,10702.0,7622.714285714285,8589.0,3692.5227019968197,7730.266666666666,8596.5,3850.404313148508,3860.0,1,1,1,0,0,0,0,0,1,10084
872,1,2014-07-16,0.43388373911755823,-0.900968867902419,-0.4999999999999998,-0.8660254037844388,-0.24702218048093527,-0.9690098257244063,10084.0,6921.0,9739.0,7938.571428571428,8746.0,3716.977349816329,7666.7,8596.5,3809.419841338862,3860.0,1,1,1,0,0,0,0,0,1,9132
872,1,2014-07-17,-0.433883739117558,-0.9009688679024191,-0.4999999999999998,-0.8660254037844388,-0.2636654927280072,-0.9646141756912435,9132.0,8589.0,10439.0,8004.285714285715,9049.0,3734.418505126143,7623.866666666667,8596.5,3785.5438704897206,3860.0,1,1,1,0,0,0,0,0,1,9049
872,1,2014-07-18,-0.9749279121818236,-0.2225209339563146,-0.4999999999999998,-0.8660254037844388,-0.2802306751992161,-0.9599326896597445,9049.0,8746.0,9815.0,8149.857142857143,9132.0,3787.631776742624,7574.266666666666,8596.5,3745.8941562576288,3860.0,1,1,1,0,0,0,0,0,1,9765
872,1,2014-07-19,-0.7818314824680299,0.6234898018587334,-0.4999999999999998,-0.8660254037844388,-0.2967128192734901,-0.9549667548552553,9765.0,7530.0,8604.0,8006.285714285715,9132.0,3833.8095811818707,7791.766666666666,8596.5,3470.2291754126336,3860.0,0,1,1,0,0,0,0,0,1,6525
872,1,2014-07-20,-2.4492935982947064e-16,1.0,-0.4999999999999998,-0.8660254037844388,-0.3131070409358267,-0.9497178427914317,6525.0,0.0,0.0,8006.285714285715,9132.0,3833.8095811818707,7368.233333333334,8405.0,3621.8339294677326,3860.0,0,1,1,0,0,0,0,0,1,0
872,1,2014-07-21,0.7818314824680298,0.6234898018587336,-0.4999999999999998,-0.8660254037844388,-0.3294084822245302,-0.9441875088341994,0.0,11489.0,8905.0,7388.571428571428,9049.0,3514.1628143434486,7340.4,8405.0,3620.0194474615737,3860.0,0,1,1,0,0,0,0,0,1,7165
872,1,2014-07-22,0.9749279121818236,-0.22252093395631434,-0.4999999999999998,-0.8660254037844388,-0.3456123126707333,-0.9383773917408642,7165.0,10084.0,7191.0,6877.285714285715,7165.0,3311.130557895374,7557.233333333334,8405.0,3349.9233309119927,3860.0,0,1,1,0,0,0,0,0,1,6505
872,1,2014-07-23,0.43388373911755823,-0.900968867902419,-0.4999999999999998,-0.8660254037844388,-0.3617137307297674,-0.9322892131745134,6505.0,9132.0,6921.0,6539.428571428572,6767.0,3159.929000106526,7508.766666666666,8268.5,3350.5069887420304,3860.0,0,1,1,0,0,0,0,0,1,6767
872,1,2014-07-24,-0.433883739117558,-0.9009688679024191,-0.4999999999999998,-0.8660254037844388,-0.37770796520396466,-0.9259247771938499,6767.0,9049.0,8589.0,6213.714285714285,6767.0,2969.933597141273,7483.833333333333,8268.5,3353.225684099676,3860.0,0,1,1,0,0,0,0,0,1,6769
872,1,2014-07-25,-0.9749279121818236,-0.2225209339563146,-0.4999999999999998,-0.8660254037844388,-0.39359027665646645,-0.9192859697186105,6769.0,9765.0,8746.0,5994.714285714285,6767.0,2709.524971545472,7503.266666666666,8410.5,3355.9041942402846,3860.0,0,1,1,0,0,0,0,0,1,8232
872,1,2014-07-26,-0.7818314824680299,0.6234898018587334,-0.4999999999999998,-0.8660254037844388,-0.4093559588156211,-0.9123747579707274,8232.0,6525.0,7530.0,6096.428571428572,6769.0,2745.8697381790603,7517.566666666667,8410.5,3353.7527275384004,3860.0,0,1,1,0,0,0,0,0,1,7237
872,1,2014-07-27,-2.4492935982947064e-16,1.0,-0.4999999999999998,-0.8660254037844388,-0.42500033996955394,-0.9051931898913975,7237.0,0.0,0.0,6096.428571428572,6769.0,2745.8697381790603,7216.566666666667,8090.0,3608.8511275639426,3860.0,0,1,1,0,0,0,0,0,1,0
872,1,2014-07-28,0.7818314824680298,0.6234898018587336,-0.4999999999999998,-0.8660254037844388,-0.4405187843504952,-0.8977433935342336,0.0,7165.0,11489.0,6401.0,6769.0,2991.411874015335,7261.533333333334,8410.5,3626.6396314070066,3860.0,1,1,1,0,0,0,0,0,1,9297
872,1,2014-07-29,0.9749279121818236,-0.22252093395631434,-0.4999999999999998,-0.8660254037844388,-0.455906693508459,-0.8900275764346766,9297.0,6505.0,10084.0,6737.714285714285,7237.0,3134.308520991808,7556.933333333333,8596.5,3366.348312477414,3860.0,1,1,1,0,0,0,0,0,1,8862
872,1,2014-07-30,0.43388373911755823,-0.900968867902419,-0.4999999999999998,-0.8660254037844388,-0.47115950767386394,-0.8820480249558535,8862.0,6767.0,9132.0,7034.714285714285,8232.0,3234.4470786769525,7430.166666666667,8596.5,3237.1080333439945,3860.0,1,1,1,0,0,0,0,0,1,8846
872,1,2014-07-31,-0.433883739117558,-0.9009688679024191,-0.4999999999999998,-0.8660254037844388,-0.4862727071086902,-0.8738071036110807,8846.0,6769.0,9049.0,7593.0,8846.0,3506.749396996216,7429.333333333333,8596.5,3236.239818202528,3860.0,1,1,1,0,0,0,0,0,1,10677
872,1,2014-08-01,-0.9749279121818236,-0.2225209339563146,-0.8660254037844384,-0.5000000000000004,-0.5012418134457756,-0.8653072543632061,10677.0,8232.0,9765.0,7774.428571428572,8862.0,3577.4593804888436,7421.433333333333,8596.5,3230.691776921973,3860.0,1,1,1,0,0,0,0,0,1,9502
872,1,2014-08-02,-0.7818314824680299,0.6234898018587334,-0.8660254037844384,-0.5000000000000004,-0.5160623910158526,-0.8565509959010037,9502.0,7237.0,6525.0,7829.0,8862.0,3570.802337477298,7327.433333333333,8410.5,3180.5006945158943,3860.0,0,1,1,0,0,0,0,0,1,7619
872,1,2014-08-03,-2.4492935982947064e-16,1.0,-0.8660254037844384,-0.5000000000000004,-0.5307300481619331,-0.8475409228928312,7619.0,0.0,0.0,7829.0,8862.0,3570.802337477298,7000.266666666666,7925.5,3412.169427548821,3860.0,0,1,1,0,0,0,0,0,1,0
872,1,2014-08-04,0.7818314824680298,0.6234898018587336,-0.8660254037844384,-0.5000000000000004,-0.5452404385406507,-0.8382797052177745,0.0,9297.0,7165.0,8220.42857142857,8862.0,3894.087435122762,7114.7,7925.5,3523.5560911650327,3860.0,1,1,1,0,0,0,0,0,1,12037
872,1,2014-08-05,0.9749279121818236,-0.22252093395631434,-0.8660254037844384,-0.5000000000000004,-0.5595892624101763,-0.828770087174504,12037.0,8862.0,6505.0,8332.142857142857,9502.0,3926.641543294197,7436.166666666667,8410.5,3283.848437043229,3860.0,1,1,1,0,0,0,0,0,1,9644
872,1,2014-08-06,0.43388373911755823,-0.900968867902419,-0.8660254037844384,-0.5000000000000004,-0.5737722679043243,-0.8190148866680802,9644.0,8846.0,6767.0,8244.57142857143,9502.0,3920.1016507714403,7413.766666666666,8232.5,3275.765640256496,3860.0,1,1,1,0,0,0,0,0,1,8233
872,1,2014-08-07,-0.433883739117558,-0.9009688679024191,-0.8660254037844384,-0.5000000000000004,-0.5877852522924734,-0.8090169943749472,8233.0,10677.0,6769.0,8011.142857142857,9043.0,3797.8620928346627,7475.5,8411.0,3288.847515887384,3860.0,1,1,1,0,0,0,0,0,1,9043
872,1,2014-08-08,-0.9749279121818236,-0.2225209339563146,-0.8660254037844384,-0.5000000000000004,-0.6016240632249227,-0.7987793728863648,9043.0,9502.0,8232.0,8139.714285714285,9043.0,3871.269546900851,7591.533333333334,8667.5,3329.7615191951263,3860.0,1,1,1,0,0,0,0,0,1,10402
872,1,2014-08-09,-0.7818314824680299,0.6234898018587334,-0.8660254037844384,-0.5000000000000004,-0.6152845999633277,-0.7883050558305253,10402.0,7619.0,7237.0,8149.428571428572,9043.0,3869.830179613523,7561.466666666666,8489.5,3324.5123856437717,3860.0,0,1,1,0,0,0,0,0,1,7687
872,1,2014-08-10,-2.4492935982947064e-16,1.0,-0.8660254037844384,-0.5000000000000004,-0.6287628145958345,-0.7775971469736268,7687.0,0.0,0.0,8149.428571428572,9043.0,3869.830179613523,7269.933333333333,8232.5,3589.938064333022,3860.0,0,1,1,0,0,0,0,0,1,0
872,1,2014-08-11,0.7818314824680298,0.6234898018587336,-0.8660254037844384,-0.5000000000000004,-0.6420547132365636,-0.7666588193001592,0.0,12037.0,9297.0,7696.285714285715,8865.0,3507.4913976746825,7314.433333333333,8539.5,3601.5284081501622,3860.0,0,1,1,0,0,0,0,0,1,8865
872,1,2014-08-12,0.9749279121818236,-0.22252093395631434,-0.8660254037844384,-0.5000000000000004,-0.655156357209085,-0.7554933140726804,8865.0,9644.0,8862.0,7444.571428571428,8233.0,3406.1795243910638,7577.166666666667,8539.5,3326.5366279032014,3860.0,0,1,1,0,0,0,0,0,1,7882
872,1,2014-08-13,0.43388373911755823,-0.900968867902419,-0.8660254037844384,-0.5000000000000004,-0.6680638642135333,-0.7441039398713608,7882.0,8233.0,8846.0,7276.857142857143,7882.0,3389.7517818945266,7429.5,8232.5,3244.2066428295384,3860.0,0,1,1,0,0,0,0,0,1,7059
872,1,2014-08-14,-0.433883739117558,-0.9009688679024191,-0.8660254037844384,-0.5000000000000004,-0.6807734094770159,-0.7324940716135792,7059.0,9043.0,10677.0,7094.857142857143,7769.0,3312.4406625413094,7352.333333333333,8057.0,3206.1991390960457,3860.0,0,1,1,0,0,0,0,0,1,7769
872,1,2014-08-15,-0.9749279121818236,-0.2225209339563146,-0.8660254037844384,-0.5000000000000004,-0.6932812268869771,-0.7206671495538615,7769.0,10402.0,9502.0,6752.714285714285,7769.0,3025.1434519311406,7314.833333333333,7944.5,3191.210245868067,3860.0,0,1,1,0,0,0,0,0,1,8007
872,1,2014-08-16,-0.7818314824680299,0.6234898018587334,-0.8660254037844384,-0.5000000000000004,-0.7055836101071774,-0.7086266782644601,8007.0,7687.0,7619.0,6762.857142857143,7769.0,3028.914735708225,7271.8,7825.5,3175.6854747412804,3860.0,0,1,1,0,0,0,0,0,1,7758
872,1,2014-08-17,-2.4492935982947064e-16,1.0,-0.8660254037844384,-0.5000000000000004,-0.7176769136759615,-0.6963762255968726,7758.0,0.0,0.0,6762.857142857143,7769.0,3028.914735708225,6946.3,7763.5,3403.592880046532,3860.0,0,1,1,0,0,0,0,0,1,0
872,1,2014-08-18,0.7818314824680298,0.6234898018587336,-0.8660254037844384,-0.5000000000000004,-0.7295575540864876,-0.6839194216246105,0.0,8865.0,12037.0,7453.571428571428,7769.0,3987.716341347213,7185.466666666666,7825.5,3618.2861225126753,3860.0,1,1,1,0,0,0,0,0,1,13700
872,1,2014-08-19,0.9749279121818236,-0.22252093395631434,-0.8660254037844384,-0.5000000000000004,-0.7412220108485957,-0.6712599575675315,13700.0,7882.0,9644.0,8080.571428571428,7769.0,4390.965226353726,7594.5,7944.5,3468.4802868115007,3860.0,1,1,1,0,0,0,0,0,1,12271
872,1,2014-08-20,0.43388373911755823,-0.900968867902419,-0.8660254037844384,-0.5000000000000004,-0.7526668275320083,-0.6584015846980489,12271.0,7059.0,8233.0,8626.142857142857,8007.0,4479.246864841289,7718.266666666666,8119.5,3518.5109794689665,3860.0,1,1,1,0,0,0,0,0,1,10878
872,1,2014-08-21,-0.433883739117558,-0.9009688679024191,-0.8660254037844384,-0.5000000000000004,-0.7638886127905429,-0.64534811322955,10878.0,7769.0,9043.0,8941.57142857143,9977.0,4486.564567578145,7834.0,8232.5,3534.293569368954,3860.0,1,1,1,0,0,0,0,0,1,9977
872,1,2014-08-22,-0.9749279121818236,-0.2225209339563146,-0.8660254037844384,-0.5000000000000004,-0.7748840413670406,-0.6321034111873488,9977.0,8007.0,10402.0,9164.142857142857,9977.0,4471.093133622232,7927.266666666666,8539.5,3542.075233661691,3860.0,1,1,1,0,0,0,0,0,1,9565
872,1,2014-08-23,-0.7818314824680299,0.6234898018587334,-0.8660254037844384,-0.5000000000000004,-0.7856498550787144,-0.6186714032625032,9565.0,7758.0,7687.0,9178.142857142857,9977.0,4466.107008293002,7963.5,8539.5,3535.371626078755,3860.0,0,1,1,0,0,0,0,0,1,7856
872,1,2014-08-24,-2.4492935982947064e-16,1.0,-0.8660254037844384,-0.5000000000000004,-0.7961828637826154,-0.6050560696488494,7856.0,0.0,0.0,9178.142857142857,9977.0,4466.107008293002,7689.1,8539.5,3821.6854139827187,3860.0,0,1,1,0,0,0,0,0,1,0
872,1,2014-08-25,0.7818314824680298,0.6234898018587336,-0.8660254037844384,-0.5000000000000004,-0.8064799463209447,-0.5912614448635782,0.0,13700.0,8865.0,8312.42857142857,9565.0,4007.2670178540598,7702.533333333334,8539.5,3820.7496351779755,3860.0,0,1,1,0,0,0,0,0,1,7640
872,1,2014-08-26,0.9749279121818236,-0.22252093395631434,-0.8660254037844384,-0.5000000000000004,-0.8165380514459157,-0.5772916165517278,7640.0,12271.0,7882.0,7476.142857142857,7856.0,3637.2122762985828,7916.433333333333,8539.5,3544.284789321546,3860.0,0,1,1,0,0,0,0,0,1,6417
872,1,2014-08-27,0.43388373911755823,-0.900968867902419,-0.8660254037844384,-0.5000000000000004,-0.8263541987239095,-0.5631507242749187,6417.0,10878.0,7059.0,6865.285714285715,7640.0,3315.5026624573607,7826.6,8120.0,3542.239478654417,3860.0,0,1,1,0,0,0,0,0,1,6602
872,1,2014-08-28,-0.433883739117558,-0.9009688679024191,-0.8660254037844384,-0.5000000000000004,-0.8359254794186365,-0.5488429582847199,6602.0,9977.0,7769.0,6520.285714285715,7562.0,3052.9990017623372,7783.266666666666,7944.5,3537.0842359143794,3860.0,0,1,1,0,0,0,0,0,1,7562
872,1,2014-08-29,-0.9749279121818236,-0.2225209339563146,-0.8660254037844384,-0.5000000000000004,-0.8452490573530634,-0.5343725582809785,7562.0,9565.0,8007.0,6581.857142857143,7562.0,3128.0607639329946,7821.6,7944.5,3555.184098244953,3860.0,0,1,1,0,0,0,0,0,1,9996
872,1,2014-08-30,-0.7818314824680299,0.6234898018587334,-0.8660254037844384,-0.5000000000000004,-0.8543221697498269,-0.5197438121555157,9996.0,7856.0,7758.0,6740.142857142857,7562.0,3229.6637817050055,7764.5,7944.5,3521.337135824674,3860.0,0,1,1,0,0,0,0,0,1,8964
872,1,2014-08-31,-2.4492935982947064e-16,1.0,-0.8660254037844384,-0.5000000000000004,-0.8631421280499115,-0.5049610547215202,8964.0,0.0,0.0,6740.142857142857,7562.0,3229.6637817050055,7447.766666666666,7869.0,3777.67304479005,3860.0,0,1,1,0,0,0,0,0,1,0
872,1,2014-09-01,0.7818314824680298,0.6234898018587336,-1.0,-1.8369701987210297e-16,-0.8717063187093218,-0.4900286664290594,0.0,7640.0,13700.0,7419.857142857143,7562.0,3884.840040832713,7607.066666666667,7944.5,3884.3975695287563,3860.0,1,1,1,0,0,0,0,0,1,12398
872,1,2014-09-02,0.9749279121818236,-0.22252093395631434,-1.0,-1.8369701987210297e-16,-0.8800122039735356,-0.4749510720670502,12398.0,6417.0,12271.0,7977.0,8964.0,3995.137669718029,7950.966666666666,8120.0,3636.4820484234115,3860.0,1,1,1,0,0,0,0,0,1,10317
872,1,2014-09-03,0.43388373911755823,-0.900968867902419,-1.0,-1.8369701987210297e-16,-0.888057322629493,-0.4597327394521046,10317.0,6602.0,10878.0,8511.142857142857,9996.0,4030.4561540257255,7894.433333333333,8120.0,3583.5676663822346,3860.0,1,1,1,0,0,0,0,0,1,10341
872,1,2014-09-04,-0.433883739117558,-0.9009688679024191,-1.0,-1.8369701987210297e-16,-0.8958392907349089,-0.44437817810461344,10341.0,7562.0,9977.0,8771.0,9996.0,4017.6809231197103,7885.666666666667,8120.0,3579.459363274476,3860.0,1,1,1,0,0,0,0,0,1,9381
872,1,2014-09-05,-0.9749279121818236,-0.2225209339563146,-1.0,-1.8369701987210297e-16,-0.9033558023246842,-0.4288919379124841,9381.0,9996.0,9565.0,8873.42857142857,10317.0,4063.000896592854,7968.333333333333,8436.0,3616.2063884239437,3860.0,1,1,1,0,0,0,0,0,1,10713
872,1,2014-09-06,-0.7818314824680299,0.6234898018587334,-1.0,-1.8369701987210297e-16,-0.9106046300942162,-0.41327860778290443,10713.0,8964.0,7856.0,8634.57142857143,10317.0,4105.711503793343,7909.966666666666,7944.5,3612.391647183852,3860.0,0,1,1,0,0,0,0,0,1,7292
872,1,2014-09-07,-2.4492935982947064e-16,1.0,-1.0,-1.8369701987210297e-16,-0.9175836260593934,-0.3975428142825566,7292.0,0.0,0.0,8634.57142857143,10317.0,4105.711503793343,7563.233333333334,7869.0,3855.9512953295994,3860.0,0,1,1,0,0,0,0,0,1,0
872,1,2014-09-08,0.7818314824680298,0.6234898018587336,-1.0,-1.8369701987210297e-16,-0.9242907221930934,-0.3816892202666586,0.0,12398.0,7640.0,7893.714285714285,9381.0,3767.391481042098,7547.4,7869.0,3856.400757182789,3860.0,0,1,1,0,0,0,0,0,1,7212
872,1,2014-09-09,0.9749279121818236,-0.22252093395631434,-1.0,-1.8369701987210297e-16,-0.9307239310379793,-0.3657225234972692,7212.0,10317.0,6417.0,7427.857142857143,7292.0,3616.391453210938,7782.6,7869.0,3585.899748584243,3860.0,0,1,1,0,0,0,0,0,1,7056
872,1,2014-09-10,0.43388373911755823,-0.900968867902419,-1.0,-1.8369701987210297e-16,-0.9368813462954315,-0.34964745525122826,7056.0,10341.0,6602.0,6993.428571428572,7292.0,3383.2571021203185,7730.433333333333,7812.5,3580.9905457157706,3860.0,0,1,1,0,0,0,0,0,1,7300
872,1,2014-09-11,-0.433883739117558,-0.9009688679024191,-1.0,-1.8369701987210297e-16,-0.9427611433904206,-0.33346877891818705,7300.0,9381.0,7562.0,6731.285714285715,7292.0,3235.2840531801603,7719.233333333334,7763.5,3581.0255965279684,3860.0,0,1,1,0,0,0,0,0,1,7546
872,1,2014-09-12,-0.9749279121818236,-0.2225209339563146,-1.0,-1.8369701987210297e-16,-0.9483615800121716,-0.31719128858910595,7546.0,10713.0,9996.0,6290.285714285715,7292.0,2780.5118062619013,7738.133333333333,7763.5,3578.916487288924,3860.0,0,1,1,0,0,0,0,0,1,7626
872,1,2014-09-13,-0.7818314824680299,0.6234898018587334,-1.0,-1.8369701987210297e-16,-0.9536809966304455,-0.300819807635668,7626.0,7292.0,8964.0,6316.571428571428,7300.0,2792.404152765296,7728.366666666667,7699.0,3579.2291260523675,3860.0,0,1,1,0,0,0,0,0,1,7476
872,1,2014-09-14,-2.4492935982947064e-16,1.0,-1.0,-1.8369701987210297e-16,-0.9587178169872964,-0.2843591872810036,7476.0,0.0,0.0,6316.571428571428,7300.0,2792.404152765296,7461.466666666666,7633.0,3846.308124488435,3860.0,0,1,1,0,0,0,0,0,1,0
872,1,2014-09-15,0.7818314824680298,0.6234898018587336,-1.0,-1.8369701987210297e-16,-0.9634705485641486,-0.26781430516217486,0.0,7212.0,12398.0,6857.571428571428,7476.0,3313.0978382345174,7569.5,7633.0,3900.0644269656304,3860.0,1,1,1,0,0,0,0,0,1,10999
872,1,2014-09-16,0.9749279121818236,-0.22252093395631434,-1.0,-1.8369701987210297e-16,-0.9679377830240642,-0.25119006388481957,10999.0,7056.0,10317.0,7168.285714285715,7546.0,3434.571526614133,7877.2,7748.0,3637.578992150949,3860.0,1,1,1,0,0,0,0,0,1,9231
872,1,2014-09-17,0.43388373911755823,-0.900968867902419,-1.0,-1.8369701987210297e-16,-0.9721181966290612,-0.23449138957041052,9231.0,7300.0,10341.0,7305.428571428572,7626.0,3459.7813927637476,7695.866666666667,7748.0,3468.988372196824,3860.0,1,1,1,0,0,0,0,0,1,8260
872,1,2014-09-18,-0.433883739117558,-0.9009688679024191,-1.0,-1.8369701987210297e-16,-0.9760105506323682,-0.21772323039653224,8260.0,7546.0,9381.0,7586.428571428572,8260.0,3560.975842712351,7603.933333333333,7748.0,3378.936304094297,3860.0,1,1,1,0,0,0,0,0,1,9513
872,1,2014-09-19,-0.9749279121818236,-0.2225209339563146,-1.0,-1.8369701987210297e-16,-0.9796136916454901,-0.20089055513063528,9513.0,7626.0,10713.0,7851.428571428572,9231.0,3632.7114234018486,7557.366666666667,7748.0,3341.679935594373,3860.0,1,1,1,0,0,0,0,0,1,9481
872,1,2014-09-20,-0.7818314824680299,0.6234898018587334,-1.0,-1.8369701987210297e-16,-0.9829265519799822,-0.18399835165767986,9481.0,7476.0,7292.0,7816.571428571428,9231.0,3638.0808520034684,7465.866666666667,7633.0,3310.5786006775857,3860.0,0,1,1,0,0,0,0,0,1,7232
872,1,2014-09-21,-2.4492935982947064e-16,1.0,-1.0,-1.8369701987210297e-16,-0.9859481499638303,-0.1670516255021195,7232.0,0.0,0.0,7816.571428571428,9231.0,3638.0808520034684,7147.033333333334,7594.0,3553.1489335064693,3860.0,0,1,1,0,0,0,0,0,1,0
872,1,2014-09-22,0.7818314824680298,0.6234898018587336,-1.0,-1.8369701987210297e-16,-0.9886775902323404,-0.15005539834465262,0.0,10999.0,7212.0,7217.428571428572,8260.0,3361.4583569805313,7112.0,7554.0,3551.098353642346,3860.0,0,1,1,0,0,0,0,0,1,6805
872,1,2014-09-23,0.9749279121818236,-0.22252093395631434,-1.0,-1.8369701987210297e-16,-0.9911140639934546,-0.13301470653419636,6805.0,9231.0,7056.0,6687.142857142857,7232.0,3282.737243448484,7295.966666666666,7554.0,3304.336121787117,3860.0,0,1,1,0,0,0,0,0,1,5519
872,1,2014-09-24,0.43388373911755823,-0.900968867902419,-1.0,-1.8369701987210297e-16,-0.9932568492674143,-0.11593459959550066,5519.0,8260.0,7300.0,6261.714285714285,6805.0,3237.5866379288077,7217.366666666667,7511.0,3323.857558292186,3860.0,0,1,1,0,0,0,0,0,1,5282
872,1,2014-09-25,-0.433883739117558,-0.9009688679024191,-1.0,-1.8369701987210297e-16,-0.9951053111006974,-0.09882013873287211,5282.0,9513.0,7546.0,5695.714285714285,5551.0,2903.5486170251165,7188.5,7511.0,3334.7906696440223,3860.0,0,1,1,0,0,0,0,0,1,5551
872,1,2014-09-26,-0.9749279121818236,-0.2225209339563146,-1.0,-1.8369701987210297e-16,-0.99665890175417,-0.08167639533042288,5551.0,9481.0,7626.0,5186.571428571428,5551.0,2397.5529787085325,7165.666666666667,7511.0,3341.2836923319874,3860.0,0,1,1,0,0,0,0,0,1,5917
872,1,2014-09-27,-0.7818314824680299,0.6234898018587334,-1.0,-1.8369701987210297e-16,-0.9979171608653922,-0.06450844944931625,5917.0,7232.0,7476.0,4936.857142857143,5519.0,2234.492740987016,7096.4,7388.0,3354.2978668136116,3860.0,0,1,1,0,0,0,0,0,1,5484
872,1,2014-09-28,-2.4492935982947064e-16,1.0,-1.0,-1.8369701987210297e-16,-0.9988797155850335,-0.04732138832243232,5484.0,0.0,0.0,4936.857142857143,5519.0,2234.492740987016,6763.2,7296.0,3547.2605107370523,3860.0,0,1,1,0,0,0,0,0,1,0
872,1,2014-09-29,0.7818314824680298,0.6234898018587336,-1.0,-1.8369701987210297e-16,-0.9995462806873573,-0.03012030484690836,0.0,6805.0,10999.0,5137.714285714285,5519.0,2480.100650799299,6738.1,7296.0,3533.7894122803696,3860.0,1,1,1,0,0,0,0,0,1,8211
872,1,2014-09-30,0.9749279121818236,-0.22252093395631434,-1.0,-1.8369701987210297e-16,-0.9999166586547379,-0.012910296075008843,8211.0,5519.0,9231.0,5659.714285714285,5551.0,2919.36521149635,7043.866666666667,7388.0,3321.1148391334864,3860.0,1,1,1,0,0,0,0,0,1,9173
872,1,2014-10-01,0.43388373911755823,-0.900968867902419,-0.8660254037844386,0.5000000000000001,-0.9999907397361901,0.004303538296243821,9173.0,5282.0,8260.0,6089.714285714285,5917.0,3072.1360491947316,6907.0,7388.0,3174.214146568543,3860.0,1,1,1,0,0,0,0,0,1,8292
872,1,2014-10-02,-0.433883739117558,-0.9009688679024191,-0.8660254037844386,0.5000000000000001,-0.9997685019798909,0.021516097436222233,8292.0,5551.0,9513.0,6731.571428571428,8211.0,3393.3861582566105,6897.9,7388.0,3164.4774733453783,3860.0,1,1,1,0,0,0,0,0,1,10044
872,1,2014-10-03,-0.9749279121818236,-0.2225209339563146,-0.8660254037844386,0.5000000000000001,-0.9992500112396835,0.03872228089217399,10044.0,5917.0,9481.0,5886.285714285715,8211.0,4257.1388950125265,6553.2,7296.0,3335.106661169823,3860.0,1,1,1,0,0,0,0,0,1,0
872,1,2014-10-04,-0.7818314824680299,0.6234898018587334,-0.8660254037844386,0.5000000000000001,-0.9984354211555643,0.05591699010060302,0.0,5484.0,7232.0,6195.428571428572,8211.0,4301.399146678617,6495.433333333333,7296.0,3299.2537367623368,3860.0,0,1,1,0,0,0,0,0,1,7648
872,1,2014-10-05,-2.4492935982947064e-16,1.0,-0.8660254037844386,0.5000000000000001,-0.9973249731081555,0.07309512989807776,7648.0,0.0,0.0,6195.428571428572,8211.0,4301.399146678617,6138.333333333333,7262.0,3405.089267484812,3860.0,0,1,1,0,0,0,0,0,1,0
872,1,2014-10-06,0.7818314824680298,0.6234898018587336,-0.8660254037844386,0.5000000000000001,-0.9959189961471792,0.0902516100310407,0.0,8211.0,6805.0,6410.142857142857,8292.0,4453.599833414583,6219.066666666667,7266.0,3461.6283982854247,3860.0,1,1,1,0,0,0,0,0,1,9714
872,1,2014-10-07,0.9749279121818236,-0.22252093395631434,-0.8660254037844386,0.5000000000000001,-0.994217906893952,0.10738134666416306,9714.0,9173.0,5519.0,6153.285714285715,7648.0,4317.465487771171,6464.9,7337.5,3260.7891719855097,3860.0,1,1,1,0,0,0,0,0,1,7375
872,1,2014-10-08,0.43388373911755823,-0.900968867902419,-0.8660254037844386,0.5000000000000001,-0.9922222094179324,0.12447926388678869,7375.0,8292.0,5282.0,5952.0,7375.0,4233.159222141297,6453.933333333333,7337.5,3258.7424899939497,3860.0,1,1,1,0,0,0,0,0,1,6883
872,1,2014-10-09,-0.433883739117558,-0.9009688679024191,-0.8660254037844386,0.5000000000000001,-0.989932495087353,0.141540295217043,6883.0,10044.0,5551.0,5596.142857142857,7375.0,3925.347518737294,6470.5,7425.5,3263.1691043291476,3860.0,1,1,1,0,0,0,0,0,1,7553
872,1,2014-10-10,-0.9749279121818236,-0.2225209339563146,-0.8660254037844386,0.5000000000000001,-0.9873494423939864,0.15855938510313475,7553.0,0.0,5917.0,6710.0,7553.0,3090.100645610097,6487.066666666667,7511.0,3268.7823519420544,3860.0,1,1,1,0,0,0,0,0,1,7797
872,1,2014-10-11,-0.7818314824680299,0.6234898018587334,-0.8660254037844386,0.5000000000000001,-0.9844738167520923,0.17553149042142777,7797.0,7648.0,5484.0,6361.428571428572,7375.0,3104.243807926101,6409.133333333333,7425.5,3270.5354800761293,3860.0,0,1,1,0,0,0,0,0,1,5208
872,1,2014-10-12,-2.4492935982947064e-16,1.0,-0.8660254037844386,0.5000000000000001,-0.9813064702716093,0.19245158197082995,5208.0,0.0,0.0,6361.428571428572,7375.0,3104.2438079261015,6154.933333333333,7303.5,3463.3717071098818,3860.0,0,1,1,0,0,0,0,0,1,0
872,1,2014-10-13,0.7818314824680298,0.6234898018587336,-0.8660254037844386,0.5000000000000001,-0.9778483415056568,0.20931464596304888,0.0,9714.0,8211.0,5984.714285714285,7077.0,2771.7891162138967,6141.633333333333,7154.5,3458.8868399044786,3860.0,0,1,1,0,0,0,0,0,1,7077
872,1,2014-10-14,0.9749279121818236,-0.22252093395631434,-0.8660254037844386,0.5000000000000001,-0.9741004551724206,0.22611568550828803,7077.0,7375.0,9173.0,5797.857142857143,6883.0,2705.745641443478,6343.866666666667,7154.5,3259.0034835432666,3860.0,0,1,1,0,0,0,0,0,1,6067
872,1,2014-10-15,0.43388373911755823,-0.900968867902419,-0.8660254037844386,0.5000000000000001,-0.970063921851507,0.2428497220959358,6067.0,6883.0,8292.0,5468.142857142857,6067.0,2692.06305204584,6129.733333333334,6980.0,3151.874307546978,3860.0,0,1,1,0,0,0,0,0,1,4575
872,1,2014-10-16,-0.433883739117558,-0.9009688679024191,-0.8660254037844386,0.5000000000000001,-0.965739937654855,0.25951179706979943,4575.0,7553.0,10044.0,5282.571428571428,6067.0,2566.2263382343144,6030.5,6844.0,3097.258005909815,3860.0,0,1,1,0,0,0,0,0,1,6254
872,1,2014-10-17,-0.9749279121818236,-0.2225209339563146,-0.8660254037844386,0.5000000000000001,-0.9611297838723007,0.27609697309746883,6254.0,7797.0,0.0,5069.714285714285,6067.0,2377.780878205932,5965.4,6556.0,3069.178533250477,3860.0,0,1,1,0,0,0,0,0,1,6307
872,1,2014-10-18,-0.7818314824680299,0.6234898018587334,-0.8660254037844386,0.5000000000000001,-0.9562348265919058,0.2926003356333479,6307.0,5208.0,7648.0,5163.285714285715,6067.0,2396.9404605514183,5843.733333333334,6280.5,2995.150021380356,3860.0,0,1,1,0,0,0,0,0,1,5863
872,1,2014-10-19,-2.4492935982947064e-16,1.0,-0.8660254037844386,0.5000000000000001,-0.9510565162951536,0.30901699437494723,5863.0,0.0,0.0,5163.285714285715,6067.0,2396.9404605514183,5527.7,6160.5,3096.6053955682037,3860.0,0,1,1,0,0,0,0,0,1,0
872,1,2014-10-20,0.7818314824680298,0.6234898018587336,-0.8660254037844386,0.5000000000000001,-0.9455963874271428,0.3253420847119795,0.0,7077.0,9714.0,5571.571428571428,6067.0,2955.5601757333316,5617.8,6160.5,3185.939469520461,3860.0,1,1,1,0,0,0,0,0,1,9935
872,1,2014-10-21,0.9749279121818236,-0.22252093395631434,-0.8660254037844386,0.5000000000000001,-0.9398560579418953,0.341570769167856,9935.0,6067.0,7375.0,5768.285714285715,6254.0,3038.6861039099012,5865.933333333333,6280.5,3018.8164149425306,3860.0,1,1,1,0,0,0,0,0,1,7444
872,1,2014-10-22,0.43388373911755823,-0.900968867902419,-0.8660254037844386,0.5000000000000001,-0.9338372288229252,0.35769823883312546,7444.0,4575.0,6883.0,6129.714285714285,6307.0,3023.522764055501,5875.933333333333,6280.5,3022.5289928541156,3860.0,1,1,1,0,0,0,0,0,1,7105
872,1,2014-10-23,-0.433883739117558,-0.9009688679024191,-0.8660254037844386,0.5000000000000001,-0.9275416835791965,0.3737197147904692,7105.0,6254.0,7553.0,6345.857142857143,7105.0,3087.295819352333,5950.866666666667,6595.0,3041.1831038700057,3860.0,1,1,1,0,0,0,0,0,1,7767
872,1,2014-10-24,-0.9749279121818236,-0.2225209339563146,-0.8660254037844386,0.5000000000000001,-0.9209712877166346,0.38963044953078774,7767.0,6307.0,7797.0,6645.571428571428,7444.0,3183.2407939678205,6054.966666666666,6980.0,3070.8042806217863,3860.0,1,1,1,0,0,0,0,0,1,8405
872,1,2014-10-25,-0.7818314824680299,0.6234898018587334,-0.8660254037844386,0.5000000000000001,-0.9141279881853337,0.4054257283599973,8405.0,5863.0,5208.0,6577.714285714285,7444.0,3207.6722460524493,6049.533333333334,6980.0,3071.8707400667417,3860.0,0,1,1,0,0,0,0,0,1,5388
872,1,2014-10-26,-2.4492935982947064e-16,1.0,-0.8660254037844386,0.5000000000000001,-0.9070138128026362,0.42110087079608916,5388.0,0.0,0.0,6577.714285714285,7444.0,3207.6722460524493,5852.3,6980.0,3264.583008171398,3860.0,0,1,1,0,0,0,0,0,1,0
872,1,2014-10-27,0.7818314824680298,0.6234898018587336,-0.8660254037844386,0.5000000000000001,-0.8996308696522434,0.4366512319560638,0.0,9935.0,7077.0,6159.428571428572,7105.0,2870.050688120484,5903.066666666667,7042.0,3270.494710372537,3860.0,0,1,1,0,0,0,0,0,1,7007
872,1,2014-10-28,0.9749279121818236,-0.22252093395631434,-0.8660254037844386,0.5000000000000001,-0.8919813464595487,0.45207220393230374,7007.0,7444.0,6067.0,5977.285714285715,7007.0,2814.867712361479,6108.7,7042.0,3074.6118695334358,3860.0,0,1,1,0,0,0,0,0,1,6169
872,1,2014-10-29,0.43388373911755823,-0.900968867902419,-0.8660254037844386,0.5000000000000001,-0.8840675099433637,0.46735921715800205,6169.0,7105.0,4575.0,5787.571428571428,6169.0,2770.599084262136,6027.566666666667,6945.0,3049.2327320201416,3860.0,0,1,1,0,0,0,0,0,1,5777
872,1,2014-10-30,-0.433883739117558,-0.9009688679024191,-0.8660254037844386,0.5000000000000001,-0.8758917051442433,0.48250774176121763,5777.0,7767.0,6254.0,5664.714285714285,6169.0,2685.971004701118,5952.033333333334,6895.0,2996.2348842521055,3860.0,0,1,1,0,0,0,0,0,1,6907
872,1,2014-10-31,-0.9749279121818236,-0.2225209339563146,-0.8660254037844386,0.5000000000000001,-0.867456354729597,0.4975132889071803,6907.0,8405.0,6307.0,5722.571428571428,6169.0,2758.2260517189034,5969.3,6895.0,3011.6375789421577,3860.0,0,1,1,0,0,0,0,0,1,8810
872,1,2014-11-01,-0.7818314824680299,0.6234898018587334,-0.5000000000000004,0.8660254037844384,-0.858763958275803,0.5123714121284235,8810.0,5388.0,5863.0,4952.857142857143,6169.0,3515.0991180226597,5634.5,6595.0,3100.030575488822,3860.0,0,1,1,0,0,0,0,0,1,0
872,1,2014-11-02,-2.4492935982947064e-16,1.0,-0.5000000000000004,0.8660254037844384,-0.8498170915275277,0.5270777086423724,0.0,0.0,0.0,4952.857142857143,6169.0,3515.0991180226597,5634.5,6595.0,3100.030575488822,3860.0,0,1,1,0,0,0,0,0,1,0
872,1,2014-11-03,0.7818314824680298,0.6234898018587336,-0.5000000000000004,0.8660254037844384,-0.8406184056344783,0.5416278206559811,0.0,7007.0,9935.0,5609.285714285715,6169.0,4303.309568006366,5766.3,6595.0,3268.0861967909,3860.0,1,1,1,0,0,0,0,0,1,11602
872,1,2014-11-04,0.9749279121818236,-0.22252093395631434,-0.5000000000000004,0.8660254037844384,-0.8311706263658079,0.5560174366570446,11602.0,6169.0,7444.0,5971.0,6907.0,4461.696164763641,6056.333333333333,6895.0,3121.5044044701367,3860.0,1,1,1,0,0,0,0,0,1,8701
872,1,2014-11-05,0.43388373911755823,-0.900968867902419,-0.5000000000000004,0.8660254037844384,-0.8214765533024145,0.5702422926917867,8701.0,5777.0,7105.0,6393.714285714285,8701.0,4578.885843895707,6023.733333333334,6895.0,3086.9028550930516,3860.0,1,1,1,0,0,0,0,0,1,8736
872,1,2014-11-06,-0.433883739117558,-0.9009688679024191,-0.5000000000000004,0.8660254037844384,-0.8115390590073611,0.5842981736283683,8736.0,6907.0,7767.0,6669.857142857143,8736.0,4672.334192833786,6072.566666666667,6895.0,3120.4221827904307,3860.0,1,1,1,0,0,0,0,0,1,8840
872,1,2014-11-07,-0.9749279121818236,-0.2225209339563146,-0.5000000000000004,0.8660254037844384,-0.8013610881746769,0.5981809144059159,8840.0,8810.0,8405.0,6690.714285714285,8736.0,4683.791794201415,6141.666666666667,6957.0,3161.667743381687,3860.0,1,1,1,0,0,0,0,0,1,8956
872,1,2014-11-08,-0.7818314824680299,0.6234898018587334,-0.5000000000000004,0.8660254037844384,-0.7909456567567774,0.6118864012687242,8956.0,0.0,5388.0,7639.714285714285,8736.0,3664.2381069960334,6111.333333333333,6775.0,3152.010932649227,3860.0,0,1,1,0,0,0,0,0,1,6643
872,1,2014-11-09,-2.4492935982947064e-16,1.0,-0.5000000000000004,0.8660254037844384,-0.780295851070776,0.6254105729852457,6643.0,0.0,0.0,7639.714285714285,8736.0,3664.238106996033,5851.433333333333,6475.0,3324.9345203128205,3860.0,0,1,1,0,0,0,0,0,1,0
872,1,2014-11-10,0.7818314824680298,0.6234898018587336,-0.5000000000000004,0.8660254037844384,-0.7694148268839381,0.6387494220515268,0.0,11602.0,7007.0,7457.571428571428,8736.0,3460.47707968823,6022.066666666667,6775.0,3420.7466207946745,3860.0,1,1,1,0,0,0,0,0,1,10327
872,1,2014-11-11,0.9749279121818236,-0.22252093395631434,-0.5000000000000004,0.8660254037844384,-0.7583058084785625,0.6518989958787125,10327.0,8701.0,6169.0,7295.142857142857,8736.0,3418.819017758973,6274.2,6957.0,3235.305511342654,3860.0,1,1,1,0,0,0,0,0,1,7564
872,1,2014-11-12,0.43388373911755823,-0.900968867902419,-0.5000000000000004,0.8660254037844384,-0.7469720876965551,0.6648553979642867,7564.0,8736.0,5777.0,7136.571428571428,7626.0,3366.1878466668445,6292.5,6957.0,3241.5496480371344,3860.0,1,1,1,0,0,0,0,0,1,7626
872,1,2014-11-13,-0.433883739117558,-0.9009688679024191,-0.5000000000000004,0.8660254037844384,-0.7354170229639858,0.6776147890466887,7626.0,8840.0,6907.0,7138.571428571428,7626.0,3367.372559189271,6385.4,7056.0,3274.63185190599,3860.0,1,1,1,0,0,0,0,0,1,8854
872,1,2014-11-14,-0.9749279121818236,-0.2225209339563146,-0.5000000000000004,0.8660254037844384,-0.7236440382959123,0.690173388242972,8854.0,8956.0,8810.0,7068.285714285715,7626.0,3328.0204684008754,6515.033333333334,7274.5,3277.467930176181,3860.0,1,1,1,0,0,0,0,0,1,8464
872,1,2014-11-15,-0.7818314824680299,0.6234898018587334,-0.5000000000000004,0.8660254037844384,-0.7116566222817751,0.7025274741691566,8464.0,6643.0,0.0,7134.0,7626.0,3322.7606494198885,6543.333333333333,7274.5,3278.8014245466593,3860.0,0,1,1,0,0,0,0,0,1,7103
872,1,2014-11-16,-2.4492935982947064e-16,1.0,-0.5000000000000004,0.8660254037844384,-0.6994583270516471,0.7146733860429608,7103.0,0.0,0.0,7134.0,7626.0,3322.7606494198885,6333.1,7274.5,3489.88212773974,3860.0,0,1,1,0,0,0,0,0,1,0
872,1,2014-11-17,0.7818314824680298,0.6234898018587336,-0.5000000000000004,0.8660254037844384,-0.6870527672236675,0.726607524768565,0.0,10327.0,11602.0,6696.714285714285,7564.0,3020.15654750354,6379.866666666667,7355.0,3492.7646172143322,3860.0,0,1,1,0,0,0,0,0,1,7266
872,1,2014-11-18,0.9749279121818236,-0.22252093395631434,-0.5000000000000004,0.8660254037844384,-0.6744436188329457,0.7383263540031063,7266.0,7564.0,8701.0,6570.0,7266.0,2996.2165587064283,6602.433333333333,7355.0,3278.3629607319044,3860.0,0,1,1,0,0,0,0,0,1,6677
872,1,2014-11-19,0.43388373911755823,-0.900968867902419,-0.5000000000000004,0.8660254037844384,-0.661634618242279,0.749826401204568,6677.0,7626.0,8736.0,6432.428571428572,7103.0,2961.556846049198,6493.366666666667,7185.5,3217.5330503174428,3860.0,0,1,1,0,0,0,0,0,1,6663
872,1,2014-11-20,-0.433883739117558,-0.9009688679024191,-0.5000000000000004,0.8660254037844384,-0.6486295610349818,0.7611042586607742,6663.0,8854.0,8840.0,6108.571428571428,6677.0,2770.3974959767406,6464.8,7104.0,3212.602505006249,3860.0,0,1,1,0,0,0,0,0,1,6587
872,1,2014-11-21,-0.9749279121818236,-0.2225209339563146,-0.5000000000000004,0.8660254037844384,-0.6354323008901775,0.7721565844991641,6587.0,8464.0,8956.0,6026.857142857143,6677.0,2696.8020214426288,6491.033333333334,7184.5,3221.21217795449,3860.0,0,1,1,0,0,0,0,0,1,7892
872,1,2014-11-22,-0.7818314824680299,0.6234898018587334,-0.5000000000000004,0.8660254037844384,-0.622046748440868,0.7829801036770625,7892.0,7103.0,6643.0,5876.714285714285,6663.0,2655.84874784474,6433.866666666667,7055.0,3212.9943465970155,3860.0,0,1,1,0,0,0,0,0,1,6052
872,1,2014-11-23,-2.4492935982947064e-16,1.0,-0.5000000000000004,0.8660254037844384,-0.6084768701151264,0.7935716089521472,6052.0,0.0,0.0,5876.714285714285,6663.0,2655.84874784474,6153.7,6957.0,3396.403373042404,3860.0,0,1,1,0,0,0,0,0,1,0
872,1,2014-11-24,0.7818314824680298,0.6234898018587336,-0.5000000000000004,0.8660254037844384,-0.594726686960764,0.8039279618328208,0.0,7266.0,10327.0,6251.714285714285,6663.0,3041.961960877961,6303.8,7055.0,3460.298645672278,3860.0,1,1,1,0,0,0,0,0,1,9891
872,1,2014-11-25,0.9749279121818236,-0.22252093395631434,-0.5000000000000004,0.8660254037844384,-0.5808002734538014,0.8140460935082175,9891.0,6677.0,7564.0,6616.571428571428,6663.0,3247.6818839054336,6611.5,7184.5,3286.474693922519,3860.0,1,1,1,0,0,0,0,0,1,9231
872,1,2014-11-26,0.43388373911755823,-0.900968867902419,-0.5000000000000004,0.8660254037844384,-0.5667017562911184,0.8239230057575536,9231.0,6663.0,7626.0,6876.857142857143,7892.0,3324.135347654146,6660.766666666666,7415.0,3303.6412897383966,3860.0,1,1,1,0,0,0,0,0,1,8485
872,1,2014-11-27,-0.433883739117558,-0.9009688679024191,-0.5000000000000004,0.8660254037844384,-0.5524353131676203,0.8335557718385695,8485.0,6587.0,8854.0,7403.428571428572,8485.0,3554.529544920712,6797.566666666667,7595.0,3366.940160906701,3860.0,1,1,1,0,0,0,0,0,1,10273
872,1,2014-11-28,-0.9749279121818236,-0.2225209339563146,-0.5000000000000004,0.8660254037844384,-0.5380051715382992,0.8429415373547832,10273.0,7892.0,8464.0,7912.142857142857,9231.0,3876.3573290986888,6986.766666666666,7759.0,3465.6436898587062,3860.0,1,1,1,0,0,0,0,0,1,11453
872,1,2014-11-29,-0.7818314824680299,0.6234898018587334,-0.5000000000000004,0.8660254037844384,-0.5234156073655503,0.8520775211013093,11453.0,6052.0,7103.0,8384.857142857143,9361.0,3812.9542539685867,7068.566666666667,8178.0,3492.552585769871,3860.0,0,1,1,0,0,0,0,0,1,9361
872,1,2014-11-30,-2.4492935982947064e-16,1.0,-0.5000000000000004,0.8660254037844384,-0.5086709438521042,0.8609610158889945,9361.0,0.0,0.0,8384.857142857143,9361.0,3812.9542539685867,6774.9,7759.0,3705.004186790878,3860.0,0,1,1,0,0,0,0,0,1,0
872,1,2014-12-01,0.7818314824680298,0.6234898018587336,-2.4492935982947064e-16,1.0,-0.4937755501599774,0.8695893893466109,0.0,9891.0,7266.0,8748.57142857143,9361.0,4091.802775352322,7189.466666666666,8178.0,3615.525742599863,3860.0,1,1,1,0,0,0,0,0,1,12437
872,1,2014-12-02,0.9749279121818236,-0.22252093395631434,-2.4492935982947064e-16,1.0,-0.4787338401157883,0.8779600847008883,12437.0,9231.0,6677.0,8828.285714285714,9789.0,4108.170181248003,7515.766666666666,8474.5,3378.245603485816,3860.0,1,1,1,0,0,0,0,0,1,9789
872,1,2014-12-03,0.43388373911755823,-0.900968867902419,-2.4492935982947064e-16,1.0,-0.4635502709028512,0.8860706215341377,9789.0,8485.0,6663.0,9125.142857142857,10273.0,4154.052095186558,7481.133333333333,8474.5,3340.0191072479797,3860.0,1,1,1,0,0,0,0,0,1,10563
872,1,2014-12-04,-0.433883739117558,-0.9009688679024191,-2.4492935982947064e-16,1.0,-0.4482293417404106,0.893918596519257,10563.0,10273.0,6587.0,9114.57142857143,10199.0,4150.7369569408165,7531.066666666667,8474.5,3369.948458966685,3860.0,1,1,1,0,0,0,0,0,1,10199
872,1,2014-12-05,-0.9749279121818236,-0.2225209339563146,-2.4492935982947064e-16,1.0,-0.4327755925504317,0.9015016841318838,10199.0,11453.0,7892.0,9451.857142857143,10199.0,4457.049712854589,7700.333333333333,8474.5,3555.005585458854,3860.0,1,1,1,0,0,0,0,0,1,13814
872,1,2014-12-06,-0.7818314824680299,0.6234898018587334,-2.4492935982947064e-16,1.0,-0.41719360261231697,0.9088176373395028,13814.0,9361.0,6052.0,9220.857142857143,10199.0,4504.197058617348,7663.8,8178.0,3548.5154875690223,3860.0,0,1,1,0,0,0,0,0,1,7744
872,1,2014-12-07,-2.4492935982947064e-16,1.0,-2.4492935982947064e-16,1.0,-0.4014879892059737,0.9158642882672868,7744.0,0.0,0.0,9220.857142857143,10199.0,4504.197058617348,7365.266666666666,7818.0,3803.6157383544223,3860.0,0,1,1,0,0,0,0,0,1,0
872,1,2014-12-08,0.7818314824680298,0.6234898018587336,-2.4492935982947064e-16,1.0,-0.38566340624360745,0.9226395488404875,0.0,12437.0,9891.0,8513.42857142857,9789.0,4299.092650670327,7393.333333333333,7818.0,3801.2081684945733,3860.0,0,1,1,0,0,0,0,0,1,7485
872,1,2014-12-09,0.9749279121818236,-0.22252093395631434,-2.4492935982947064e-16,1.0,-0.3697245428906732,0.9291414114031743,7485.0,9789.0,9231.0,8085.857142857143,7744.0,4299.921372481571,7619.866666666667,7818.0,3538.8593109911108,3860.0,0,1,1,0,0,0,0,0,1,6796
872,1,2014-12-10,0.43388373911755823,-0.900968867902419,-2.4492935982947064e-16,1.0,-0.3536761221763721,0.935367949313148,6796.0,10563.0,8485.0,7508.142857142857,7485.0,4181.67571788198,7492.933333333333,7685.0,3506.556449471948,3860.0,0,1,1,0,0,0,0,0,1,6519
872,1,2014-12-11,-0.433883739117558,-0.9009688679024191,-2.4492935982947064e-16,1.0,-0.33752289959411347,0.941317317512847,6519.0,10199.0,10273.0,7157.285714285715,7485.0,4018.1092450009187,7498.9,7743.5,3506.8338244652787,3860.0,0,1,1,0,0,0,0,0,1,7743
872,1,2014-12-12,-0.9749279121818236,-0.2225209339563146,-2.4492935982947064e-16,1.0,-0.32126966169236515,0.946987753076075,7743.0,13814.0,11453.0,6435.142857142857,7485.0,2929.005031779631,7536.666666666667,7818.0,3514.342674922522,3860.0,0,1,1,0,0,0,0,0,1,8759
872,1,2014-12-13,-0.7818314824680299,0.6234898018587334,-2.4492935982947064e-16,1.0,-0.3049212246562894,0.9523775757303973,8759.0,7744.0,9361.0,6441.571428571428,7485.0,2932.403897666135,7501.166666666667,7766.5,3505.945817423969,3860.0,0,1,1,0,0,0,0,0,1,7789
872,1,2014-12-14,-2.4492935982947064e-16,1.0,-2.4492935982947064e-16,1.0,-0.2884824328806098,0.9574851883550389,7789.0,0.0,0.0,6441.571428571428,7485.0,2932.403897666135,7219.033333333334,7743.5,3757.339956747952,3860.0,0,1,1,0,0,0,0,0,1,0
872,1,2014-12-15,0.7818314824680298,0.6234898018587336,-2.4492935982947064e-16,1.0,-0.27195815753410524,0.9623090774541487,0.0,7485.0,12437.0,7237.714285714285,7743.0,3869.656217042438,7417.533333333334,7766.5,3905.3831260094726,3860.0,1,1,1,0,0,0,0,0,1,13058
872,1,2014-12-16,0.9749279121818236,-0.22252093395631434,-2.4492935982947064e-16,1.0,-0.2553532951161881,0.9668478136052773,13058.0,6796.0,9789.0,8217.714285714286,7789.0,4548.294834854256,7872.733333333334,7840.5,3805.5810099101127,3860.0,1,1,1,0,0,0,0,0,1,13656
872,1,2014-12-17,0.43388373911755823,-0.900968867902419,-2.4492935982947064e-16,1.0,-0.23867276600594997,0.9711000518829505,13656.0,6519.0,10563.0,8715.285714285714,8759.0,4521.926570032061,7963.933333333333,8188.5,3823.2820612060777,3860.0,1,1,1,0,0,0,0,0,1,10002
872,1,2014-12-18,-0.433883739117558,-0.9009688679024191,-2.4492935982947064e-16,1.0,-0.22192151300416674,0.9750645322571945,10002.0,7743.0,10199.0,9464.857142857143,10002.0,4762.383171920391,8174.366666666667,8622.0,3922.454232460474,3860.0,1,1,1,0,0,0,0,0,1,12990
872,1,2014-12-19,-0.9749279121818236,-0.2225209339563146,-2.4492935982947064e-16,1.0,-0.20510449986861926,0.9787400799669153,12990.0,8759.0,13814.0,10015.142857142857,12611.0,4888.115534251471,8372.633333333333,8995.0,3993.114612579428,3860.0,1,1,1,0,0,0,0,0,1,12611
872,1,2014-12-20,-0.7818314824680299,0.6234898018587334,-2.4492935982947064e-16,1.0,-0.1882267098432439,0.9821256058680006,12611.0,7789.0,7744.0,10475.285714285714,12611.0,4794.336058110166,8520.066666666668,9296.0,4006.542424871949,3860.0,0,1,1,0,0,0,0,0,1,11010
872,1,2014-12-21,-2.4492935982947064e-16,1.0,-2.4492935982947064e-16,1.0,-0.1712931441814778,0.9852201067560606,11010.0,0.0,0.0,10475.285714285714,12611.0,4794.336058110166,8257.0,9296.0,4297.7140274882095,3860.0,0,1,1,0,0,0,0,0,1,0
872,1,2014-12-22,0.7818314824680298,0.6234898018587336,-2.4492935982947064e-16,1.0,-0.154308820664281,0.9880226656636976,0.0,13058.0,7485.0,10601.857142857143,12611.0,4884.727437929085,8520.066666666668,9575.0,4398.447421481833,3860.0,0,1,1,0,0,0,0,0,1,13944
872,1,2014-12-23,0.9749279121818236,-0.22252093395631434,-2.4492935982947064e-16,1.0,-0.13727877211326517,0.9905324521322227,13944.0,13656.0,6796.0,10519.857142857143,12611.0,4829.417232909567,8956.133333333333,9840.0,4167.02543154303,3860.0,0,1,1,0,0,0,0,0,1,13082
872,1,2014-12-24,0.43388373911755823,-0.900968867902419,-2.4492935982947064e-16,1.0,-0.12020804489935275,0.9927487224577402,13082.0,10002.0,6519.0,9892.714285714286,12611.0,5180.176210461246,8813.5,9575.0,4206.964060156471,3860.0,0,1,1,0,0,0,0,0,1,5612
872,1,2014-12-25,-0.433883739117558,-0.9009688679024191,-2.4492935982947064e-16,1.0,-0.10310169744743544,0.9946708199115211,5612.0,12990.0,7743.0,8037.0,11010.0,6126.067825285646,8505.8,9575.0,4502.569951207554,3860.0,0,1,1,0,0,0,0,0,1,0
872,1,2014-12-26,-0.9749279121818236,-0.2225209339563146,-2.4492935982947064e-16,1.0,-0.0859647987374467,0.9962981749346077,0.0,12611.0,8759.0,6235.428571428572,5612.0,6404.744565740377,8222.966666666667,9575.0,4762.892879863816,3860.0,0,1,1,0,0,0,0,0,1,0
872,1,2014-12-27,-0.7818314824680299,0.6234898018587334,-2.4492935982947064e-16,1.0,-0.06880242680232064,0.9976303053065857,0.0,11010.0,7789.0,5551.571428571428,5612.0,6056.050909548856,8087.966666666666,9060.0,4760.17889031663,3860.0,0,1,1,0,0,0,0,0,1,6223
872,1,2014-12-28,-2.4492935982947064e-16,1.0,-2.4492935982947064e-16,1.0,-0.05161966722325418,0.9986668162884759,6223.0,0.0,0.0,5551.571428571428,5612.0,6056.050909548856,7706.2,8274.0,4936.9792900461725,3860.0,0,1,1,0,0,0,0,0,1,0
872,1,2014-12-29,0.7818314824680298,0.6234898018587336,-2.4492935982947064e-16,1.0,-0.034421611622745804,0.9994074007397048,0.0,13944.0,13058.0,4567.285714285715,5612.0,4917.608182652936,7629.3,7766.5,4928.274386044056,3860.0,0,1,1,0,0,0,0,0,1,7054
872,1,2014-12-30,0.9749279121818236,-0.22252093395631434,-2.4492935982947064e-16,1.0,-0.01721335615583528,0.9998518392091162,7054.0,13082.0,13656.0,3806.4285714285716,5612.0,3621.980022820962,7887.833333333333,7772.5,4712.980659349481,3860.0,0,1,1,0,0,0,0,0,1,7756
872,1,2014-12-31,0.43388373911755823,-0.900968867902419,-2.4492935982947064e-16,1.0,6.432490598706546e-16,1.0,7756.0,5612.0,10002.0,3693.5714285714284,4822.0,3568.2529738955077,7634.0,7750.0,4664.336039529652,3860.0,0,1,1,0,0,0,0,0,1,4822
872,1,2015-01-01,-0.433883739117558,-0.9009688679024191,0.49999999999999994,0.8660254037844387,0.017213356155834685,0.9998518392091162,4822.0,0.0,12990.0,3693.5714285714284,4822.0,3568.2529738955077,7307.7,7743.5,4847.198516526912,3860.0,0,1,1,0,0,0,0,0,1,0
872,1,2015-01-02,-0.9749279121818236,-0.2225209339563146,0.49999999999999994,0.8660254037844387,0.03442161162274574,0.9994074007397048,0.0,0.0,12611.0,4873.714285714285,6223.0,3508.6642621889314,7230.966666666666,7743.5,4811.98157249412,3860.0,0,1,1,0,0,0,0,0,1,8261
872,1,2015-01-03,-0.7818314824680299,0.6234898018587334,0.49999999999999994,0.8660254037844387,0.051619667223253764,0.998666816288476,8261.0,6223.0,11010.0,4737.428571428572,5269.0,3465.7854259961778,7066.633333333333,7614.0,4791.262741075989,3860.0,0,1,1,0,0,0,0,0,1,5269
872,1,2015-01-04,-2.4492935982947064e-16,1.0,0.49999999999999994,0.8660254037844387,0.06880242680231986,0.9976303053065857,5269.0,0.0,0.0,4737.428571428572,5269.0,3465.7854259961778,6606.166666666667,7269.5,4784.2385772835205,3860.0,0,1,1,0,0,0,0,0,1,0
872,1,2015-01-05,0.7818314824680298,0.6234898018587336,0.49999999999999994,0.8660254037844387,0.08596479873744647,0.9962981749346078,0.0,7054.0,13944.0,5331.857142857143,5269.0,4206.9193569868185,6721.866666666667,7269.5,4854.163905657547,3860.0,1,1,1,0,0,0,0,0,1,11215
872,1,2015-01-06,0.9749279121818236,-0.22252093395631434,0.49999999999999994,0.8660254037844387,0.10310169744743485,0.9946708199115211,11215.0,7756.0,13082.0,5506.0,5269.0,4346.890919573044,7021.033333333334,7614.0,4699.715350759121,3860.0,1,1,1,0,0,0,0,0,1,8975
872,1,2015-01-07,0.43388373911755823,-0.900968867902419,0.49999999999999994,0.8660254037844387,0.1202080448993527,0.9927487224577402,8975.0,4822.0,5612.0,5987.571428571428,8193.0,4444.125330408774,7044.633333333333,7749.5,4703.901311738452,3860.0,1,1,1,0,0,0,0,0,1,8193
872,1,2015-01-08,-0.433883739117558,-0.9009688679024191,0.49999999999999994,0.8660254037844387,0.13727877211326478,0.9905324521322229,8193.0,0.0,0.0,7058.714285714285,8193.0,3580.047798297562,7068.033333333334,7749.5,4704.3678712252195,3860.0,1,1,1,0,0,0,0,0,1,7498
872,1,2015-01-09,-0.9749279121818236,-0.2225209339563146,0.49999999999999994,0.8660254037844387,0.15430882066428117,0.9880226656636976,7498.0,8261.0,0.0,7174.285714285715,8193.0,3637.9191723788877,7153.066666666667,7772.5,4717.139503857246,3860.0,1,1,1,0,0,0,0,0,1,9070
872,1,2015-01-10,-0.7818314824680299,0.6234898018587334,0.49999999999999994,0.8660254037844387,0.1712931441814776,0.9852201067560606,9070.0,5269.0,6223.0,7330.714285714285,8193.0,3565.1529987872746,7107.1,7772.5,4717.911448716587,3860.0,0,1,1,0,0,0,0,0,1,6364
872,1,2015-01-11,-2.4492935982947064e-16,1.0,0.49999999999999994,0.8660254037844387,0.1882267098432442,0.9821256058680006,6364.0,0.0,0.0,7330.714285714285,8193.0,3565.1529987872746,6815.133333333333,7627.0,4880.385532632279,3860.0,0,1,1,0,0,0,0,0,1,0
872,1,2015-01-12,0.7818314824680298,0.6234898018587336,0.49999999999999994,0.8660254037844387,0.2051044998686192,0.9787400799669153,0.0,11215.0,7054.0,7075.142857142857,8193.0,3294.1165952129145,6869.7,7627.0,4900.758591173976,3860.0,1,1,1,0,0,0,0,0,1,9426
872,1,2015-01-13,0.9749279121818236,-0.22252093395631434,0.49999999999999994,0.8660254037844387,0.22192151300416552,0.9750645322571948,9426.0,8975.0,7756.0,6930.857142857143,7965.0,3218.2781332347763,7135.2,7860.5,4728.482313925205,3860.0,1,1,1,0,0,0,0,0,1,7965
872,1,2015-01-14,0.43388373911755823,-0.900968867902419,0.49999999999999994,0.8660254037844387,0.2386727660059501,0.9711000518829505,7965.0,8193.0,4822.0,6742.0,7498.0,3170.2995126643737,6928.966666666666,7627.0,4594.2695977469175,3860.0,1,1,1,0,0,0,0,0,1,6871
872,1,2015-01-15,-0.433883739117558,-0.9009688679024191,0.49999999999999994,0.8660254037844387,0.255353295116187,0.9668478136052775,6871.0,7498.0,0.0,6793.857142857143,7861.0,3187.6479013305584,6735.8,7627.0,4420.205911883325,3860.0,1,1,1,0,0,0,0,0,1,7861
872,1,2015-01-16,-0.9749279121818236,-0.2225209339563146,0.49999999999999994,0.8660254037844387,0.2719581575341055,0.9623090774541486,7861.0,9070.0,8261.0,6684.0,7861.0,3108.3963711212837,6679.1,7627.0,4387.654037771488,3860.0,1,1,1,0,0,0,0,0,1,8301
872,1,2015-01-17,-0.7818314824680299,0.6234898018587334,0.49999999999999994,0.8660254037844387,0.288482432880609,0.9574851883550393,8301.0,6364.0,5269.0,6685.857142857143,7861.0,3108.1771951081623,6458.666666666667,7276.0,4222.680186093072,3860.0,0,1,1,0,0,0,0,0,1,6377
872,1,2015-01-18,-2.4492935982947064e-16,1.0,0.49999999999999994,0.8660254037844387,0.30492122465628907,0.9523775757303974,6377.0,0.0,0.0,6685.857142857143,7861.0,3108.1771951081623,6038.3,6962.5,4216.804380423482,3860.0,0,1,1,0,0,0,0,0,1,0
872,1,2015-01-19,0.7818314824680298,0.6234898018587336,0.49999999999999994,0.8660254037844387,0.3212696616923644,0.9469877530760753,0.0,9426.0,11215.0,6291.142857142857,6871.0,2868.394930303431,5893.4,6767.0,4113.494634777695,3860.0,0,1,1,0,0,0,0,0,1,6663
872,1,2015-01-20,0.9749279121818236,-0.22252093395631434,0.49999999999999994,0.8660254037844387,0.3375228995941133,0.9413173175128471,6663.0,7965.0,8975.0,5916.142857142857,6663.0,2783.4222597713074,6071.4,6767.0,3962.4438349114344,3860.0,0,1,1,0,0,0,0,0,1,5340
872,1,2015-01-21,0.43388373911755823,-0.900968867902419,0.49999999999999994,0.8660254037844387,0.3536761221763716,0.9353679493131483,5340.0,6871.0,8193.0,5778.285714285715,6377.0,2751.967642390047,5803.466666666666,6520.0,3672.938086669282,3860.0,0,1,1,0,0,0,0,0,1,5906
872,1,2015-01-22,-0.433883739117558,-0.9009688679024191,0.49999999999999994,0.8660254037844387,0.3697245428906731,0.9291414114031743,5906.0,7861.0,7498.0,5607.714285714285,6377.0,2635.918797072821,5589.633333333333,6520.0,3412.050920137222,3860.0,0,1,1,0,0,0,0,0,1,6667
872,1,2015-01-23,-0.9749279121818236,-0.2225209339563146,0.49999999999999994,0.8660254037844387,0.38566340624360707,0.9226395488404876,6667.0,8301.0,9070.0,5399.571428571428,6377.0,2437.886985153509,5630.7,6665.0,3419.7347865506904,3860.0,0,1,1,0,0,0,0,0,1,6844
872,1,2015-01-24,-0.7818314824680299,0.6234898018587334,0.49999999999999994,0.8660254037844387,0.401487989205973,0.9158642882672872,6844.0,6377.0,6364.0,5090.857142857143,5906.0,2430.2983649867037,5771.233333333334,6665.0,3263.4184497488186,3860.0,0,1,1,0,0,0,0,0,1,4216
872,1,2015-01-25,-2.4492935982947064e-16,1.0,0.49999999999999994,0.8660254037844387,0.4171936026123168,0.9088176373395029,4216.0,0.0,0.0,5090.857142857143,5906.0,2430.2983649867037,5771.233333333334,6665.0,3263.4184497488186,3860.0,0,1,1,0,0,0,0,0,1,0
872,1,2015-01-26,0.7818314824680298,0.6234898018587336,0.49999999999999994,0.8660254037844387,0.4327755925504312,0.901501684131884,0.0,6663.0,9426.0,5433.571428571428,5906.0,2825.900202126902,5865.866666666667,6755.5,3317.6824455025017,3860.0,1,1,1,0,0,0,0,0,1,9062
872,1,2015-01-27,0.9749279121818236,-0.22252093395631434,0.49999999999999994,0.8660254037844387,0.4482293417404106,0.893918596519257,9062.0,5340.0,7965.0,5769.142857142857,6667.0,2949.695375716573,6122.166666666667,6857.5,3141.2067753885885,3860.0,1,1,1,0,0,0,0,0,1,7689
872,1,2015-01-28,0.43388373911755823,-0.900968867902419,0.49999999999999994,0.8660254037844387,0.4635502709028509,0.886070621534138,7689.0,5906.0,6871.0,5934.714285714285,6844.0,2990.898288379012,6122.533333333334,6857.5,3141.319937084805,3860.0,1,1,1,0,0,0,0,0,1,7065
872,1,2015-01-29,-0.433883739117558,-0.9009688679024191,0.49999999999999994,0.8660254037844387,0.47873384011578846,0.8779600847008882,7065.0,6667.0,7861.0,6149.142857142857,7065.0,3103.822934628158,6136.266666666666,6857.5,3149.5971273113432,3860.0,1,1,1,0,0,0,0,0,1,8168
872,1,2015-01-30,-0.9749279121818236,-0.2225209339563146,0.49999999999999994,0.8660254037844387,0.4937755501599772,0.869589389346611,8168.0,6844.0,8301.0,6607.714285714285,7689.0,3442.2707967408946,6310.666666666667,6968.0,3218.4156343459335,3860.0,1,1,1,0,0,0,0,0,1,10054
872,1,2015-01-31,-0.7818314824680299,0.6234898018587334,0.49999999999999994,0.8660254037844387,0.5086709438521044,0.8609610158889943,10054.0,4216.0,6377.0,6974.142857142857,7689.0,3277.834927131593,6536.7,6968.0,2989.935671664139,3860.0,0,1,1,0,0,0,0,0,1,6781
872,1,2015-02-01,-2.4492935982947064e-16,1.0,0.8660254037844386,0.5000000000000001,0.5234156073655503,0.8520775211013093,6781.0,0.0,0.0,6974.142857142857,7689.0,3277.834927131593,6261.333333333333,6857.5,3198.772268072322,3860.0,0,1,1,0,0,0,0,0,1,0
872,1,2015-02-02,0.7818314824680298,0.6234898018587336,0.8660254037844386,0.5000000000000001,0.5380051715382996,0.8429415373547828,0.0,9062.0,6663.0,7119.142857142857,7689.0,3405.5496584531616,6421.6,6968.0,3267.057102400395,3860.0,1,1,1,0,0,0,0,0,1,10077
872,1,2015-02-03,0.9749279121818236,-0.22252093395631434,0.8660254037844386,0.5000000000000001,0.5524353131676196,0.8335557718385699,10077.0,7689.0,5340.0,7337.428571428572,8168.0,3495.934250771067,6728.833333333333,7281.5,3069.7733610978134,3860.0,1,1,1,0,0,0,0,0,1,9217
872,1,2015-02-04,0.43388373911755823,-0.900968867902419,0.8660254037844386,0.5000000000000001,0.5667017562911176,0.8239230057575542,9217.0,7065.0,5906.0,7432.0,8168.0,3496.2904150923514,6612.566666666667,7281.5,2958.021550868473,3860.0,1,1,1,0,0,0,0,0,1,7727
872,1,2015-02-05,-0.433883739117558,-0.9009688679024191,0.8660254037844386,0.5000000000000001,0.5808002734538009,0.8140460935082178,7727.0,8168.0,6667.0,7495.142857142857,8610.0,3515.7350785941094,6600.4,7281.5,2948.7055090853632,3860.0,1,1,1,0,0,0,0,0,1,8610
872,1,2015-02-06,-0.9749279121818236,-0.2225209339563146,0.8660254037844386,0.5000000000000001,0.5947266869607634,0.8039279618328213,8610.0,10054.0,6844.0,7377.0,8610.0,3428.2219395288057,6634.866666666667,7281.5,2973.8983788650403,3860.0,1,1,1,0,0,0,0,0,1,9227
872,1,2015-02-07,-0.7818314824680299,0.6234898018587334,0.8660254037844386,0.5000000000000001,0.6084768701151261,0.7935716089521474,9227.0,6781.0,4216.0,7402.0,8610.0,3423.7865003530787,6616.8,7010.5,2970.1179054734207,3860.0,0,1,1,0,0,0,0,0,1,6956
872,1,2015-02-08,-2.4492935982947064e-16,1.0,0.8660254037844386,0.5000000000000001,0.6220467484408675,0.7829801036770629,6956.0,0.0,0.0,7402.0,8610.0,3423.786500353079,6314.466666666666,6913.5,3166.898294734998,3860.0,0,1,1,0,0,0,0,0,1,0
872,1,2015-02-09,0.7818314824680298,0.6234898018587336,0.8660254037844386,0.5000000000000001,0.6354323008901774,0.7721565844991642,0.0,10077.0,9062.0,6944.285714285715,7727.0,3214.332056808777,6331.433333333333,6914.5,3168.535881654707,3860.0,0,1,1,0,0,0,0,0,1,6873
872,1,2015-02-10,0.9749279121818236,-0.22252093395631434,0.8660254037844386,0.5000000000000001,0.6486295610349814,0.7611042586607747,6873.0,9217.0,7689.0,6575.285714285715,6956.0,3054.21848783425,6552.566666666667,6914.5,2934.259404691926,3860.0,0,1,1,0,0,0,0,0,1,6634
872,1,2015-02-11,0.43388373911755823,-0.900968867902419,0.8660254037844386,0.5000000000000001,0.6616346182422783,0.7498264012045686,6634.0,7727.0,7065.0,6603.428571428572,6956.0,3067.478435520112,6502.5,6914.5,2896.1060629034696,3860.0,0,1,1,0,0,0,0,0,1,7924
872,1,2015-02-12,-0.433883739117558,-0.9009688679024191,0.8660254037844386,0.5000000000000001,0.6744436188329455,0.7383263540031065,7924.0,8610.0,8168.0,5949.714285714285,6873.0,3056.1626655162154,6371.466666666666,6872.0,2916.5105122073755,3860.0,0,1,1,0,0,0,0,0,1,4034
872,1,2015-02-13,-0.9749279121818236,-0.2225209339563146,0.8660254037844386,0.5000000000000001,0.6870527672236669,0.7266075247685656,4034.0,9227.0,10054.0,5604.857142857143,6813.0,2745.0852098839737,6369.533333333334,6858.5,2916.187162686258,3860.0,0,1,1,0,0,0,0,0,1,6813
872,1,2015-02-14,-0.7818314824680299,0.6234898018587334,0.8660254037844386,0.5000000000000001,0.6994583270516471,0.7146733860429609,6813.0,6956.0,6781.0,5488.857142857143,6634.0,2695.1763348972927,6312.3,6828.5,2902.724061267641,3860.0,0,1,1,0,0,0,0,0,1,6144
872,1,2015-02-15,-2.4492935982947064e-16,1.0,0.8660254037844386,0.5000000000000001,0.7116566222817746,0.702527474169157,6144.0,0.0,0.0,5488.857142857143,6634.0,2695.1763348972927,6035.6,6797.0,3095.8354629716923,3860.0,0,1,1,0,0,0,0,0,1,0
872,1,2015-02-16,0.7818314824680298,0.6234898018587336,0.8660254037844386,0.5000000000000001,0.7236440382959124,0.6901733882429719,0.0,6873.0,10077.0,5064.285714285715,6144.0,2674.8042117935447,5953.066666666667,6797.0,3119.3353064431917,3860.0,1,1,1,0,0,0,0,0,1,3901
872,1,2015-02-17,0.9749279121818236,-0.22252093395631434,0.8660254037844386,0.5000000000000001,0.7354170229639855,0.6776147890466889,3901.0,6634.0,9217.0,5377.142857142857,6144.0,2997.6033998608063,6247.2,6828.5,2950.073948810151,3860.0,1,1,1,0,0,0,0,0,1,8824
872,1,2015-02-18,0.43388373911755823,-0.900968867902419,0.8660254037844386,0.5000000000000001,0.7469720876965552,0.6648553979642865,8824.0,7924.0,7727.0,5377.0,6144.0,2997.461815158494,6289.2,6858.5,2965.1286463921274,3860.0,1,1,1,0,0,0,0,0,1,7923
872,1,2015-02-19,-0.433883739117558,-0.9009688679024191,0.8660254037844386,0.5000000000000001,0.7583058084785625,0.6518989958787126,7923.0,4034.0,8610.0,6025.857142857143,6813.0,3146.2015949697848,6397.066666666667,6914.5,2988.178235617167,3860.0,1,1,1,0,0,0,0,0,1,8576
872,1,2015-02-20,-0.9749279121818236,-0.2225209339563146,0.8660254037844386,0.5000000000000001,0.7694148268839378,0.6387494220515272,8576.0,6813.0,9227.0,6350.285714285715,7923.0,3351.302568369776,6503.0,7010.5,3026.257925967777,3860.0,1,1,1,0,0,0,0,0,1,9084
872,1,2015-02-21,-0.7818314824680299,0.6234898018587334,0.8660254037844386,0.5000000000000001,0.7802958510707755,0.6254105729852463,9084.0,6144.0,6956.0,6398.857142857143,7923.0,3350.278218724095,6496.9,7010.5,3026.1003852118556,3860.0,0,1,1,0,0,0,0,0,1,6484
872,1,2015-02-22,-2.4492935982947064e-16,1.0,0.8660254037844386,0.5000000000000001,0.7909456567567772,0.6118864012687243,6484.0,0.0,0.0,6398.857142857143,7923.0,3350.278218724095,6268.766666666666,7010.5,3248.8146876534347,3860.0,0,1,1,0,0,0,0,0,1,0
872,1,2015-02-23,0.7818314824680298,0.6234898018587336,0.8660254037844386,0.5000000000000001,0.8013610881746766,0.5981809144059164,0.0,3901.0,6873.0,6693.0,7923.0,3180.509655175822,6326.9,7010.5,3226.3420661154705,3860.0,0,1,1,0,0,0,0,0,1,5960
872,1,2015-02-24,0.9749279121818236,-0.22252093395631434,0.8660254037844386,0.5000000000000001,0.8115390590073611,0.5842981736283683,5960.0,8824.0,6634.0,6268.428571428572,6484.0,3044.069198575196,6521.966666666666,7010.5,2999.560582569683,3860.0,0,1,1,0,0,0,0,0,1,5852
872,1,2015-02-25,0.43388373911755823,-0.900968867902419,0.8660254037844386,0.5000000000000001,0.8214765533024142,0.5702422926917871,5852.0,7923.0,7924.0,6013.142857142857,6136.0,2955.838258349694,6424.433333333333,6914.5,2961.4498159927866,3860.0,0,1,1,0,0,0,0,0,1,6136
872,1,2015-02-26,-0.433883739117558,-0.9009688679024191,0.8660254037844386,0.5000000000000001,0.8311706263658079,0.5560174366570446,6136.0,8576.0,4034.0,5797.142857142857,6136.0,2787.811293743489,6403.6,6914.5,2954.437114251884,3860.0,0,1,1,0,0,0,0,0,1,7064
872,1,2015-02-27,-0.9749279121818236,-0.2225209339563146,0.8660254037844386,0.5000000000000001,0.8406184056344782,0.5416278206559814,7064.0,9084.0,6813.0,5591.571428571428,6136.0,2547.766332636142,6422.933333333333,6914.5,2960.8052950848237,3860.0,0,1,1,0,0,0,0,0,1,7645
872,1,2015-02-28,-0.7818314824680299,0.6234898018587334,0.8660254037844386,0.5000000000000001,0.8498170915275278,0.5270777086423722,7645.0,6484.0,6144.0,5737.571428571428,6136.0,2635.212695852251,6400.866666666667,6914.5,2949.7974183315428,3860.0,0,1,1,0,0,0,0,0,1,7506
872,1,2015-03-01,-2.4492935982947064e-16,1.0,1.0,6.123233995736766e-17,0.8587639582758029,0.5123714121284237,7506.0,0.0,0.0,5737.571428571428,6136.0,2635.212695852251,6065.733333333334,6843.0,3088.3212707334087,3860.0,0,1,1,0,0,0,0,0,1,0
872,1,2015-03-02,0.7818314824680298,0.6234898018587336,1.0,6.123233995736766e-17,0.8674563547295968,0.49751328890718066,0.0,5960.0,3901.0,6459.285714285715,7064.0,3311.3465898475793,6206.766666666666,6914.5,3216.076831336203,3860.0,1,1,1,0,0,0,0,0,1,11012
872,1,2015-03-03,0.9749279121818236,-0.22252093395631434,1.0,6.123233995736766e-17,0.8758917051442429,0.48250774176121847,11012.0,5852.0,8824.0,6840.714285714285,7506.0,3382.74241379612,6490.833333333333,7010.0,3019.2879508064625,3860.0,1,1,1,0,0,0,0,0,1,8522
872,1,2015-03-04,0.43388373911755823,-0.900968867902419,1.0,6.123233995736766e-17,0.8840675099433636,0.46735921715800227,8522.0,6136.0,7923.0,7066.285714285715,7645.0,3380.563400494343,6412.1,7010.0,2952.607945412052,3860.0,1,1,1,0,0,0,0,0,1,7715
872,1,2015-03-05,-0.433883739117558,-0.9009688679024191,1.0,6.123233995736766e-17,0.8919813464595485,0.45207220393230435,7715.0,7064.0,8576.0,7152.285714285715,7666.0,3388.1443650020597,6360.4,7010.0,2915.1419862504185,3860.0,1,1,1,0,0,0,0,0,1,7666
872,1,2015-03-06,-0.9749279121818236,-0.2225209339563146,1.0,6.123233995736766e-17,0.8996308696522433,0.43665123195606403,7666.0,7645.0,9084.0,7270.714285714285,7715.0,3422.550643125954,6385.3,7010.0,2930.3679908961944,3860.0,1,1,1,0,0,0,0,0,1,8474
872,1,2015-03-07,-0.7818314824680299,0.6234898018587334,1.0,6.123233995736766e-17,0.9070138128026359,0.4211008707960896,8474.0,7506.0,6484.0,7103.714285714285,7715.0,3437.6435104242382,6309.533333333334,6914.5,2900.091945431051,3860.0,0,1,1,0,0,0,0,0,1,6337
872,1,2015-03-08,-2.4492935982947064e-16,1.0,1.0,6.123233995736766e-17,0.9141279881853337,0.40542572835999735,6337.0,0.0,0.0,7103.714285714285,7715.0,3437.6435104242382,6001.966666666666,6843.0,3064.6265844795676,3860.0,0,1,1,0,0,0,0,0,1,0
872,1,2015-03-09,0.7818314824680298,0.6234898018587336,1.0,6.123233995736766e-17,0.9209712877166346,0.38963044953078796,0.0,11012.0,5960.0,6538.0,7666.0,2983.066263651093,6005.166666666667,6843.0,3065.707040948236,3860.0,0,1,1,0,0,0,0,0,1,7052
872,1,2015-03-10,0.9749279121818236,-0.22252093395631434,1.0,6.123233995736766e-17,0.9275416835791966,0.37371971479046906,7052.0,8522.0,5852.0,6180.428571428572,7052.0,2852.7825514248775,6205.8,6843.0,2848.404167854049,3860.0,0,1,1,0,0,0,0,0,1,6019
872,1,2015-03-11,0.43388373911755823,-0.900968867902419,1.0,6.123233995736766e-17,0.9338372288229252,0.35769823883312546,6019.0,7715.0,6136.0,5915.142857142857,6337.0,2771.48049656805,6171.966666666666,6723.5,2846.233148704029,3860.0,0,1,1,0,0,0,0,0,1,5858
872,1,2015-03-12,-0.433883739117558,-0.9009688679024191,1.0,6.123233995736766e-17,0.9398560579418954,0.3415707691678556,5858.0,7666.0,7064.0,5688.142857142857,6077.0,2667.2900997436354,6153.4,6648.5,2844.931689380506,3860.0,0,1,1,0,0,0,0,0,1,6077
872,1,2015-03-13,-0.9749279121818236,-0.2225209339563146,1.0,6.123233995736766e-17,0.9455963874271426,0.3253420847119801,6077.0,8474.0,7645.0,5455.428571428572,6077.0,2445.5689765466745,6117.433333333333,6648.5,2828.548618727596,3860.0,0,1,1,0,0,0,0,0,1,6845
872,1,2015-03-14,-0.7818314824680299,0.6234898018587334,1.0,6.123233995736766e-17,0.9510565162951535,0.30901699437494745,6845.0,6337.0,7506.0,5484.571428571428,6077.0,2459.0037858953265,6201.0,6677.0,2801.779877641829,3860.0,0,1,1,0,0,0,0,0,1,6541
872,1,2015-03-15,-2.4492935982947064e-16,1.0,1.0,6.123233995736766e-17,0.9562348265919056,0.29260033563334836,6541.0,0.0,0.0,5484.571428571428,6077.0,2459.0037858953265,5973.9,6512.5,3018.219209492872,3860.0,0,1,1,0,0,0,0,0,1,0
872,1,2015-03-16,0.7818314824680298,0.6234898018587336,1.0,6.123233995736766e-17,0.9611297838723007,0.27609697309746883,0.0,7052.0,11012.0,6003.0,6077.0,3134.34889570385,6125.133333333333,6693.0,3138.314282116018,3860.0,1,1,1,0,0,0,0,0,1,10681
872,1,2015-03-17,0.9749279121818236,-0.22252093395631434,1.0,6.123233995736766e-17,0.9657399376548549,0.2595117970697999,10681.0,6019.0,8522.0,6210.142857142857,6541.0,3183.1169435304178,6374.1,6948.5,2924.631817086943,3860.0,1,1,1,0,0,0,0,0,1,7469
872,1,2015-03-18,0.43388373911755823,-0.900968867902419,1.0,6.123233995736766e-17,0.970063921851507,0.2428497220959356,7469.0,5858.0,7715.0,6468.0,6845.0,3222.6996447078272,6499.5,7058.0,2895.44202747746,3860.0,1,1,1,0,0,0,0,0,1,7663
872,1,2015-03-19,-0.433883739117558,-0.9009688679024191,1.0,6.123233995736766e-17,0.9741004551724205,0.22611568550828828,7663.0,6077.0,7666.0,6755.285714285715,7469.0,3271.3031406604923,6474.966666666666,7058.0,2878.1335365168547,3860.0,1,1,1,0,0,0,0,0,1,8088
872,1,2015-03-20,-0.9749279121818236,-0.2225209339563146,1.0,6.123233995736766e-17,0.9778483415056568,0.20931464596304847,8088.0,6845.0,8474.0,7028.285714285715,7663.0,3358.612099974513,6502.733333333334,7058.0,2896.5443731707537,3860.0,1,1,1,0,0,0,0,0,1,8756
872,1,2015-03-21,-0.7818314824680299,0.6234898018587334,1.0,6.123233995736766e-17,0.9813064702716093,0.19245158197082998,8756.0,6541.0,6337.0,7085.428571428572,7663.0,3352.336640670344,6448.233333333334,6996.5,2871.4627136865256,3860.0,0,1,1,0,0,0,0,0,1,6941
872,1,2015-03-22,-2.4492935982947064e-16,1.0,1.0,6.123233995736766e-17,0.9844738167520922,0.1755314904214282,6941.0,0.0,0.0,7085.428571428572,7663.0,3352.336640670344,6145.433333333333,6893.0,3056.9054521980565,3860.0,0,1,1,0,0,0,0,0,1,0
872,1,2015-03-23,0.7818314824680298,0.6234898018587336,1.0,6.123233995736766e-17,0.9873494423939864,0.15855938510313478,0.0,10681.0,7052.0,6500.142857142857,7469.0,2953.9337291466845,6148.766666666666,6893.0,3057.3418551971376,3860.0,0,1,1,0,0,0,0,0,1,6584
872,1,2015-03-24,0.9749279121818236,-0.22252093395631434,1.0,6.123233995736766e-17,0.989932495087353,0.141540295217043,6584.0,7469.0,6019.0,6288.142857142857,6941.0,2925.930816485089,6348.266666666666,6893.0,2829.0263822142774,3860.0,0,1,1,0,0,0,0,0,1,5985
872,1,2015-03-25,0.43388373911755823,-0.900968867902419,1.0,6.123233995736766e-17,0.9922222094179323,0.12447926388678915,5985.0,7663.0,5858.0,6133.428571428572,6584.0,2869.1990669373636,6368.933333333333,6893.0,2828.356741549994,3860.0,0,1,1,0,0,0,0,0,1,6580
872,1,2015-03-26,-0.433883739117558,-0.9009688679024191,1.0,6.123233995736766e-17,0.994217906893952,0.10738134666416309,6580.0,8088.0,6077.0,5890.0,6580.0,2745.3431479507162,6386.666666666667,6893.0,2826.671166771527,3860.0,0,1,1,0,0,0,0,0,1,6384
872,1,2015-03-27,-0.9749279121818236,-0.2225209339563146,1.0,6.123233995736766e-17,0.995918996147179,0.09025161003104117,6384.0,8756.0,6845.0,5663.142857142857,6580.0,2525.8837680154156,6421.066666666667,6996.5,2829.793302227809,3860.0,0,1,1,0,0,0,0,0,1,7168
872,1,2015-03-28,-0.7818314824680299,0.6234898018587334,1.0,6.123233995736766e-17,0.9973249731081555,0.07309512989807777,7168.0,6941.0,6541.0,5544.428571428572,6384.0,2474.8280652160247,6389.266666666666,6893.0,2827.6786864888,3860.0,0,1,1,0,0,0,0,0,1,6110
872,1,2015-03-29,-2.4492935982947064e-16,1.0,1.0,6.123233995736766e-17,0.9984354211555643,0.055916990100603484,6110.0,0.0,0.0,5544.428571428572,6384.0,2474.8280652160247,6134.433333333333,6714.5,3046.6199324240833,3860.0,0,1,1,0,0,0,0,0,1,0
872,1,2015-03-30,0.7818314824680298,0.6234898018587336,1.0,6.123233995736766e-17,0.9992500112396835,0.03872228089217446,0.0,6584.0,10681.0,6210.571428571428,6384.0,3293.4539041935254,6259.133333333333,6714.5,3178.4052467619226,3860.0,1,1,1,0,0,0,0,0,1,11247
872,1,2015-03-31,0.9749279121818236,-0.22252093395631434,1.0,6.123233995736766e-17,0.9997685019798909,0.021516097436222254,11247.0,5985.0,7469.0,6696.571428571428,6580.0,3499.201711683336,6572.033333333334,6893.0,2997.9023986704524,3860.0,1,1,1,0,0,0,0,0,1,9387
872,1,2015-04-01,0.43388373911755823,-0.900968867902419,0.8660254037844387,-0.49999999999999983,0.9999907397361901,0.004303538296244289,9387.0,6580.0,7663.0,7325.428571428572,7168.0,3852.478762958675,6571.033333333334,6893.0,2996.3749188015536,3860.0,1,1,1,0,0,0,0,0,1,10982
872,1,2015-04-02,-0.433883739117558,-0.9009688679024191,0.8660254037844387,-0.49999999999999983,0.9999166586547379,-0.01291029607500882,10982.0,6384.0,8088.0,8179.428571428572,9387.0,4250.982390661515,6699.033333333334,6893.0,3160.134877995947,3860.0,1,1,1,0,0,0,0,0,1,12362
872,1,2015-04-03,-0.9749279121818236,-0.2225209339563146,0.8660254037844387,-0.49999999999999983,0.9995462806873573,-0.030120304846908114,12362.0,7168.0,8756.0,7155.428571428572,9387.0,5275.179929226516,6441.866666666667,6714.5,3380.8177926540893,3860.0,1,1,1,0,0,0,0,0,1,0
872,1,2015-04-04,-0.7818314824680299,0.6234898018587334,0.8660254037844387,-0.49999999999999983,0.9988797155850336,-0.04732138832243185,0.0,6110.0,6941.0,7648.714285714285,9563.0,5322.363250608565,6505.1,6714.5,3421.992546697786,3860.0,0,1,1,0,0,0,0,0,1,9563
872,1,2015-04-05,-2.4492935982947064e-16,1.0,0.8660254037844387,-0.49999999999999983,0.9979171608653922,-0.06450844944931623,9563.0,0.0,0.0,7648.714285714285,9563.0,5322.363250608565,6222.633333333333,6582.0,3599.0280918252315,3860.0,0,1,1,0,0,0,0,0,1,0
872,1,2015-04-06,0.7818314824680298,0.6234898018587336,0.8660254037844387,-0.49999999999999983,0.9966589017541702,-0.08167639533042241,0.0,11247.0,6584.0,6042.0,9387.0,5736.575023478727,6011.4,6582.0,3773.805329116622,3860.0,0,1,1,0,0,0,0,0,1,0
872,1,2015-04-07,0.9749279121818236,-0.22252093395631434,0.8660254037844387,-0.49999999999999983,0.9951053111006976,-0.09882013873287143,0.0,9387.0,5985.0,5648.428571428572,6632.0,5560.643603551142,6232.466666666666,6608.0,3599.754270668408,3860.0,0,1,1,0,0,0,0,0,1,6632
872,1,2015-04-08,0.43388373911755823,-0.900968867902419,0.8660254037844387,-0.49999999999999983,0.9932568492674143,-0.11593459959550041,6632.0,10982.0,6580.0,4928.142857142857,5940.0,5058.505920017993,6195.4,6582.0,3596.748422366116,3860.0,0,1,1,0,0,0,0,0,1,5940
872,1,2015-04-09,-0.433883739117558,-0.9009688679024191,0.8660254037844387,-0.49999999999999983,0.9911140639934547,-0.1330147065341959,5940.0,12362.0,6384.0,4051.5714285714284,5940.0,3970.1899978524375,6202.3,6582.0,3596.5968986980147,3860.0,0,1,1,0,0,0,0,0,1,6226
872,1,2015-04-10,-0.9749279121818236,-0.2225209339563146,0.8660254037844387,-0.49999999999999983,0.9886775902323405,-0.1500553983446526,6226.0,0.0,7168.0,4978.714285714285,6226.0,3607.5845434438784,6223.366666666667,6582.0,3596.3615855504613,3860.0,0,1,1,0,0,0,0,0,1,6490
872,1,2015-04-11,-0.7818314824680299,0.6234898018587334,0.8660254037844387,-0.49999999999999983,0.9859481499638304,-0.16705162550211924,6490.0,9563.0,6110.0,4619.142857142857,6226.0,3173.8764641245475,6255.666666666667,6608.0,3599.3518892973693,3860.0,0,1,1,0,0,0,0,0,1,7046
872,1,2015-04-12,-2.4492935982947064e-16,1.0,0.8660254037844387,-0.49999999999999983,0.9829265519799822,-0.18399835165768005,7046.0,0.0,0.0,4619.142857142857,6226.0,3173.8764641245475,6027.5,6582.0,3773.4505269461783,3860.0,0,1,1,0,0,0,0,0,1,0
872,1,2015-04-13,0.7818314824680298,0.6234898018587336,0.8660254037844387,-0.49999999999999983,0.9796136916454901,-0.20089055513063506,0.0,0.0,11247.0,6221.428571428572,6490.0,3282.5741350929025,6183.333333333333,6608.0,3890.116861406909,3860.0,1,1,1,0,0,0,0,0,1,11216
872,1,2015-04-14,0.9749279121818236,-0.22252093395631434,0.8660254037844387,-0.49999999999999983,0.9760105506323683,-0.21772323039653177,11216.0,6632.0,9387.0,6398.142857142857,6490.0,3341.1346589929262,6445.633333333333,6786.5,3720.405469961516,3860.0,1,1,1,0,0,0,0,0,1,7869
872,1,2015-04-15,0.43388373911755823,-0.900968867902419,0.8660254037844387,-0.49999999999999983,0.9721181966290613,-0.23449138957040985,7869.0,5940.0,10982.0,6595.428571428572,7046.0,3350.3334091372044,6333.633333333333,6786.5,3638.1726417618506,3860.0,1,1,1,0,0,0,0,0,1,7321
872,1,2015-04-16,-0.433883739117558,-0.9009688679024191,0.8660254037844387,-0.49999999999999983,0.9679377830240642,-0.25119006388481935,7321.0,6226.0,12362.0,6960.857142857143,7321.0,3441.584055275098,6377.466666666666,6786.5,3660.1785497557335,3860.0,1,1,1,0,0,0,0,0,1,8784
872,1,2015-04-17,-0.9749279121818236,-0.2225209339563146,0.8660254037844387,-0.49999999999999983,0.9634705485641488,-0.2678143051621742,8784.0,6490.0,0.0,7377.285714285715,7869.0,3549.770965113368,6435.533333333334,6786.5,3694.929020206998,3860.0,1,1,1,0,0,0,0,0,1,9405
872,1,2015-04-18,-0.7818314824680299,0.6234898018587334,0.8660254037844387,-0.49999999999999983,0.9587178169872964,-0.2843591872810034,9405.0,7046.0,9563.0,7235.857142857143,7869.0,3584.7193022872048,6367.8,6608.0,3682.195179228155,3860.0,0,1,1,0,0,0,0,0,1,6056
872,1,2015-04-19,-2.4492935982947064e-16,1.0,0.8660254037844387,-0.49999999999999983,0.9536809966304457,-0.30081980763566735,6056.0,0.0,0.0,7235.857142857143,7869.0,3584.7193022872048,6075.933333333333,6582.0,3830.405001845231,3860.0,0,1,1,0,0,0,0,0,1,0
872,1,2015-04-20,0.7818314824680298,0.6234898018587336,0.8660254037844387,-0.49999999999999983,0.9483615800121715,-0.3171912885891061,0.0,11216.0,0.0,6549.428571428572,7321.0,3126.2820760525733,6058.266666666666,6535.0,3827.498678423466,3860.0,0,1,1,0,0,0,0,0,1,6411
872,1,2015-04-21,0.9749279121818236,-0.22252093395631434,0.8660254037844387,-0.49999999999999983,0.9427611433904207,-0.3334687789181868,6411.0,7869.0,6632.0,6213.285714285715,6411.0,3087.0050056263053,6242.133333333333,6535.0,3655.0385038146796,3860.0,0,1,1,0,0,0,0,0,1,5516
872,1,2015-04-22,0.43388373911755823,-0.900968867902419,0.8660254037844387,-0.49999999999999983,0.9368813462954315,-0.3496474552512284,5516.0,7321.0,5940.0,6074.857142857143,6352.0,3050.5647798711693,6234.4,6450.5,3654.535638221978,3860.0,0,1,1,0,0,0,0,0,1,6352
872,1,2015-04-23,-0.433883739117558,-0.9009688679024191,0.8660254037844387,-0.49999999999999983,0.9307239310379795,-0.36572252349726897,6352.0,8784.0,6226.0,5733.571428571428,6352.0,2822.0376123847527,6248.066666666667,6450.5,3654.3374316513045,3860.0,0,1,1,0,0,0,0,0,1,6395
872,1,2015-04-24,-0.9749279121818236,-0.2225209339563146,0.8660254037844387,-0.49999999999999983,0.9242907221930934,-0.3816892202666588,6395.0,9405.0,6490.0,5261.0,6097.0,2340.683803222171,6231.966666666666,6403.0,3653.888552018897,3860.0,0,1,1,0,0,0,0,0,1,6097
872,1,2015-04-25,-0.7818314824680299,0.6234898018587334,0.8660254037844387,-0.49999999999999983,0.9175836260593937,-0.39754281428255595,6097.0,6056.0,7046.0,5229.285714285715,6097.0,2329.594651027336,6213.633333333333,6403.0,3654.479183454038,3860.0,0,1,1,0,0,0,0,0,1,5834
872,1,2015-04-26,-2.4492935982947064e-16,1.0,0.8660254037844387,-0.49999999999999983,0.9106046300942163,-0.4132786077829042,5834.0,0.0,0.0,5229.285714285715,6097.0,2329.594651027336,5974.7,6373.5,3820.485049093227,3860.0,0,1,1,0,0,0,0,0,1,0
872,1,2015-04-27,0.7818314824680298,0.6234898018587336,0.8660254037844387,-0.49999999999999983,0.9033558023246845,-0.4288919379124835,0.0,6411.0,11216.0,5789.142857142857,6097.0,3027.342752787846,6115.366666666667,6403.0,3902.447476801635,3860.0,1,1,1,0,0,0,0,0,1,10330
872,1,2015-04-28,0.9749279121818236,-0.22252093395631434,0.8660254037844387,-0.49999999999999983,0.895839290734909,-0.4443781781046132,10330.0,5516.0,7869.0,6159.0,6352.0,3144.303102437798,6385.533333333334,6450.5,3741.726613553527,3860.0,1,1,1,0,0,0,0,0,1,8105
872,1,2015-04-29,0.43388373911755823,-0.900968867902419,0.8660254037844387,-0.49999999999999983,0.8880573226294932,-0.45973273945210397,8105.0,6352.0,7321.0,6494.142857142857,6395.0,3289.956404400689,6300.566666666667,6450.5,3655.4733990639847,3860.0,1,1,1,0,0,0,0,0,1,8698
872,1,2015-04-30,-0.433883739117558,-0.9009688679024191,0.8660254037844387,-0.49999999999999983,0.8800122039735357,-0.47495107206704995,8698.0,6395.0,8784.0,7105.571428571428,8105.0,3646.8182870891173,6343.5,6450.5,3700.2627376425908,3860.0,1,1,1,0,0,0,0,0,1,10675
872,1,2015-05-01,-0.9749279121818236,-0.2225209339563146,0.49999999999999994,-0.8660254037844387,0.8717063187093218,-0.49002866642905923,10675.0,6097.0,9405.0,6234.571428571428,8105.0,4545.274903939355,5977.433333333333,6403.0,3768.1539949801822,3860.0,1,1,1,0,0,0,0,0,1,0
872,1,2015-05-02,-0.7818314824680299,0.6234898018587334,0.49999999999999994,-0.8660254037844387,0.8631421280499114,-0.5049610547215204,0.0,5834.0,6056.0,6643.0,8693.0,4630.926113280867,5855.133333333333,6403.0,3610.0121475899746,3860.0,0,1,1,0,0,0,0,0,1,8693
872,1,2015-05-03,-2.4492935982947064e-16,1.0,0.49999999999999994,-0.8660254037844387,0.854322169749827,-0.5197438121555155,8693.0,0.0,0.0,6643.0,8693.0,4630.926113280867,5855.133333333333,6403.0,3610.0121475899746,3860.0,0,1,1,0,0,0,0,0,1,0
872,1,2015-05-04,0.7818314824680298,0.6234898018587336,0.49999999999999994,-0.8660254037844387,0.8452490573530633,-0.5343725582809787,0.0,10330.0,6411.0,6622.142857142857,8693.0,4611.842127558551,5875.833333333333,6403.0,3633.70903968074,3860.0,1,1,1,0,0,0,0,0,1,10184
872,1,2015-05-05,0.9749279121818236,-0.22252093395631434,0.49999999999999994,-0.8660254037844387,0.835925479418637,-0.548842958284719,10184.0,8105.0,5516.0,6592.714285714285,8693.0,4601.448384812678,6139.133333333333,6450.5,3476.023190801314,3860.0,1,1,1,0,0,0,0,0,1,7899
872,1,2015-05-06,0.43388373911755823,-0.900968867902419,0.49999999999999994,-0.8660254037844387,0.8263541987239096,-0.5631507242749186,7899.0,8698.0,6352.0,6541.285714285715,8338.0,4575.937853390844,6417.066666666667,6561.0,3296.9579911491633,3860.0,1,1,1,0,0,0,0,0,1,8338
872,1,2015-05-07,-0.433883739117558,-0.9009688679024191,0.49999999999999994,-0.8660254037844387,0.8165380514459161,-0.5772916165517272,8338.0,10675.0,6395.0,6285.142857142857,8338.0,4350.619282683456,6492.066666666667,6768.0,3327.4665617463766,3860.0,1,1,1,0,0,0,0,0,1,8882
872,1,2015-05-08,-0.9749279121818236,-0.2225209339563146,0.49999999999999994,-0.8660254037844387,0.8064799463209448,-0.5912614448635781,8882.0,0.0,6097.0,7486.428571428572,8409.0,3378.2013388361383,6574.366666666667,7183.5,3343.83444445954,3860.0,1,1,1,0,0,0,0,0,1,8409
872,1,2015-05-09,-0.7818314824680299,0.6234898018587334,0.49999999999999994,-0.8660254037844387,0.7961828637826158,-0.6050560696488488,8409.0,8693.0,5834.0,7339.0,8338.0,3339.0612453203053,6622.2,7491.0,3348.9391361938856,3860.0,0,1,1,0,0,0,0,0,1,7661
872,1,2015-05-10,-2.4492935982947064e-16,1.0,0.49999999999999994,-0.8660254037844387,0.7856498550787145,-0.6186714032625031,7661.0,0.0,0.0,7339.0,8338.0,3339.0612453203053,6405.866666666667,7491.0,3560.6976237552267,3860.0,0,1,1,0,0,0,0,0,1,0
872,1,2015-05-11,0.7818314824680298,0.6234898018587336,0.49999999999999994,-0.8660254037844387,0.7748840413670407,-0.6321034111873487,0.0,10184.0,10330.0,6780.0,7899.0,3102.5584066487195,6380.033333333334,7491.0,3558.704030705693,3860.0,0,1,1,0,0,0,0,0,1,6271
872,1,2015-05-12,0.9749279121818236,-0.22252093395631434,0.49999999999999994,-0.8660254037844387,0.7638886127905428,-0.6453481132295501,6271.0,7899.0,8105.0,6573.142857142857,7661.0,3063.5426893588046,6595.066666666667,7491.0,3348.596658543577,3860.0,0,1,1,0,0,0,0,0,1,6451
872,1,2015-05-13,0.43388373911755823,-0.900968867902419,0.49999999999999994,-0.8660254037844387,0.7526668275320084,-0.6584015846980488,6451.0,8338.0,8698.0,6551.857142857143,7661.0,3049.723070956407,6494.166666666667,7491.0,3248.6711456599755,3860.0,0,1,1,0,0,0,0,0,1,8189
872,1,2015-05-14,-0.433883739117558,-0.9009688679024191,0.49999999999999994,-0.8660254037844387,0.741222010848596,-0.6712599575675313,8189.0,8882.0,10675.0,5283.0,6451.0,3697.5699677851408,6231.866666666667,6886.0,3445.5471387077996,3860.0,0,1,1,0,0,0,0,0,1,0
872,1,2015-05-15,-0.9749279121818236,-0.2225209339563146,0.49999999999999994,-0.8660254037844387,0.7295575540864875,-0.6839194216246106,0.0,8409.0,0.0,5383.571428571428,6451.0,3804.7856644469334,6291.6,7056.0,3480.436621440204,3860.0,0,1,1,0,0,0,0,0,1,9113
872,1,2015-05-16,-0.7818314824680299,0.6234898018587334,0.49999999999999994,-0.8660254037844387,0.717676913675962,-0.6963762255968722,9113.0,7661.0,8693.0,5155.142857142857,6271.0,3691.582561656145,6200.866666666667,6431.0,3448.5549970699512,3860.0,0,1,1,0,0,0,0,0,1,6062
872,1,2015-05-17,-2.4492935982947064e-16,1.0,0.49999999999999994,-0.8660254037844387,0.705583610107178,-0.7086266782644596,6062.0,0.0,0.0,5155.142857142857,6271.0,3691.582561656145,5887.366666666667,6403.0,3572.49659137729,3860.0,0,1,1,0,0,0,0,0,1,0
872,1,2015-05-18,0.7818314824680298,0.6234898018587336,0.49999999999999994,-0.8660254037844387,0.6932812268869777,-0.7206671495538609,0.0,6271.0,10184.0,5557.142857142857,6451.0,3975.636277317601,5988.333333333333,6431.0,3619.9153098622023,3860.0,1,1,1,0,0,0,0,0,1,9085
872,1,2015-05-19,0.9749279121818236,-0.22252093395631434,0.49999999999999994,-0.8660254037844387,0.6807734094770161,-0.7324940716135789,9085.0,6451.0,7899.0,5834.714285714285,8189.0,4113.870023643008,6268.133333333333,7056.0,3462.0517808567465,3860.0,1,1,1,0,0,0,0,0,1,8394
872,1,2015-05-20,0.43388373911755823,-0.900968867902419,0.49999999999999994,-0.8660254037844387,0.6680638642135335,-0.7441039398713607,8394.0,8189.0,8338.0,5758.428571428572,7655.0,4067.6283367232845,6309.6,7658.0,3471.2597196665283,3860.0,1,1,1,0,0,0,0,0,1,7655
872,1,2015-05-21,-0.433883739117558,-0.9009688679024191,0.49999999999999994,-0.8660254037844387,0.6551563572090853,-0.7554933140726803,7655.0,0.0,8882.0,6966.0,8394.0,3244.667830970269,6407.5,7780.0,3489.4743577082604,3860.0,1,1,1,0,0,0,0,0,1,8453
872,1,2015-05-22,-0.9749279121818236,-0.2225209339563146,0.49999999999999994,-0.8660254037844387,0.6420547132365637,-0.766658819300159,8453.0,9113.0,8409.0,6871.857142857143,8394.0,3180.925202336125,6477.566666666667,8002.0,3509.3682964644663,3860.0,1,1,1,0,0,0,0,0,1,8454
872,1,2015-05-23,-0.7818314824680299,0.6234898018587334,0.49999999999999994,-0.8660254037844387,0.6287628145958344,-0.777597146973627,8454.0,6062.0,7661.0,6890.0,8394.0,3175.894414701677,6470.7,8002.0,3509.736940235721,3860.0,0,1,1,0,0,0,0,0,1,6189
872,1,2015-05-24,-2.4492935982947064e-16,1.0,0.49999999999999994,-0.8660254037844387,0.6152845999633276,-0.7883050558305255,6189.0,0.0,0.0,6890.0,8394.0,3175.894414701677,6267.466666666666,8002.0,3703.309523910349,3860.0,0,1,1,0,0,0,0,0,1,0
872,1,2015-05-25,0.7818314824680298,0.6234898018587336,0.49999999999999994,-0.8660254037844387,0.6016240632249226,-0.7987793728863649,0.0,9085.0,6271.0,5592.142857142857,7655.0,3902.5819414233633,6073.0,8002.0,3876.006067394994,3860.0,0,1,1,0,0,0,0,0,1,0
872,1,2015-05-26,0.9749279121818236,-0.22252093395631434,0.49999999999999994,-0.8660254037844387,0.5877852522924732,-0.8090169943749473,0.0,8394.0,6451.0,5461.571428571428,7480.0,3807.3423301625444,6322.333333333333,8002.0,3708.8550825003317,3860.0,0,1,1,0,0,0,0,0,1,7480
872,1,2015-05-27,0.43388373911755823,-0.900968867902419,0.49999999999999994,-0.8660254037844387,0.5737722679043246,-0.8190148866680801,7480.0,7655.0,8189.0,5244.428571428572,6189.0,3703.3195404997864,6182.5,7780.0,3630.8053419364865,3860.0,0,1,1,0,0,0,0,0,1,6135
872,1,2015-05-28,-0.433883739117558,-0.9009688679024191,0.49999999999999994,-0.8660254037844387,0.5595892624101765,-0.8287700871745037,6135.0,8453.0,0.0,4967.142857142857,6189.0,3489.533131550753,6129.4,7658.0,3613.3261551440833,3860.0,0,1,1,0,0,0,0,0,1,6512
872,1,2015-05-29,-0.9749279121818236,-0.2225209339563146,0.49999999999999994,-0.8660254037844387,0.545240438540651,-0.8382797052177743,6512.0,8454.0,9113.0,4820.0,6189.0,3336.351949859795,6086.933333333333,7567.5,3589.504969551767,3860.0,0,1,1,0,0,0,0,0,1,7424
872,1,2015-05-30,-0.7818314824680299,0.6234898018587334,0.49999999999999994,-0.8660254037844387,0.5307300481619334,-0.8475409228928311,7424.0,6189.0,6062.0,4933.142857142857,6512.0,3403.2733472629557,5963.8,7452.0,3488.6316693136273,3860.0,0,1,1,0,0,0,0,0,1,6981
872,1,2015-05-31,-2.4492935982947064e-16,1.0,0.49999999999999994,-0.8660254037844387,0.5160623910158528,-0.8565509959010036,6981.0,0.0,0.0,4933.142857142857,6512.0,3403.2733472629557,5963.8,7452.0,3488.6316693136273,3860.0,0,1,1,0,0,0,0,0,1,0
872,1,2015-06-01,0.7818314824680298,0.6234898018587336,1.2246467991473532e-16,-1.0,0.5012418134457758,-0.865307254363206,0.0,0.0,9085.0,6515.857142857143,6981.0,3301.373119807944,6043.333333333333,7452.0,3579.023892486408,3860.0,1,1,1,0,0,0,0,0,1,11079
872,1,2015-06-02,0.9749279121818236,-0.22252093395631434,1.2246467991473532e-16,-1.0,0.48627270710869,-0.8738071036110808,11079.0,7480.0,8394.0,6917.571428571428,6981.0,3596.165775616338,6386.4,7567.5,3471.4172659711758,3860.0,1,1,1,0,0,0,0,0,1,10292
872,1,2015-06-03,0.43388373911755823,-0.900968867902419,1.2246467991473532e-16,-1.0,0.4711595076738638,-0.8820480249558537,10292.0,6135.0,7655.0,7602.714285714285,7424.0,3868.757238626968,6411.3,7567.5,3502.1393476480716,3860.0,1,1,1,0,0,0,0,0,1,10931
872,1,2015-06-04,-0.433883739117558,-0.9009688679024191,1.2246467991473532e-16,-1.0,0.4559066935084588,-0.8900275764346767,10931.0,6512.0,8453.0,6672.428571428572,7424.0,4836.618683100235,6148.0,7452.0,3678.9059936813924,3860.0,1,1,1,0,0,0,0,0,1,0
872,1,2015-06-05,-0.9749279121818236,-0.2225209339563146,1.2246467991473532e-16,-1.0,0.440518784350495,-0.8977433935342337,0.0,7424.0,8454.0,7336.714285714285,10292.0,5258.0171710853665,6272.533333333334,7452.0,3816.2639677129787,3860.0,1,1,1,0,0,0,0,0,1,12074
872,1,2015-06-06,-0.7818314824680299,0.6234898018587334,1.2246467991473532e-16,-1.0,0.42500033996955416,-0.9051931898913974,12074.0,6981.0,6189.0,7345.714285714285,10292.0,5257.360703949136,6211.266666666666,7234.0,3787.5726275802876,3860.0,0,1,1,0,0,0,0,0,1,7044
872,1,2015-06-07,-2.4492935982947064e-16,1.0,1.2246467991473532e-16,-1.0,0.4093559588156213,-0.9123747579707273,7044.0,0.0,0.0,7345.714285714285,10292.0,5257.360703949136,5930.966666666666,7012.5,3927.8766965980763,3860.0,0,1,1,0,0,0,0,0,1,0
872,1,2015-06-08,0.7818314824680298,0.6234898018587336,1.2246467991473532e-16,-1.0,0.39359027665646673,-0.9192859697186104,0.0,11079.0,0.0,6900.0,7959.0,5014.763503895271,5940.9,7012.5,3932.776454977786,3860.0,0,1,1,0,0,0,0,0,1,7959
872,1,2015-06-09,0.9749279121818236,-0.22252093395631434,1.2246467991473532e-16,-1.0,0.3777079652039649,-0.9259247771938498,7959.0,10292.0,7480.0,6528.571428571428,7692.0,4813.920850240573,6197.3,7234.0,3779.86963057431,3860.0,0,1,1,0,0,0,0,0,1,7692
872,1,2015-06-10,0.43388373911755823,-0.900968867902419,1.2246467991473532e-16,-1.0,0.36171373072976765,-0.9322892131745133,7692.0,10931.0,6135.0,5936.285714285715,7044.0,4421.00602104263,6214.433333333333,7234.0,3781.379840138033,3860.0,0,1,1,0,0,0,0,0,1,6785
872,1,2015-06-11,-0.433883739117558,-0.9009688679024191,1.2246467991473532e-16,-1.0,0.3456123126707335,-0.9383773917408641,6785.0,0.0,6512.0,6968.857142857143,7228.0,3564.579845674726,6240.333333333333,7326.0,3785.714530408647,3860.0,0,1,1,0,0,0,0,0,1,7228
872,1,2015-06-12,-0.9749279121818236,-0.2225209339563146,1.2246467991473532e-16,-1.0,0.3294084822245304,-0.9441875088341993,7228.0,12074.0,7424.0,6309.857142857143,7228.0,2810.015743050284,6216.066666666667,7326.0,3775.11114185177,3860.0,0,1,1,0,0,0,0,0,1,7461
872,1,2015-06-13,-0.7818314824680299,0.6234898018587334,1.2246467991473532e-16,-1.0,0.3131070409358269,-0.9497178427914316,7461.0,7044.0,6981.0,6274.285714285715,7228.0,2800.734172455834,6442.566666666667,7326.0,3588.5309229624177,3860.0,0,1,1,0,0,0,0,0,1,6795
872,1,2015-06-14,-2.4492935982947064e-16,1.0,1.2246467991473532e-16,-1.0,0.29671281927349075,-0.9549667548552551,6795.0,0.0,0.0,6274.285714285715,7228.0,2800.734172455834,6138.8,7136.0,3737.3063174357103,3860.0,0,1,1,0,0,0,0,0,1,0
872,1,2015-06-15,0.7818314824680298,0.6234898018587336,1.2246467991473532e-16,-1.0,0.28023067519921585,-0.9599326896597447,0.0,7959.0,11079.0,6906.571428571428,7228.0,3623.275261286064,6349.566666666667,7326.0,3907.2555646036863,3860.0,1,1,1,0,0,0,0,0,1,12385
872,1,2015-06-16,0.9749279121818236,-0.22252093395631434,1.2246467991473532e-16,-1.0,0.26366549272800704,-0.9646141756912435,12385.0,7692.0,10292.0,7034.857142857143,7228.0,3671.2980188016777,6635.9,7442.5,3736.9343728377908,3860.0,1,1,1,0,0,0,0,0,1,8590
872,1,2015-06-17,0.43388373911755823,-0.900968867902419,1.2246467991473532e-16,-1.0,0.24702218048093552,-0.9690098257244062,8590.0,6785.0,10931.0,7219.857142857143,7461.0,3689.19356267154,6602.4,7442.5,3718.682299064997,3860.0,1,1,1,0,0,0,0,0,1,8080
872,1,2015-06-18,-0.433883739117558,-0.9009688679024191,1.2246467991473532e-16,-1.0,0.23030567023061221,-0.9731183372332619,8080.0,7228.0,0.0,7462.857142857143,8080.0,3745.4117454369602,6620.233333333334,7442.5,3728.8393283676933,3860.0,1,1,1,0,0,0,0,0,1,8929
872,1,2015-06-19,-0.9749279121818236,-0.2225209339563146,1.2246467991473532e-16,-1.0,0.21352091543979612,-0.9769384927771817,8929.0,7461.0,12074.0,7668.0,8590.0,3784.4161152459615,6661.633333333333,7442.5,3747.5718344046463,3860.0,1,1,1,0,0,0,0,0,1,8897
872,1,2015-06-20,-0.7818314824680299,0.6234898018587334,1.2246467991473532e-16,-1.0,0.19667288979357647,-0.980469160361632,8897.0,6795.0,7044.0,7683.571428571428,8590.0,3780.4475421631787,6610.0,7326.0,3732.680981592835,3860.0,0,1,1,0,0,0,0,0,1,6904
872,1,2015-06-21,-2.4492935982947064e-16,1.0,1.2246467991473532e-16,-1.0,0.1797665857255624,-0.9837092937736097,6904.0,0.0,0.0,7683.571428571428,8590.0,3780.4475421631787,6328.2,7136.0,3903.8607716128868,3860.0,0,1,1,0,0,0,0,0,1,0
872,1,2015-06-22,0.7818314824680298,0.6234898018587336,1.2246467991473532e-16,-1.0,0.16280701293851715,-0.986657932891657,0.0,12385.0,7959.0,6805.428571428572,8080.0,3171.198609208763,6329.833333333333,7136.0,3903.8107737787827,3860.0,0,1,1,0,0,0,0,0,1,6238
872,1,2015-06-23,0.9749279121818236,-0.22252093395631434,1.2246467991473532e-16,-1.0,0.1457991969198751,-0.9893142039703663,6238.0,8590.0,7692.0,6495.285714285715,6904.0,3072.1956162916895,6543.8,7136.0,3716.320607156013,3860.0,0,1,1,0,0,0,0,0,1,6419
872,1,2015-06-24,0.43388373911755823,-0.900968867902419,1.2246467991473532e-16,-1.0,0.12874817745258132,-0.99167731989929,6419.0,8080.0,6785.0,6192.428571428572,6419.0,2993.4225037094657,6742.466666666666,7136.0,3507.9003321402815,3860.0,0,1,1,0,0,0,0,0,1,5960
872,1,2015-06-25,-0.433883739117558,-0.9009688679024191,1.2246467991473532e-16,-1.0,0.11165900712169512,-0.993746580436178,5960.0,8929.0,7228.0,5888.142857142857,6419.0,2768.707485968335,6719.766666666666,7012.5,3505.165446273134,3860.0,0,1,1,0,0,0,0,0,1,6799
872,1,2015-06-26,-0.9749279121818236,-0.2225209339563146,1.2246467991473532e-16,-1.0,0.09453674981719912,-0.9955213724144752,6799.0,8897.0,7461.0,5693.285714285715,6419.0,2561.9327153723584,6766.366666666667,7136.0,3506.4158386211616,3860.0,0,1,1,0,0,0,0,0,1,7533
872,1,2015-06-27,-0.7818314824680299,0.6234898018587334,1.2246467991473532e-16,-1.0,0.07738647923346301,-0.9970011699250151,7533.0,6904.0,6795.0,5660.0,6419.0,2545.038834019358,6771.666666666667,7136.0,3506.1382561536816,3860.0,0,1,1,0,0,0,0,0,1,6671
872,1,2015-06-28,-2.4492935982947064e-16,1.0,1.2246467991473532e-16,-1.0,0.06021327736579302,-0.9981855344718586,6671.0,0.0,0.0,5660.0,6419.0,2545.038834019358,6524.2,7012.5,3714.3240755124016,3860.0,0,1,1,0,0,0,0,0,1,0
872,1,2015-06-29,0.7818314824680298,0.6234898018587336,1.2246467991473532e-16,-1.0,0.04302223300453059,-0.99907411510223,0.0,6238.0,12385.0,6441.571428571428,6671.0,3436.1721851086354,6681.8,7136.0,3832.7906858292336,3860.0,1,1,1,0,0,0,0,0,1,11709
872,1,2015-06-30,0.9749279121818236,-0.22252093395631434,1.2246467991473532e-16,-1.0,0.02581844022713308,-0.9996666485105112,11709.0,6419.0,8590.0,6912.0,6799.0,3651.2497403857014,7005.533333333334,7344.5,3654.9909734624457,3860.0,1,1,1,0,0,0,0,0,1,9712
872,1,2015-07-01,0.43388373911755823,-0.900968867902419,-0.4999999999999998,-0.8660254037844388,0.008606996888688698,-0.9999629591162655,9712.0,5960.0,8080.0,7399.285714285715,7533.0,3729.7898383280576,6948.6,7344.5,3602.2735694232774,3860.0,1,1,1,0,0,0,0,0,1,9371
872,1,2015-07-02,-0.433883739117558,-0.9009688679024191,-0.4999999999999998,-0.8660254037844388,-0.008606996888688009,-0.9999629591162655,9371.0,6799.0,8929.0,7559.142857142857,7918.0,3723.748891845933,6869.466666666666,7344.5,3552.019442449638,3860.0,1,1,1,0,0,0,0,0,1,7918
872,1,2015-07-03,-0.9749279121818236,-0.2225209339563146,-0.4999999999999998,-0.8660254037844388,-0.02581844022713239,-0.9996666485105112,7918.0,7533.0,8897.0,7715.857142857143,8630.0,3745.485523870546,6792.766666666666,7344.5,3485.513663063496,3860.0,1,1,1,0,0,0,0,0,1,8630
872,1,2015-07-04,-0.7818314824680299,0.6234898018587334,-0.4999999999999998,-0.8660254037844388,-0.04302223300453034,-0.99907411510223,8630.0,6671.0,6904.0,7632.714285714285,8630.0,3778.8560753348684,6995.733333333334,7344.5,3245.331415341475,3860.0,0,1,1,0,0,0,0,0,1,6089
872,1,2015-07-05,-2.4492935982947064e-16,1.0,-0.4999999999999998,-0.8660254037844388,-0.060213277365792774,-0.9981855344718586,6089.0,0.0,0.0,7632.714285714285,8630.0,3778.8560753348684,6593.266666666666,7136.0,3341.098383645028,3860.0,0,1,1,0,0,0,0,0,1,0
872,1,2015-07-06,0.7818314824680298,0.6234898018587336,-0.4999999999999998,-0.8660254037844388,-0.07738647923346322,-0.9970011699250151,0.0,11709.0,6238.0,7055.571428571428,7918.0,3334.968108650257,6614.1,7344.5,3345.950896747933,3860.0,0,1,1,0,0,0,0,0,1,7669
872,1,2015-07-07,0.9749279121818236,-0.22252093395631434,-0.4999999999999998,-0.8660254037844388,-0.09453674981719933,-0.9955213724144752,7669.0,9712.0,6419.0,6513.571428571428,7669.0,3133.506601085689,6811.366666666667,7344.5,3108.592357824751,3860.0,0,1,1,0,0,0,0,0,1,5918
872,1,2015-07-08,0.43388373911755823,-0.900968867902419,-0.4999999999999998,-0.8660254037844388,-0.11165900712169444,-0.9937465804361781,5918.0,9371.0,5960.0,6090.0,6406.0,2872.396386294892,6759.6,7066.0,3101.7454107491576,3860.0,0,1,1,0,0,0,0,0,1,6406
872,1,2015-07-09,-0.433883739117558,-0.9009688679024191,-0.4999999999999998,-0.8660254037844388,-0.12874817745258066,-0.99167731989929,6406.0,7918.0,6799.0,5949.285714285715,6406.0,2790.8907606882767,6734.3,6918.5,3096.969644000742,3860.0,0,1,1,0,0,0,0,0,1,6933
872,1,2015-07-10,-0.9749279121818236,-0.2225209339563146,-0.4999999999999998,-0.8660254037844388,-0.14579919691987442,-0.9893142039703664,6933.0,8630.0,7533.0,5687.857142857143,6406.0,2575.3154776694346,6734.8,6918.5,3096.979322523472,3860.0,0,1,1,0,0,0,0,0,1,6800
872,1,2015-07-11,-0.7818314824680299,0.6234898018587334,-0.4999999999999998,-0.8660254037844388,-0.16280701293851646,-0.9866579328916572,6800.0,6089.0,6671.0,5553.142857142857,6406.0,2575.498555527404,6665.4,6852.0,3108.8510750591718,3860.0,0,1,1,0,0,0,0,0,1,5146
872,1,2015-07-12,-2.4492935982947064e-16,1.0,-0.4999999999999998,-0.8660254037844388,-0.17976658572556214,-0.9837092937736098,5146.0,0.0,0.0,5553.142857142857,6406.0,2575.498555527404,6416.7,6799.5,3333.335919941529,3860.0,0,1,1,0,0,0,0,0,1,0
872,1,2015-07-13,0.7818314824680298,0.6234898018587336,-0.4999999999999998,-0.8660254037844388,-0.19667288979357622,-0.9804691603616321,0.0,7669.0,11709.0,5920.142857142857,6406.0,3063.967168480067,6531.466666666666,6852.0,3405.3041965827947,3860.0,1,1,1,0,0,0,0,0,1,10238
872,1,2015-07-14,0.9749279121818236,-0.22252093395631434,-0.4999999999999998,-0.8660254037844388,-0.2135209154397959,-0.9769384927771817,10238.0,5918.0,9712.0,6239.285714285715,6800.0,3177.933957478537,6803.2,6918.5,3184.2159474508026,3860.0,1,1,1,0,0,0,0,0,1,8152
872,1,2015-07-15,0.43388373911755823,-0.900968867902419,-0.4999999999999998,-0.8660254037844388,-0.23030567023061196,-0.973118337233262,8152.0,6406.0,9371.0,6419.428571428572,6933.0,3224.360394307826,6645.933333333333,6918.5,3010.816018764779,3860.0,1,1,1,0,0,0,0,0,1,7667
872,1,2015-07-16,-0.433883739117558,-0.9009688679024191,-0.4999999999999998,-0.8660254037844388,-0.24702218048093527,-0.9690098257244063,7667.0,6933.0,7918.0,6418.857142857143,6929.0,3224.2545613196307,6590.566666666667,6916.5,2989.026755263021,3860.0,1,1,1,0,0,0,0,0,1,6929
872,1,2015-07-17,-0.9749279121818236,-0.2225209339563146,-0.4999999999999998,-0.8660254037844388,-0.2636654927280072,-0.9646141756912435,6929.0,6800.0,8630.0,6557.142857142857,7667.0,3263.841317046084,6580.166666666667,6916.5,2984.204625545383,3860.0,1,1,1,0,0,0,0,0,1,7768
872,1,2015-07-18,-0.7818314824680299,0.6234898018587334,-0.4999999999999998,-0.8660254037844388,-0.2802306751992161,-0.9599326896597445,7768.0,5146.0,6089.0,6693.142857142857,7667.0,3214.7051927339235,6485.8,6852.0,2951.9552538427274,3860.0,0,1,1,0,0,0,0,0,1,6098
872,1,2015-07-19,-2.4492935982947064e-16,1.0,-0.4999999999999998,-0.8660254037844388,-0.2967128192734901,-0.9549667548552553,6098.0,0.0,0.0,6693.142857142857,7667.0,3214.7051927339235,6189.233333333334,6799.5,3142.1512363274405,3860.0,0,1,1,0,0,0,0,0,1,0
872,1,2015-07-20,0.7818314824680298,0.6234898018587336,-0.4999999999999998,-0.8660254037844388,-0.3131070409358267,-0.9497178427914317,0.0,10238.0,7669.0,6237.285714285715,7047.0,2831.6820510246553,6194.0,6799.5,3143.3811578375785,3860.0,0,1,1,0,0,0,0,0,1,7047
872,1,2015-07-21,0.9749279121818236,-0.22252093395631434,-0.4999999999999998,-0.8660254037844388,-0.3294084822245302,-0.9441875088341994,7047.0,8152.0,5918.0,5911.714285714285,6929.0,2702.9346837764792,6389.766666666666,6799.5,2919.2120770123474,3860.0,0,1,1,0,0,0,0,0,1,5873
872,1,2015-07-22,0.43388373911755823,-0.900968867902419,-0.4999999999999998,-0.8660254037844388,-0.3456123126707333,-0.9383773917408642,5873.0,7667.0,6406.0,5624.714285714285,6098.0,2589.7842712142087,6370.433333333333,6799.5,2922.1709653226562,3860.0,0,1,1,0,0,0,0,0,1,5658
872,1,2015-07-23,-0.433883739117558,-0.9009688679024191,-0.4999999999999998,-0.8660254037844388,-0.3617137307297674,-0.9322892131745134,5658.0,6929.0,6933.0,5448.0,5873.0,2527.4053229877077,6346.2,6799.5,2924.7676406381706,3860.0,0,1,1,0,0,0,0,0,1,5692
872,1,2015-07-24,-0.9749279121818236,-0.2225209339563146,-0.4999999999999998,-0.8660254037844388,-0.37770796520396466,-0.9259247771938499,5692.0,7768.0,6800.0,5216.857142857143,5873.0,2347.448290418854,6352.533333333334,6799.5,2924.1081603342527,3860.0,0,1,1,0,0,0,0,0,1,6150
872,1,2015-07-25,-0.7818314824680299,0.6234898018587334,-0.4999999999999998,-0.8660254037844388,-0.39359027665646645,-0.9192859697186105,6150.0,6098.0,5146.0,5105.142857142857,5692.0,2316.935362972044,6303.1,6735.5,2928.83174720712,3860.0,0,1,1,0,0,0,0,0,1,5316
872,1,2015-07-26,-2.4492935982947064e-16,1.0,-0.4999999999999998,-0.8660254037844388,-0.4093559588156211,-0.9123747579707274,5316.0,0.0,0.0,5105.142857142857,5692.0,2316.935362972044,6052.0,6538.5,3135.384736882526,3860.0,0,1,1,0,0,0,0,0,1,0
872,1,2015-07-27,0.7818314824680298,0.6234898018587336,-0.4999999999999998,-0.8660254037844388,-0.42500033996955394,-0.9051931898913975,0.0,7047.0,10238.0,5474.857142857143,5692.0,2828.4599124241463,6150.8,6603.0,3201.5641155858393,3860.0,1,1,1,0,0,0,0,0,1,9635
872,1,2015-07-28,0.9749279121818236,-0.22252093395631434,-0.4999999999999998,-0.8660254037844388,-0.4405187843504952,-0.8977433935342336,9635.0,5873.0,8152.0,5771.714285714285,5692.0,2982.085663551912,6415.833333333333,6864.5,2997.4211339121202,3860.0,1,1,1,0,0,0,0,0,1,7951
872,1,2015-07-29,0.43388373911755823,-0.900968867902419,-0.4999999999999998,-0.8660254037844388,-0.455906693508459,-0.8900275764346766,7951.0,5658.0,7667.0,6030.142857142857,6150.0,3048.23924195435,6274.433333333333,6864.5,2834.7534671537605,3860.0,1,1,1,0,0,0,0,0,1,7467
872,1,2015-07-30,-0.433883739117558,-0.9009688679024191,-0.4999999999999998,-0.8660254037844388,-0.47115950767386394,-0.8820480249558535,7467.0,5692.0,6929.0,6373.142857142857,7467.0,3137.6230615213235,6220.466666666666,6864.5,2781.9736077150387,3860.0,1,1,1,0,0,0,0,0,1,8093
872,1,2015-07-31,-0.9749279121818236,-0.2225209339563146,-0.4999999999999998,-0.8660254037844388,-0.4862727071086902,-0.8738071036110807,8093.0,6150.0,7768.0,6887.0,7951.0,3380.158921313215,6233.0,6864.5,2797.4606835239183,3860.0,1,1,1,0,0,0,0,0,1,9747
