Store,Cluster,Date,DayOfWeek_sin,DayOfWeek_cos,Month_sin,Month_cos,DayOfYear_sin,DayOfYear_cos,Sales_Lag_1,Sales_Lag_7,Sales_Lag_14,RollingMean_7,RollingMedian_7,RollingStd_7,RollingMean_30,RollingMedian_30,RollingStd_30,CompetitionDistance,Promo,Promo2,StoreType_a,StoreType_b,StoreType_c,StoreType_d,Assortment_a,Assortment_b,Assortment_c,Sales
108,2,2013-01-30,0.43388373911755823,-0.900968867902419,0.49999999999999994,0.8660254037844387,0.4937755501599772,0.869589389346611,6449.0,7614.0,6445.0,7071.714285714285,8202.0,3298.213896150751,7165.866666666667,8285.0,3442.6224139538554,2190.0,0,0,0,0,0,1,0,0,1,8202
108,2,2013-01-31,-0.433883739117558,-0.9009688679024191,0.49999999999999994,0.8660254037844387,0.5086709438521044,0.8609610158889943,8202.0,8292.0,5550.0,7143.142857142857,8202.0,3334.263058436925,7458.933333333333,8542.0,3175.422023902501,2190.0,0,0,0,0,0,1,0,0,1,8792
108,2,2013-02-01,-0.9749279121818236,-0.2225209339563146,0.8660254037844386,0.5000000000000001,0.5234156073655503,0.8520775211013093,8792.0,9064.0,7945.0,7193.571428571428,8202.0,3370.627877074878,7457.866666666667,8542.0,3174.73578301471,2190.0,0,0,0,0,0,1,0,0,1,9417
108,2,2013-02-02,-0.7818314824680299,0.6234898018587334,0.8660254037844386,0.5000000000000001,0.5380051715382996,0.8429415373547828,9417.0,9870.0,10429.0,7256.285714285715,8202.0,3432.246286534313,7525.566666666667,8922.5,3214.237268706252,2190.0,0,0,0,0,0,1,0,0,1,10309
108,2,2013-02-03,-2.4492935982947064e-16,1.0,0.8660254037844386,0.5000000000000001,0.5524353131676196,0.8335557718385699,10309.0,0.0,0.0,7256.285714285715,8202.0,3432.246286534313,7221.9,8542.0,3478.8307424309614,2190.0,0,0,0,0,0,1,0,0,1,0
108,2,2013-02-04,0.7818314824680298,0.6234898018587336,0.8660254037844386,0.5000000000000001,0.5667017562911176,0.8239230057575542,0.0,7625.0,9666.0,7378.285714285715,8479.0,3462.580430559736,7195.733333333334,8385.5,3465.869169321106,2190.0,1,0,0,0,0,1,0,0,1,8479
108,2,2013-02-05,0.9749279121818236,-0.22252093395631434,0.8660254037844386,0.5000000000000001,0.5808002734538009,0.8140460935082178,8479.0,6449.0,9105.0,7680.285714285715,8563.0,3460.2101917988425,7481.166666666667,8521.0,3194.8336428908356,2190.0,1,0,0,0,0,1,0,0,1,8563
108,2,2013-02-06,0.43388373911755823,-0.900968867902419,0.8660254037844386,0.5000000000000001,0.5947266869607634,0.8039279618328213,8563.0,8202.0,7614.0,7662.0,8563.0,3457.330665894332,7422.1,8385.5,3165.853628415522,2190.0,1,0,0,0,0,1,0,0,1,8074
108,2,2013-02-07,-0.433883739117558,-0.9009688679024191,0.8660254037844386,0.5000000000000001,0.6084768701151261,0.7935716089521474,8074.0,8792.0,8292.0,7502.571428571428,8479.0,3422.089656781019,7370.5,8247.0,3148.0371087283957,2190.0,1,0,0,0,0,1,0,0,1,7676
108,2,2013-02-08,-0.9749279121818236,-0.2225209339563146,0.8660254037844386,0.5000000000000001,0.6220467484408675,0.7829801036770629,7676.0,9417.0,9064.0,7427.0,8479.0,3378.3275941408265,7357.233333333334,8247.0,3140.5159765316553,2190.0,1,0,0,0,0,1,0,0,1,8888
108,2,2013-02-09,-0.7818314824680299,0.6234898018587334,0.8660254037844386,0.5000000000000001,0.6354323008901774,0.7721565844991642,8888.0,10309.0,9870.0,7263.285714285715,8479.0,3240.3379306427155,7360.9,8247.0,3142.6276217467316,2190.0,0,0,0,0,0,1,0,0,1,9163
108,2,2013-02-10,-2.4492935982947064e-16,1.0,0.8660254037844386,0.5000000000000001,0.6486295610349814,0.7611042586607747,9163.0,0.0,0.0,7263.285714285715,8479.0,3240.3379306427155,7031.933333333333,8138.0,3378.700290137424,2190.0,0,0,0,0,0,1,0,0,1,0
108,2,2013-02-11,0.7818314824680298,0.6234898018587336,0.8660254037844386,0.5000000000000001,0.6616346182422783,0.7498264012045686,0.0,8479.0,7625.0,7269.285714285715,8521.0,3243.001989632741,6995.933333333333,8138.0,3356.0608573386926,2190.0,0,0,0,0,0,1,0,0,1,8521
108,2,2013-02-12,0.9749279121818236,-0.22252093395631434,0.8660254037844386,0.5000000000000001,0.6744436188329455,0.7383263540031065,8521.0,8563.0,6449.0,6863.142857142857,8074.0,3231.9833141365616,7186.6,8138.0,3097.4154921538184,2190.0,0,0,0,0,0,1,0,0,1,5720
108,2,2013-02-13,0.43388373911755823,-0.900968867902419,0.8660254037844386,0.5000000000000001,0.6870527672236669,0.7266075247685656,5720.0,8074.0,8202.0,6915.0,8437.0,3257.46128142761,7201.066666666667,8247.0,3102.3695719432817,2190.0,0,0,0,0,0,1,0,0,1,8437
108,2,2013-02-14,-0.433883739117558,-0.9009688679024191,0.8660254037844386,0.5000000000000001,0.6994583270516471,0.7146733860429609,8437.0,7676.0,8792.0,6947.0,8437.0,3267.2684819789974,7206.5,8247.0,3103.4830794025493,2190.0,0,0,0,0,0,1,0,0,1,7900
108,2,2013-02-15,-0.9749279121818236,-0.2225209339563146,0.8660254037844386,0.5000000000000001,0.7116566222817746,0.702527474169157,7900.0,8888.0,9417.0,6920.714285714285,8437.0,3249.743359830421,7281.8,8364.5,3111.763724298821,2190.0,0,0,0,0,0,1,0,0,1,8704
108,2,2013-02-16,-0.7818314824680299,0.6234898018587334,0.8660254037844386,0.5000000000000001,0.7236440382959124,0.6901733882429719,8704.0,9163.0,10309.0,6909.285714285715,8437.0,3240.6715206515323,7399.566666666667,8458.0,3110.8167868920204,2190.0,0,0,0,0,0,1,0,0,1,9083
108,2,2013-02-17,-2.4492935982947064e-16,1.0,0.8660254037844386,0.5000000000000001,0.7354170229639855,0.6776147890466889,9083.0,0.0,0.0,6909.285714285715,8437.0,3240.6715206515323,7134.733333333334,8458.0,3388.5722752167785,2190.0,0,0,0,0,0,1,0,0,1,0
108,2,2013-02-18,0.7818314824680298,0.6234898018587336,0.8660254037844386,0.5000000000000001,0.7469720876965552,0.6648553979642865,0.0,8521.0,8479.0,7247.428571428572,8437.0,3545.98062869041,7150.033333333334,8458.0,3404.9559973189316,2190.0,1,0,0,0,0,1,0,0,1,10888
108,2,2013-02-19,0.9749279121818236,-0.22252093395631434,0.8660254037844386,0.5000000000000001,0.7583058084785625,0.6518989958787126,10888.0,5720.0,8563.0,7786.428571428572,8704.0,3561.829532564359,7466.466666666666,8500.0,3149.0592435742187,2190.0,1,0,0,0,0,1,0,0,1,9493
108,2,2013-02-20,0.43388373911755823,-0.900968867902419,0.8660254037844386,0.5000000000000001,0.7694148268839378,0.6387494220515272,9493.0,8437.0,8074.0,7739.714285714285,8704.0,3554.010819449193,7414.6,8458.0,3124.299277024177,2190.0,1,0,0,0,0,1,0,0,1,8110
108,2,2013-02-21,-0.433883739117558,-0.9009688679024191,0.8660254037844386,0.5000000000000001,0.7802958510707755,0.6254105729852463,8110.0,7900.0,7676.0,7878.571428571428,8872.0,3580.2087395915396,7406.833333333333,8458.0,3120.239193785756,2190.0,1,0,0,0,0,1,0,0,1,8872
108,2,2013-02-22,-0.9749279121818236,-0.2225209339563146,0.8660254037844386,0.5000000000000001,0.7909456567567772,0.6118864012687243,8872.0,8704.0,8888.0,7917.714285714285,8978.0,3592.215041553321,7452.3,8500.0,3133.272588491641,2190.0,1,0,0,0,0,1,0,0,1,8978
108,2,2013-02-23,-0.7818314824680299,0.6234898018587334,0.8660254037844386,0.5000000000000001,0.8013610881746766,0.5981809144059164,8978.0,9083.0,9163.0,8136.0,8978.0,3719.014430374445,7529.6,8542.0,3182.915315155004,2190.0,0,0,0,0,0,1,0,0,1,10611
108,2,2013-02-24,-2.4492935982947064e-16,1.0,0.8660254037844386,0.5000000000000001,0.8115390590073611,0.5842981736283683,10611.0,0.0,0.0,8136.0,8978.0,3719.014430374445,7227.466666666666,8500.0,3451.1342636511736,2190.0,0,0,0,0,0,1,0,0,1,0
108,2,2013-02-25,0.7818314824680298,0.6234898018587336,0.8660254037844386,0.5000000000000001,0.8214765533024142,0.5702422926917871,0.0,10888.0,8521.0,7782.0,8872.0,3526.3477329006214,7178.8,8458.0,3422.762812256426,2190.0,0,0,0,0,0,1,0,0,1,8410
108,2,2013-02-26,0.9749279121818236,-0.22252093395631434,0.8660254037844386,0.5000000000000001,0.8311706263658079,0.5560174366570446,8410.0,9493.0,5720.0,7482.428571428572,8410.0,3444.9006689667603,7425.333333333333,8458.0,3142.7667289577316,2190.0,0,0,0,0,0,1,0,0,1,7396
108,2,2013-02-27,0.43388373911755823,-0.900968867902419,0.8660254037844386,0.5000000000000001,0.8406184056344782,0.5416278206559814,7396.0,8110.0,8437.0,7359.571428571428,8410.0,3434.1074462487286,7412.833333333333,8458.0,3142.6909519614287,2190.0,0,0,0,0,0,1,0,0,1,7250
108,2,2013-02-28,-0.433883739117558,-0.9009688679024191,0.8660254037844386,0.5000000000000001,0.8498170915275278,0.5270777086423722,7250.0,8872.0,7900.0,7304.0,8410.0,3408.6067046033163,7480.633333333333,8481.0,3143.120912057965,2190.0,0,0,0,0,0,1,0,0,1,8483
108,2,2013-03-01,-0.9749279121818236,-0.2225209339563146,1.0,6.123233995736766e-17,0.8587639582758029,0.5123714121284237,8483.0,8978.0,8704.0,7386.0,8410.0,3462.074474454107,7525.633333333333,8502.0,3163.4033558738643,2190.0,0,0,0,0,0,1,0,0,1,9552
108,2,2013-03-02,-0.7818314824680299,0.6234898018587334,1.0,6.123233995736766e-17,0.8674563547295968,0.49751328890718066,9552.0,10611.0,9083.0,7381.285714285715,8410.0,3456.9698057829855,7585.166666666667,8502.0,3204.5949454444035,2190.0,0,0,0,0,0,1,0,0,1,10578
108,2,2013-03-03,-2.4492935982947064e-16,1.0,1.0,6.123233995736766e-17,0.8758917051442429,0.48250774176121847,10578.0,0.0,0.0,7381.285714285715,8410.0,3456.9698057829855,7271.266666666666,8481.0,3469.25699024558,2190.0,0,0,0,0,0,1,0,0,1,0
108,2,2013-03-04,0.7818314824680298,0.6234898018587336,1.0,6.123233995736766e-17,0.8840675099433636,0.46735921715800227,0.0,8410.0,10888.0,7649.428571428572,8483.0,3619.057421352643,7270.533333333334,8481.0,3468.59499264306,2190.0,1,0,0,0,0,1,0,0,1,10287
108,2,2013-03-05,0.9749279121818236,-0.22252093395631434,1.0,6.123233995736766e-17,0.8919813464595485,0.45207220393230435,10287.0,7396.0,9493.0,7914.857142857143,9254.0,3665.2129737379746,7579.0,8502.0,3200.8744494870953,2190.0,1,0,0,0,0,1,0,0,1,9254
108,2,2013-03-06,0.43388373911755823,-0.900968867902419,1.0,6.123233995736766e-17,0.8996308696522433,0.43665123195606403,9254.0,7250.0,8110.0,8230.142857142857,9457.0,3693.3059007061006,7611.6,8542.0,3215.3045718337753,2190.0,1,0,0,0,0,1,0,0,1,9457
108,2,2013-03-07,-0.433883739117558,-0.9009688679024191,1.0,6.123233995736766e-17,0.9070138128026359,0.4211008707960896,9457.0,8483.0,8872.0,8179.428571428572,9457.0,3691.692107834515,7597.1,8502.0,3211.845106734628,2190.0,1,0,0,0,0,1,0,0,1,8128
108,2,2013-03-08,-0.9749279121818236,-0.2225209339563146,1.0,6.123233995736766e-17,0.9141279881853337,0.40542572835999735,8128.0,9552.0,8978.0,8162.428571428572,9433.0,3684.585225736312,7642.4,8612.5,3228.3445805914967,2190.0,1,0,0,0,0,1,0,0,1,9433
108,2,2013-03-09,-0.7818314824680299,0.6234898018587334,1.0,6.123233995736766e-17,0.9209712877166346,0.38963044953078796,9433.0,10578.0,10611.0,8065.0,9433.0,3618.4906614038246,7716.4,8788.0,3254.4789148028835,2190.0,0,0,0,0,0,1,0,0,1,9896
108,2,2013-03-10,-2.4492935982947064e-16,1.0,1.0,6.123233995736766e-17,0.9275416835791966,0.37371971479046906,9896.0,0.0,0.0,8065.0,9433.0,3618.4906614038246,7420.133333333333,8612.5,3536.481406741719,2190.0,0,0,0,0,0,1,0,0,1,0
108,2,2013-03-11,0.7818314824680298,0.6234898018587336,1.0,6.123233995736766e-17,0.9338372288229252,0.35769823883312546,0.0,10287.0,8410.0,7990.714285714285,9433.0,3570.288023595378,7440.266666666666,8612.5,3548.444826266498,2190.0,0,0,0,0,0,1,0,0,1,9767
108,2,2013-03-12,0.9749279121818236,-0.22252093395631434,1.0,6.123233995736766e-17,0.9398560579418954,0.3415707691678556,9767.0,9254.0,7396.0,7797.0,9433.0,3526.8439148904818,7703.533333333334,8612.5,3258.543314632067,2190.0,0,0,0,0,0,1,0,0,1,7898
108,2,2013-03-13,0.43388373911755823,-0.900968867902419,1.0,6.123233995736766e-17,0.9455963874271426,0.3253420847119801,7898.0,9457.0,7250.0,7556.571428571428,8128.0,3451.3778821963706,7678.633333333333,8593.5,3254.933364256038,2190.0,0,0,0,0,0,1,0,0,1,7774
108,2,2013-03-14,-0.433883739117558,-0.9009688679024191,1.0,6.123233995736766e-17,0.9510565162951535,0.30901699437494745,7774.0,8128.0,8483.0,7534.428571428572,7973.0,3447.595918759569,7753.733333333334,8593.5,3234.1089049683233,2190.0,0,0,0,0,0,1,0,0,1,7973
108,2,2013-03-15,-0.9749279121818236,-0.2225209339563146,1.0,6.123233995736766e-17,0.9562348265919056,0.29260033563334836,7973.0,9433.0,9552.0,7620.714285714285,7973.0,3510.025627365408,7807.066666666667,8788.0,3258.8630970105933,2190.0,0,0,0,0,0,1,0,0,1,10037
108,2,2013-03-16,-0.7818314824680299,0.6234898018587334,1.0,6.123233995736766e-17,0.9611297838723007,0.27609697309746883,10037.0,9896.0,10578.0,7661.571428571428,7973.0,3542.439218821918,7883.133333333333,8925.0,3287.612903353869,2190.0,0,0,0,0,0,1,0,0,1,10182
108,2,2013-03-17,-2.4492935982947064e-16,1.0,1.0,6.123233995736766e-17,0.9657399376548549,0.2595117970697999,10182.0,0.0,0.0,7661.571428571428,7973.0,3542.439218821918,7593.0,8925.0,3583.4302964694566,2190.0,0,0,0,0,0,1,0,0,1,0
108,2,2013-03-18,0.7818314824680298,0.6234898018587336,1.0,6.123233995736766e-17,0.970063921851507,0.2428497220959356,0.0,9767.0,10287.0,7650.571428571428,7973.0,3534.9233776298893,7613.233333333334,8925.0,3593.832050297722,2190.0,1,0,0,0,0,1,0,0,1,9690
108,2,2013-03-19,0.9749279121818236,-0.22252093395631434,1.0,6.123233995736766e-17,0.9741004551724205,0.22611568550828828,9690.0,7898.0,9254.0,7836.0,9196.0,3583.7722676903854,7919.766666666666,9087.0,3302.4451931898875,2190.0,1,0,0,0,0,1,0,0,1,9196
108,2,2013-03-20,0.43388373911755823,-0.900968867902419,1.0,6.123233995736766e-17,0.9778483415056568,0.20931464596304847,9196.0,7774.0,9457.0,8024.857142857143,9196.0,3614.6606308463456,7860.033333333334,9037.0,3262.8750648018613,2190.0,1,0,0,0,0,1,0,0,1,9096
108,2,2013-03-21,-0.433883739117558,-0.9009688679024191,1.0,6.123233995736766e-17,0.9813064702716093,0.19245158197082998,9096.0,7973.0,8128.0,8197.0,9196.0,3640.381069796589,7849.533333333334,9037.0,3257.942049116636,2190.0,1,0,0,0,0,1,0,0,1,9178
108,2,2013-03-22,-0.9749279121818236,-0.2225209339563146,1.0,6.123233995736766e-17,0.9844738167520922,0.1755314904214282,9178.0,10037.0,9433.0,8068.285714285715,9178.0,3579.9067825054603,7883.733333333334,9116.0,3266.145412787261,2190.0,1,0,0,0,0,1,0,0,1,9136
108,2,2013-03-23,-0.7818314824680299,0.6234898018587334,1.0,6.123233995736766e-17,0.9873494423939864,0.15855938510313478,9136.0,10182.0,9896.0,8116.142857142857,9178.0,3614.9406831727088,7938.566666666667,9157.0,3296.9719198424923,2190.0,0,0,0,0,0,1,0,0,1,10517
108,2,2013-03-24,-2.4492935982947064e-16,1.0,1.0,6.123233995736766e-17,0.989932495087353,0.141540295217043,10517.0,0.0,0.0,8116.142857142857,9178.0,3614.9406831727083,7639.3,9157.0,3593.501290884172,2190.0,0,0,0,0,0,1,0,0,1,0
108,2,2013-03-25,0.7818314824680298,0.6234898018587336,1.0,6.123233995736766e-17,0.9922222094179323,0.12447926388678915,0.0,9690.0,9767.0,8167.0,9178.0,3643.1669830885726,7620.466666666666,9157.0,3578.8403894744088,2190.0,1,0,0,0,0,1,0,0,1,10046
108,2,2013-03-26,0.9749279121818236,-0.22252093395631434,1.0,6.123233995736766e-17,0.994217906893952,0.10738134666416309,10046.0,9196.0,7898.0,8014.571428571428,9136.0,3615.1522723643297,7891.433333333333,9157.0,3276.979598426843,2190.0,1,0,0,0,0,1,0,0,1,8129
108,2,2013-03-27,0.43388373911755823,-0.900968867902419,1.0,6.123233995736766e-17,0.995918996147179,0.09025161003104117,8129.0,9096.0,7774.0,8270.142857142857,9178.0,3764.496665273748,7973.933333333333,9187.0,3321.339602332618,2190.0,1,0,0,0,0,1,0,0,1,10885
108,2,2013-03-28,-0.433883739117558,-0.9009688679024191,1.0,6.123233995736766e-17,0.9973249731081555,0.07309512989807777,10885.0,9178.0,7973.0,8793.285714285714,10046.0,4146.730668622605,8155.4,9225.0,3435.4355202496686,2190.0,1,0,0,0,0,1,0,0,1,12840
108,2,2013-03-29,-0.9749279121818236,-0.2225209339563146,1.0,6.123233995736766e-17,0.9984354211555643,0.055916990100603484,12840.0,9136.0,10037.0,7488.142857142857,10046.0,5298.630119460799,7913.733333333334,9225.0,3742.592757317638,2190.0,1,0,0,0,0,1,0,0,1,0
108,2,2013-03-30,-0.7818314824680299,0.6234898018587334,1.0,6.123233995736766e-17,0.9992500112396835,0.03872228089217446,0.0,10517.0,10182.0,8246.285714285714,10046.0,6120.211889422506,8158.433333333333,9343.5,4011.4273294602053,2190.0,0,0,0,0,0,1,0,0,1,15824
108,2,2013-03-31,-2.4492935982947064e-16,1.0,1.0,6.123233995736766e-17,0.9997685019798909,0.021516097436222254,15824.0,0.0,0.0,8246.285714285714,10046.0,6120.211889422506,7840.033333333334,9225.0,4267.889638260088,2190.0,0,0,0,0,0,1,0,0,1,0
108,2,2013-04-01,0.7818314824680298,0.6234898018587336,0.8660254037844387,-0.49999999999999983,0.9999907397361901,0.004303538296244289,0.0,10046.0,9690.0,6811.142857142857,8129.0,6771.100019656368,7487.433333333333,9187.0,4466.239007790857,2190.0,0,0,0,0,0,1,0,0,1,0
108,2,2013-04-02,0.9749279121818236,-0.22252093395631434,0.8660254037844387,-0.49999999999999983,0.9999166586547379,-0.01291029607500882,0.0,8129.0,9196.0,7129.142857142857,10355.0,6894.455270446714,7832.6,9225.0,4263.148080775602,2190.0,0,0,0,0,0,1,0,0,1,10355
108,2,2013-04-03,0.43388373911755823,-0.900968867902419,0.8660254037844387,-0.49999999999999983,0.9995462806873573,-0.030120304846908114,10355.0,10885.0,9096.0,6844.857142857143,8895.0,6753.358927935327,7786.2,9187.0,4243.041121485944,2190.0,0,0,0,0,0,1,0,0,1,8895
108,2,2013-04-04,-0.433883739117558,-0.9009688679024191,0.8660254037844387,-0.49999999999999983,0.9988797155850336,-0.04732138832243185,8895.0,12840.0,9178.0,6273.571428571428,8841.0,6316.716152589171,7772.433333333333,9157.0,4238.782442972343,2190.0,0,0,0,0,0,1,0,0,1,8841
108,2,2013-04-05,-0.9749279121818236,-0.2225209339563146,0.8660254037844387,-0.49999999999999983,0.9979171608653922,-0.06450844944931623,8841.0,0.0,9136.0,7616.857142857143,8895.0,5733.092924084738,7770.633333333333,9157.0,4238.053826962311,2190.0,0,0,0,0,0,1,0,0,1,9403
108,2,2013-04-06,-0.7818314824680299,0.6234898018587334,0.8660254037844387,-0.49999999999999983,0.9966589017541702,-0.08167639533042241,9403.0,15824.0,10517.0,6779.714285714285,8895.0,4662.909596460337,7831.833333333333,9187.0,4256.608210068552,2190.0,0,0,0,0,0,1,0,0,1,9964
108,2,2013-04-07,-2.4492935982947064e-16,1.0,0.8660254037844387,-0.49999999999999983,0.9951053111006976,-0.09882013873287143,9964.0,0.0,0.0,6779.714285714285,8895.0,4662.909596460337,7517.4,9157.0,4476.954472822362,2190.0,0,0,0,0,0,1,0,0,1,0
108,2,2013-04-08,0.7818314824680298,0.6234898018587336,0.8660254037844387,-0.49999999999999983,0.9932568492674143,-0.11593459959550041,0.0,0.0,10046.0,8323.57142857143,9403.0,3742.245219879947,7547.766666666666,9157.0,4496.690681113079,2190.0,1,0,0,0,0,1,0,0,1,10807
108,2,2013-04-09,0.9749279121818236,-0.22252093395631434,0.8660254037844387,-0.49999999999999983,0.9911140639934547,-0.1330147065341959,10807.0,10355.0,8129.0,8238.0,9403.0,3694.597136360069,7872.966666666666,9187.0,4279.548183397753,2190.0,1,0,0,0,0,1,0,0,1,9756
108,2,2013-04-10,0.43388373911755823,-0.900968867902419,0.8660254037844387,-0.49999999999999983,0.9886775902323405,-0.1500553983446526,9756.0,8895.0,10885.0,8284.142857142857,9403.0,3706.1690656063124,7854.666666666667,9187.0,4272.33745546081,2190.0,1,0,0,0,0,1,0,0,1,9218
108,2,2013-04-11,-0.433883739117558,-0.9009688679024191,0.8660254037844387,-0.49999999999999983,0.9859481499638304,-0.16705162550211924,9218.0,8841.0,12840.0,8341.57142857143,9403.0,3719.327128085712,7899.5,9207.0,4279.858374630703,2190.0,1,0,0,0,0,1,0,0,1,9243
108,2,2013-04-12,-0.9749279121818236,-0.2225209339563146,0.8660254037844387,-0.49999999999999983,0.9829265519799822,-0.18399835165768005,9243.0,9403.0,0.0,8401.42857142857,9756.0,3742.555359516763,7967.766666666666,9230.5,4294.097349516712,2190.0,1,0,0,0,0,1,0,0,1,9822
108,2,2013-04-13,-0.7818314824680299,0.6234898018587334,0.8660254037844387,-0.49999999999999983,0.9796136916454901,-0.20089055513063506,9822.0,9964.0,15824.0,8437.714285714286,9756.0,3761.4139502003677,8042.6,9323.0,4313.708745943286,2190.0,0,0,0,0,0,1,0,0,1,10218
108,2,2013-04-14,-2.4492935982947064e-16,1.0,0.8660254037844387,-0.49999999999999983,0.9760105506323683,-0.21772323039653177,10218.0,0.0,0.0,8437.714285714286,9756.0,3761.4139502003677,7708.033333333334,9230.5,4537.134706362394,2190.0,0,0,0,0,0,1,0,0,1,0
108,2,2013-04-15,0.7818314824680298,0.6234898018587336,0.8660254037844387,-0.49999999999999983,0.9721181966290613,-0.23449138957040985,0.0,10807.0,0.0,7995.285714285715,9243.0,3615.5972634446707,7625.633333333333,9207.0,4513.0383868973695,2190.0,0,0,0,0,0,1,0,0,1,7710
108,2,2013-04-16,0.9749279121818236,-0.22252093395631434,0.8660254037844387,-0.49999999999999983,0.9679377830240642,-0.25119006388481935,7710.0,9756.0,10355.0,7725.571428571428,9218.0,3531.810860221845,7887.9,9207.0,4277.055435290936,2190.0,0,0,0,0,0,1,0,0,1,7868
108,2,2013-04-17,0.43388373911755823,-0.900968867902419,0.8660254037844387,-0.49999999999999983,0.9634705485641488,-0.2678143051621742,7868.0,9218.0,8895.0,7301.142857142857,7868.0,3500.9517957536177,7773.133333333333,9187.0,4273.223524688831,2190.0,0,0,0,0,0,1,0,0,1,6247
108,2,2013-04-18,-0.433883739117558,-0.9009688679024191,0.8660254037844387,-0.49999999999999983,0.9587178169872964,-0.2843591872810034,6247.0,9243.0,8841.0,7137.0,7868.0,3420.75025883699,7736.4,9157.0,4265.299703258928,2190.0,0,0,0,0,0,1,0,0,1,8094
108,2,2013-04-19,-0.9749279121818236,-0.2225209339563146,0.8660254037844387,-0.49999999999999983,0.9536809966304457,-0.30081980763566735,8094.0,9822.0,9403.0,7074.428571428572,7868.0,3367.0355832761284,7746.0,9198.0,4268.787981100282,2190.0,0,0,0,0,0,1,0,0,1,9384
108,2,2013-04-20,-0.7818314824680299,0.6234898018587334,0.8660254037844387,-0.49999999999999983,0.9483615800121715,-0.3171912885891061,9384.0,10218.0,9964.0,7188.0,7868.0,3501.4660263000314,7807.166666666667,9230.5,4303.023789137712,2190.0,0,0,0,0,0,1,0,0,1,11013
108,2,2013-04-21,-2.4492935982947064e-16,1.0,0.8660254037844387,-0.49999999999999983,0.9427611433904207,-0.3334687789181868,11013.0,0.0,0.0,7188.0,7868.0,3501.4660263000314,7502.633333333333,9230.5,4523.380773220429,2190.0,0,0,0,0,0,1,0,0,1,0
108,2,2013-04-22,0.7818314824680298,0.6234898018587336,0.8660254037844387,-0.49999999999999983,0.9368813462954315,-0.3496474552512284,0.0,7710.0,10807.0,7763.714285714285,8094.0,3909.170360161081,7543.4,9230.5,4556.871458539859,2190.0,1,0,0,0,0,1,0,0,1,11740
108,2,2013-04-23,0.9749279121818236,-0.22252093395631434,0.8660254037844387,-0.49999999999999983,0.9307239310379795,-0.36572252349726897,11740.0,7868.0,9756.0,7845.142857142857,8438.0,3917.6321261944045,7824.666666666667,9230.5,4329.973101241078,2190.0,1,0,0,0,0,1,0,0,1,8438
108,2,2013-04-24,0.43388373911755823,-0.900968867902419,0.8660254037844387,-0.49999999999999983,0.9242907221930934,-0.3816892202666588,8438.0,6247.0,9218.0,8059.0,8438.0,3856.230326800171,7747.933333333333,9056.5,4309.599908890924,2190.0,1,0,0,0,0,1,0,0,1,7744
108,2,2013-04-25,-0.433883739117558,-0.9009688679024191,0.8660254037844387,-0.49999999999999983,0.9175836260593937,-0.39754281428255595,7744.0,8094.0,9243.0,8122.142857142857,8536.0,3860.5152690874265,7761.5,9056.5,4311.481086027448,2190.0,1,0,0,0,0,1,0,0,1,8536
108,2,2013-04-26,-0.9749279121818236,-0.2225209339563146,0.8660254037844387,-0.49999999999999983,0.9106046300942163,-0.4132786077829042,8536.0,9384.0,9822.0,8117.857142857143,8536.0,3858.8972703166332,7710.466666666666,9056.5,4282.196010374161,2190.0,1,0,0,0,0,1,0,0,1,9354
108,2,2013-04-27,-0.7818314824680299,0.6234898018587334,0.8660254037844387,-0.49999999999999983,0.9033558023246845,-0.4288919379124835,9354.0,11013.0,10218.0,8150.714285714285,8536.0,3888.522372070818,7657.233333333334,9056.5,4225.78514788577,2190.0,0,0,0,0,0,1,0,0,1,11243
108,2,2013-04-28,-2.4492935982947064e-16,1.0,0.8660254037844387,-0.49999999999999983,0.895839290734909,-0.4443781781046132,11243.0,0.0,0.0,8150.714285714285,8536.0,3888.5223720708177,7657.233333333334,9056.5,4225.78514788577,2190.0,0,0,0,0,0,1,0,0,1,0
108,2,2013-04-29,0.7818314824680298,0.6234898018587336,0.8660254037844387,-0.49999999999999983,0.8880573226294932,-0.45973273945210397,0.0,11740.0,7710.0,8305.714285714286,8536.0,4072.7025717691763,7557.266666666666,9056.5,4058.071895943157,2190.0,1,0,0,0,0,1,0,0,1,12825
108,2,2013-04-30,0.9749279121818236,-0.22252093395631434,0.8660254037844387,-0.49999999999999983,0.8800122039735357,-0.47495107206704995,12825.0,8438.0,7868.0,8769.857142857143,9354.0,4270.617263291555,7946.833333333333,9230.5,3863.891330335739,2190.0,1,0,0,0,0,1,0,0,1,11687
108,2,2013-05-01,0.43388373911755823,-0.900968867902419,0.49999999999999994,-0.8660254037844387,0.8717063187093218,-0.49002866642905923,11687.0,7744.0,6247.0,7663.571428571428,9354.0,5427.092003923246,7946.833333333333,9230.5,3863.891330335739,2190.0,1,0,0,0,0,1,0,0,1,0
108,2,2013-05-02,-0.433883739117558,-0.9009688679024191,0.49999999999999994,-0.8660254037844387,0.8631421280499114,-0.5049610547215204,0.0,8536.0,8094.0,8175.714285714285,11243.0,5686.115713275797,8005.7,9230.5,3914.9601323552515,2190.0,1,0,0,0,0,1,0,0,1,12121
108,2,2013-05-03,-0.9749279121818236,-0.2225209339563146,0.49999999999999994,-0.8660254037844387,0.854322169749827,-0.5197438121555155,12121.0,9354.0,9384.0,8473.0,11435.0,5811.0154878472,8090.366666666667,9298.5,3962.0382379339285,2190.0,1,0,0,0,0,1,0,0,1,11435
108,2,2013-05-04,-0.7818314824680299,0.6234898018587334,0.49999999999999994,-0.8660254037844387,0.8452490573530633,-0.5343725582809787,11435.0,11243.0,11013.0,8315.57142857143,11435.0,5737.932898908891,8133.7,9369.0,3977.6096456418977,2190.0,0,0,0,0,0,1,0,0,1,10141
108,2,2013-05-05,-2.4492935982947064e-16,1.0,0.49999999999999994,-0.8660254037844387,0.835925479418637,-0.548842958284719,10141.0,0.0,0.0,8315.57142857143,11435.0,5737.932898908891,7820.266666666666,9298.5,4236.209739958535,2190.0,0,0,0,0,0,1,0,0,1,0
108,2,2013-05-06,0.7818314824680298,0.6234898018587336,0.49999999999999994,-0.8660254037844387,0.8263541987239096,-0.5631507242749186,0.0,12825.0,11740.0,7770.0,10141.0,5409.889894135248,7788.333333333333,9230.5,4223.083097758642,2190.0,0,0,0,0,0,1,0,0,1,9006
108,2,2013-05-07,0.9749279121818236,-0.22252093395631434,0.49999999999999994,-0.8660254037844387,0.8165380514459161,-0.5772916165517272,9006.0,11687.0,8438.0,7481.285714285715,9666.0,5216.478496530195,8110.533333333334,9298.5,3969.5027286353757,2190.0,0,0,0,0,0,1,0,0,1,9666
108,2,2013-05-08,0.43388373911755823,-0.900968867902419,0.49999999999999994,-0.8660254037844387,0.8064799463209448,-0.5912614448635781,9666.0,0.0,7744.0,8910.57142857143,10005.0,4069.5901045495566,8083.8,9298.5,3953.3845682943115,2190.0,0,0,0,0,0,1,0,0,1,10005
108,2,2013-05-09,-0.433883739117558,-0.9009688679024191,0.49999999999999994,-0.8660254037844387,0.7961828637826158,-0.6050560696488488,10005.0,12121.0,8536.0,7179.0,9666.0,4957.694961706837,7758.6,9230.5,4204.378486194176,2190.0,0,0,0,0,0,1,0,0,1,0
108,2,2013-05-10,-0.9749279121818236,-0.2225209339563146,0.49999999999999994,-0.8660254037844387,0.7856498550787145,-0.6186714032625031,0.0,11435.0,9354.0,7420.0,9666.0,5232.456115439481,7888.733333333334,9298.5,4310.193714610897,2190.0,0,0,0,0,0,1,0,0,1,13122
108,2,2013-05-11,-0.7818314824680299,0.6234898018587334,0.49999999999999994,-0.8660254037844387,0.7748840413670407,-0.6321034111873487,13122.0,10141.0,11243.0,7617.571428571428,9666.0,5376.450435530333,7964.766666666666,9369.0,4354.795293366435,2190.0,0,0,0,0,0,1,0,0,1,11524
108,2,2013-05-12,-2.4492935982947064e-16,1.0,0.49999999999999994,-0.8660254037844387,0.7638886127905428,-0.6453481132295501,11524.0,0.0,0.0,7617.571428571428,9666.0,5376.450435530333,7637.366666666667,9180.0,4574.047814861985,2190.0,0,0,0,0,0,1,0,0,1,0
108,2,2013-05-13,0.7818314824680298,0.6234898018587336,0.49999999999999994,-0.8660254037844387,0.7526668275320084,-0.6584015846980488,0.0,9006.0,12825.0,8228.57142857143,10005.0,5787.823651343194,7739.533333333334,9180.0,4666.963331785445,2190.0,1,0,0,0,0,1,0,0,1,13283
108,2,2013-05-14,0.9749279121818236,-0.22252093395631434,0.49999999999999994,-0.8660254037844387,0.741222010848596,-0.6712599575675313,13283.0,9666.0,11687.0,8290.285714285714,10098.0,5807.973218323406,8076.133333333333,9369.0,4448.552098684768,2190.0,1,0,0,0,0,1,0,0,1,10098
108,2,2013-05-15,0.43388373911755823,-0.900968867902419,0.49999999999999994,-0.8660254037844387,0.7295575540864875,-0.6839194216246106,10098.0,10005.0,0.0,8263.42857142857,10098.0,5799.150508397558,8146.366666666667,9525.0,4459.192129425066,2190.0,1,0,0,0,0,1,0,0,1,9817
108,2,2013-05-16,-0.433883739117558,-0.9009688679024191,0.49999999999999994,-0.8660254037844387,0.717676913675962,-0.6963762255968722,9817.0,0.0,12121.0,9793.57142857143,10711.0,4529.493601465218,8241.133333333333,9741.5,4483.217261754327,2190.0,1,0,0,0,0,1,0,0,1,10711
108,2,2013-05-17,-0.9749279121818236,-0.2225209339563146,0.49999999999999994,-0.8660254037844387,0.705583610107178,-0.7086266782644596,10711.0,13122.0,11435.0,9643.857142857143,10711.0,4417.067104937831,8435.366666666667,9911.0,4519.91903713981,2190.0,1,0,0,0,0,1,0,0,1,12074
108,2,2013-05-18,-0.7818314824680299,0.6234898018587334,0.49999999999999994,-0.8660254037844387,0.6932812268869777,-0.7206671495538609,12074.0,11524.0,10141.0,9490.857142857143,10453.0,4359.258401325145,8514.0,10051.5,4534.2725227256515,2190.0,0,0,0,0,0,1,0,0,1,10453
108,2,2013-05-19,-2.4492935982947064e-16,1.0,0.49999999999999994,-0.8660254037844387,0.6807734094770161,-0.7324940716135789,10453.0,0.0,0.0,9490.857142857143,10453.0,4359.258401325145,8201.2,10051.5,4788.726606347959,2190.0,0,0,0,0,0,1,0,0,1,0
108,2,2013-05-20,0.7818314824680298,0.6234898018587336,0.49999999999999994,-0.8660254037844387,0.6680638642135335,-0.7441039398713607,0.0,13283.0,9006.0,7593.285714285715,10098.0,5236.242027583197,7834.1,9911.0,4983.890471412318,2190.0,0,0,0,0,0,1,0,0,1,0
108,2,2013-05-21,0.9749279121818236,-0.22252093395631434,0.49999999999999994,-0.8660254037844387,0.6551563572090853,-0.7554933140726803,0.0,10098.0,9666.0,7697.142857142857,10453.0,5301.010325984143,8194.933333333332,10051.5,4785.041713747004,2190.0,0,0,0,0,0,1,0,0,1,10825
108,2,2013-05-22,0.43388373911755823,-0.900968867902419,0.49999999999999994,-0.8660254037844387,0.6420547132365637,-0.766658819300159,10825.0,9817.0,10005.0,7569.0,10453.0,5251.839423795567,8100.933333333333,9911.0,4740.490465919247,2190.0,0,0,0,0,0,1,0,0,1,8920
108,2,2013-05-23,-0.433883739117558,-0.9009688679024191,0.49999999999999994,-0.8660254037844387,0.6287628145958344,-0.777597146973627,8920.0,10711.0,0.0,7265.857142857143,8920.0,5099.278884593111,8105.966666666666,9911.0,4740.940838413126,2190.0,0,0,0,0,0,1,0,0,1,8589
108,2,2013-05-24,-0.9749279121818236,-0.2225209339563146,0.49999999999999994,-0.8660254037844387,0.6152845999633276,-0.7883050558305255,8589.0,12074.0,13122.0,6815.571428571428,8920.0,4729.713552184137,8145.233333333334,9911.0,4742.717522202046,2190.0,0,0,0,0,0,1,0,0,1,8922
108,2,2013-05-25,-0.7818314824680299,0.6234898018587334,0.49999999999999994,-0.8660254037844387,0.6016240632249226,-0.7987793728863649,8922.0,10453.0,11524.0,6793.714285714285,8920.0,4710.416708894085,8204.033333333333,10051.5,4758.637565691383,2190.0,0,0,0,0,0,1,0,0,1,10300
108,2,2013-05-26,-2.4492935982947064e-16,1.0,0.49999999999999994,-0.8660254037844387,0.5877852522924732,-0.8090169943749473,10300.0,0.0,0.0,6793.714285714285,8920.0,4710.416708894085,7892.233333333334,10051.5,4981.90337316374,2190.0,0,0,0,0,0,1,0,0,1,0
108,2,2013-05-27,0.7818314824680298,0.6234898018587336,0.49999999999999994,-0.8660254037844387,0.5737722679043246,-0.8190148866680801,0.0,0.0,13283.0,8568.57142857143,8922.0,4012.9559287032207,7931.6,10051.5,5013.857538930446,2190.0,1,0,0,0,0,1,0,0,1,12424
108,2,2013-05-28,0.9749279121818236,-0.22252093395631434,0.49999999999999994,-0.8660254037844387,0.5595892624101765,-0.8287700871745037,12424.0,10825.0,10098.0,8244.857142857143,8920.0,3890.115183751913,8216.9,10051.5,4785.270952945451,2190.0,1,0,0,0,0,1,0,0,1,8559
108,2,2013-05-29,0.43388373911755823,-0.900968867902419,0.49999999999999994,-0.8660254037844387,0.545240438540651,-0.8382797052177743,8559.0,8920.0,9817.0,8685.142857142857,8922.0,4145.304991938533,8189.466666666666,10051.5,4760.235952811247,2190.0,1,0,0,0,0,1,0,0,1,12002
108,2,2013-05-30,-0.433883739117558,-0.9009688679024191,0.49999999999999994,-0.8660254037844387,0.5307300481619334,-0.8475409228928311,12002.0,8589.0,10711.0,7458.142857142857,8922.0,5291.267662497381,7799.9,9911.0,4938.997883488459,2190.0,1,0,0,0,0,1,0,0,1,0
108,2,2013-05-31,-0.9749279121818236,-0.2225209339563146,0.49999999999999994,-0.8660254037844387,0.5160623910158528,-0.8565509959010036,0.0,8922.0,12074.0,8404.857142857143,10300.0,6124.13663108446,8318.2,10051.5,4908.010225377878,2190.0,1,0,0,0,0,1,0,0,1,15549
108,2,2013-06-01,-0.7818314824680299,0.6234898018587334,1.2246467991473532e-16,-1.0,0.5012418134457758,-0.865307254363206,15549.0,10300.0,10453.0,8663.714285714286,12002.0,6254.499572688605,8317.9,10051.5,4907.770034729941,2190.0,0,0,0,0,0,1,0,0,1,12112
108,2,2013-06-02,-2.4492935982947064e-16,1.0,1.2246467991473532e-16,-1.0,0.48627270710869,-0.8738071036110808,12112.0,0.0,0.0,8663.714285714286,12002.0,6254.499572688605,7936.733333333334,9911.0,5097.709092857528,2190.0,0,0,0,0,0,1,0,0,1,0
108,2,2013-06-03,0.7818314824680298,0.6234898018587336,1.2246467991473532e-16,-1.0,0.4711595076738638,-0.8820480249558537,0.0,12424.0,0.0,8874.285714285714,12002.0,6424.694615681118,8061.966666666666,9911.0,5198.872254921112,2190.0,1,0,0,0,0,1,0,0,1,13898
108,2,2013-06-04,0.9749279121818236,-0.22252093395631434,1.2246467991473532e-16,-1.0,0.4559066935084588,-0.8900275764346767,13898.0,8559.0,10825.0,8987.142857142857,12002.0,6425.17181167351,8373.6,9911.0,4974.305001532966,2190.0,1,0,0,0,0,1,0,0,1,9349
108,2,2013-06-05,0.43388373911755823,-0.900968867902419,1.2246467991473532e-16,-1.0,0.440518784350495,-0.8977433935342337,9349.0,12002.0,8920.0,8557.42857142857,9349.0,6289.07915509478,8373.2,9911.0,4974.2528768407665,2190.0,1,0,0,0,0,1,0,0,1,8994
108,2,2013-06-06,-0.433883739117558,-0.9009688679024191,1.2246467991473532e-16,-1.0,0.42500033996955416,-0.9051931898913974,8994.0,0.0,8589.0,9946.57142857143,9724.0,5032.202627648688,8375.133333333333,9911.0,4974.783916522604,2190.0,1,0,0,0,0,1,0,0,1,9724
108,2,2013-06-07,-0.9749279121818236,-0.2225209339563146,1.2246467991473532e-16,-1.0,0.4093559588156213,-0.9123747579707273,9724.0,15549.0,8922.0,9102.714285714286,9642.0,4390.5063001240105,8363.033333333333,9770.5,4971.123056928531,2190.0,1,0,0,0,0,1,0,0,1,9642
108,2,2013-06-08,-0.7818314824680299,0.6234898018587334,1.2246467991473532e-16,-1.0,0.39359027665646673,-0.9192859697186104,9642.0,12112.0,10300.0,8790.0,9642.0,4214.890469118589,8693.8,9870.0,4719.2227618392935,2190.0,0,0,0,0,0,1,0,0,1,9923
108,2,2013-06-09,-2.4492935982947064e-16,1.0,1.2246467991473532e-16,-1.0,0.3777079652039649,-0.9259247771938498,9923.0,0.0,0.0,8790.0,9642.0,4214.890469118589,8256.4,9770.5,4899.311989699555,2190.0,0,0,0,0,0,1,0,0,1,0
108,2,2013-06-10,0.7818314824680298,0.6234898018587336,1.2246467991473532e-16,-1.0,0.36171373072976765,-0.9322892131745133,0.0,13898.0,12424.0,8173.857142857143,9585.0,3616.5072205362058,8191.766666666666,9683.0,4867.404340369074,2190.0,0,0,0,0,0,1,0,0,1,9585
108,2,2013-06-11,0.9749279121818236,-0.22252093395631434,1.2246467991473532e-16,-1.0,0.3456123126707335,-0.9383773917408641,9585.0,9349.0,8559.0,8018.428571428572,9585.0,3580.7884074666645,8467.133333333333,9683.0,4615.125333474508,2190.0,0,0,0,0,0,1,0,0,1,8261
108,2,2013-06-12,0.43388373911755823,-0.900968867902419,1.2246467991473532e-16,-1.0,0.3294084822245304,-0.9441875088341993,8261.0,8994.0,12002.0,7802.428571428572,9585.0,3557.6606947610458,8273.766666666666,9613.5,4527.076659568426,2190.0,0,0,0,0,0,1,0,0,1,7482
108,2,2013-06-13,-0.433883739117558,-0.9009688679024191,1.2246467991473532e-16,-1.0,0.3131070409358269,-0.9497178427914316,7482.0,9724.0,0.0,7451.428571428572,8261.0,3456.2392305868584,8179.4,9467.0,4517.234694230381,2190.0,0,0,0,0,0,1,0,0,1,7267
108,2,2013-06-14,-0.9749279121818236,-0.2225209339563146,1.2246467991473532e-16,-1.0,0.29671281927349075,-0.9549667548552551,7267.0,9642.0,15549.0,7711.428571428572,8261.0,3707.7939918116153,8234.233333333334,9467.0,4547.679959346711,2190.0,0,0,0,0,0,1,0,0,1,11462
108,2,2013-06-15,-0.7818314824680299,0.6234898018587334,1.2246467991473532e-16,-1.0,0.28023067519921585,-0.9599326896597447,11462.0,9923.0,12112.0,7722.285714285715,8261.0,3715.4525841089576,8210.5,9467.0,4536.1518230840775,2190.0,0,0,0,0,0,1,0,0,1,9999
108,2,2013-06-16,-2.4492935982947064e-16,1.0,1.2246467991473532e-16,-1.0,0.26366549272800704,-0.9646141756912435,9999.0,0.0,0.0,7722.285714285715,8261.0,3715.4525841089576,7808.033333333334,9171.5,4713.699121989407,2190.0,0,0,0,0,0,1,0,0,1,0
108,2,2013-06-17,0.7818314824680298,0.6234898018587336,1.2246467991473532e-16,-1.0,0.24702218048093552,-0.9690098257244062,0.0,9585.0,13898.0,8180.571428571428,8261.0,4155.3135805112215,7886.033333333334,9171.5,4777.8993615599975,2190.0,1,0,0,0,0,1,0,0,1,12793
108,2,2013-06-18,0.9749279121818236,-0.22252093395631434,1.2246467991473532e-16,-1.0,0.23030567023061221,-0.9731183372332619,12793.0,8261.0,9349.0,8339.42857142857,9373.0,4180.082808475728,8198.466666666667,9361.0,4545.23038172858,2190.0,1,0,0,0,0,1,0,0,1,9373
108,2,2013-06-19,0.43388373911755823,-0.900968867902419,1.2246467991473532e-16,-1.0,0.21352091543979612,-0.9769384927771817,9373.0,7482.0,8994.0,8399.57142857143,9373.0,4168.703229908272,8461.9,9361.0,4274.644525249018,2190.0,1,0,0,0,0,1,0,0,1,7903
108,2,2013-06-20,-0.433883739117558,-0.9009688679024191,1.2246467991473532e-16,-1.0,0.19667288979357647,-0.980469160361632,7903.0,7267.0,9724.0,8673.42857142857,9373.0,4144.798863521324,8407.2,9266.5,4253.811324707165,2190.0,1,0,0,0,0,1,0,0,1,9184
108,2,2013-06-21,-0.9749279121818236,-0.2225209339563146,1.2246467991473532e-16,-1.0,0.1797665857255624,-0.9837092937736097,9184.0,11462.0,9642.0,8796.142857142857,9373.0,4252.4381409795005,8520.566666666668,9361.0,4312.858558274104,2190.0,1,0,0,0,0,1,0,0,1,12321
108,2,2013-06-22,-0.7818314824680299,0.6234898018587334,1.2246467991473532e-16,-1.0,0.16280701293851715,-0.986657932891657,12321.0,9999.0,9923.0,8869.57142857143,9373.0,4281.011790731369,8584.7,9479.0,4328.189214026326,2190.0,0,0,0,0,0,1,0,0,1,10513
108,2,2013-06-23,-2.4492935982947064e-16,1.0,1.2246467991473532e-16,-1.0,0.1457991969198751,-0.9893142039703663,10513.0,0.0,0.0,8869.57142857143,9373.0,4281.011790731369,8287.3,9479.0,4602.073499315659,2190.0,0,0,0,0,0,1,0,0,1,0
108,2,2013-06-24,0.7818314824680298,0.6234898018587336,1.2246467991473532e-16,-1.0,0.12874817745258132,-0.99167731989929,0.0,12793.0,9585.0,8265.857142857143,9184.0,3918.106108337357,8229.533333333333,9361.0,4586.789484455623,2190.0,0,0,0,0,0,1,0,0,1,8567
108,2,2013-06-25,0.9749279121818236,-0.22252093395631434,1.2246467991473532e-16,-1.0,0.11165900712169512,-0.993746580436178,8567.0,9373.0,8261.0,8107.285714285715,8567.0,3888.177838623374,8504.966666666667,9361.0,4315.651111488507,2190.0,0,0,0,0,0,1,0,0,1,8263
108,2,2013-06-26,0.43388373911755823,-0.900968867902419,1.2246467991473532e-16,-1.0,0.09453674981719912,-0.9955213724144752,8263.0,7903.0,7482.0,8186.428571428572,8567.0,3888.964809009503,8372.733333333334,9266.5,4251.731492587168,2190.0,0,0,0,0,0,1,0,0,1,8457
108,2,2013-06-27,-0.433883739117558,-0.9009688679024191,1.2246467991473532e-16,-1.0,0.07738647923346301,-0.9970011699250151,8457.0,9184.0,7267.0,8229.285714285714,8567.0,3903.416653577812,8403.566666666668,9361.0,4256.4802415994445,2190.0,0,0,0,0,0,1,0,0,1,9484
108,2,2013-06-28,-0.9749279121818236,-0.2225209339563146,1.2246467991473532e-16,-1.0,0.06021327736579302,-0.9981855344718586,9484.0,12321.0,11462.0,8102.0,8567.0,3759.632162858493,8384.5,9361.0,4241.0586166257135,2190.0,0,0,0,0,0,1,0,0,1,11430
108,2,2013-06-29,-0.7818314824680299,0.6234898018587334,1.2246467991473532e-16,-1.0,0.04302223300453059,-0.99907411510223,11430.0,10513.0,9999.0,8239.57142857143,8567.0,3878.304563300092,8767.033333333333,9428.5,3967.4466164049422,2190.0,0,0,0,0,0,1,0,0,1,11476
108,2,2013-06-30,-2.4492935982947064e-16,1.0,1.2246467991473532e-16,-1.0,0.02581844022713308,-0.9996666485105112,11476.0,0.0,0.0,8239.57142857143,8567.0,3878.304563300092,8248.733333333334,9361.0,4065.350228228923,2190.0,0,0,0,0,0,1,0,0,1,0
108,2,2013-07-01,0.7818314824680298,0.6234898018587336,-0.4999999999999998,-0.8660254037844388,0.008606996888688698,-0.9999629591162655,0.0,8567.0,12793.0,8801.0,9484.0,4204.353933721571,8261.566666666668,9361.0,4078.5524027893625,2190.0,1,0,0,0,0,1,0,0,1,12497
108,2,2013-07-02,0.9749279121818236,-0.22252093395631434,-0.4999999999999998,-0.8660254037844388,-0.008606996888688009,-0.9999629591162655,12497.0,8263.0,9373.0,8998.142857142857,9643.0,4207.2757388668015,8583.0,9428.5,3773.585115071566,2190.0,1,0,0,0,0,1,0,0,1,9643
108,2,2013-07-03,0.43388373911755823,-0.900968867902419,-0.4999999999999998,-0.8660254037844388,-0.02581844022713239,-0.9996666485105112,9643.0,8457.0,7903.0,9249.714285714286,10218.0,4222.1482176054205,8460.333333333334,9428.5,3652.731527117129,2190.0,1,0,0,0,0,1,0,0,1,10218
108,2,2013-07-04,-0.433883739117558,-0.9009688679024191,-0.4999999999999998,-0.8660254037844388,-0.04302223300453034,-0.99907411510223,10218.0,9484.0,9184.0,9365.42857142857,10294.0,4240.698207337366,8491.833333333334,9534.5,3664.714403731834,2190.0,1,0,0,0,0,1,0,0,1,10294
108,2,2013-07-05,-0.9749279121818236,-0.2225209339563146,-0.4999999999999998,-0.8660254037844388,-0.060213277365792774,-0.9981855344718586,10294.0,11430.0,12321.0,9261.714285714286,10294.0,4190.368906364764,8548.833333333334,9613.5,3686.030750740196,2190.0,1,0,0,0,0,1,0,0,1,10704
108,2,2013-07-06,-0.7818314824680299,0.6234898018587334,-0.4999999999999998,-0.8660254037844388,-0.07738647923346322,-0.9970011699250151,10704.0,11476.0,10513.0,8967.42857142857,10218.0,4079.821558889678,8538.566666666668,9534.5,3683.072449438936,2190.0,0,0,0,0,0,1,0,0,1,9416
108,2,2013-07-07,-2.4492935982947064e-16,1.0,-0.4999999999999998,-0.8660254037844388,-0.09453674981719933,-0.9955213724144752,9416.0,0.0,0.0,8967.42857142857,10218.0,4079.821558889678,8217.166666666666,9450.0,3991.267511778025,2190.0,0,0,0,0,0,1,0,0,1,0
108,2,2013-07-08,0.7818314824680298,0.6234898018587336,-0.4999999999999998,-0.8660254037844388,-0.11165900712169444,-0.9937465804361781,0.0,12497.0,8567.0,8610.285714285714,9997.0,3820.535508463259,8219.633333333333,9450.0,3992.3808080006584,2190.0,0,0,0,0,0,1,0,0,1,9997
108,2,2013-07-09,0.9749279121818236,-0.22252093395631434,-0.4999999999999998,-0.8660254037844388,-0.12874817745258066,-0.99167731989929,9997.0,9643.0,8263.0,8474.0,9997.0,3794.483495813368,8509.266666666666,9450.0,3678.339861042393,2190.0,0,0,0,0,0,1,0,0,1,8689
108,2,2013-07-10,0.43388373911755823,-0.900968867902419,-0.4999999999999998,-0.8660254037844388,-0.14579919691987442,-0.9893142039703664,8689.0,10218.0,8457.0,8185.428571428572,9416.0,3715.7402966812665,8463.033333333333,9394.5,3673.065519316997,2190.0,0,0,0,0,0,1,0,0,1,8198
108,2,2013-07-11,-0.433883739117558,-0.9009688679024191,-0.4999999999999998,-0.8660254037844388,-0.16280701293851646,-0.9866579328916572,8198.0,10294.0,9484.0,8054.571428571428,9378.0,3644.5540128225543,8500.266666666666,9397.0,3676.6066432507355,2190.0,0,0,0,0,0,1,0,0,1,9378
108,2,2013-07-12,-0.9749279121818236,-0.2225209339563146,-0.4999999999999998,-0.8660254037844388,-0.17976658572556214,-0.9837092937736098,9378.0,10704.0,11430.0,7913.714285714285,9378.0,3542.72215084605,8574.8,9450.0,3677.9164210188405,2190.0,0,0,0,0,0,1,0,0,1,9718
108,2,2013-07-13,-0.7818314824680299,0.6234898018587334,-0.4999999999999998,-0.8660254037844388,-0.19667288979357622,-0.9804691603616321,9718.0,9416.0,11476.0,7969.571428571428,9378.0,3573.3063520658725,8659.466666666667,9563.5,3676.007623846114,2190.0,0,0,0,0,0,1,0,0,1,9807
108,2,2013-07-14,-2.4492935982947064e-16,1.0,-0.4999999999999998,-0.8660254037844388,-0.2135209154397959,-0.9769384927771817,9807.0,0.0,0.0,7969.571428571428,9378.0,3573.3063520658725,8277.4,9450.0,3959.4097923110103,2190.0,0,0,0,0,0,1,0,0,1,0
108,2,2013-07-15,0.7818314824680298,0.6234898018587336,-0.4999999999999998,-0.8660254037844388,-0.23030567023061196,-0.973118337233262,0.0,9997.0,12497.0,8776.57142857143,9378.0,4598.359412411597,8465.633333333333,9450.0,4172.57159177716,2190.0,1,0,0,0,0,1,0,0,1,15646
108,2,2013-07-16,0.9749279121818236,-0.22252093395631434,-0.4999999999999998,-0.8660254037844388,-0.24702218048093527,-0.9690098257244063,15646.0,8689.0,9643.0,9096.857142857143,9718.0,4668.784082555528,8830.0,9563.5,3874.4452328132093,2190.0,1,0,0,0,0,1,0,0,1,10931
108,2,2013-07-17,0.43388373911755823,-0.900968867902419,-0.4999999999999998,-0.8660254037844388,-0.2636654927280072,-0.9646141756912435,10931.0,8198.0,10218.0,9359.0,9807.0,4661.413519523885,8738.0,9563.5,3809.31874622548,2190.0,1,0,0,0,0,1,0,0,1,10033
108,2,2013-07-18,-0.433883739117558,-0.9009688679024191,-0.4999999999999998,-0.8660254037844388,-0.2802306751992161,-0.9599326896597445,10033.0,9378.0,10294.0,9546.57142857143,10033.0,4688.642975572037,8781.933333333332,9680.5,3824.465028474313,2190.0,1,0,0,0,0,1,0,0,1,10691
108,2,2013-07-19,-0.9749279121818236,-0.2225209339563146,-0.4999999999999998,-0.8660254037844388,-0.2967128192734901,-0.9549667548552553,10691.0,9718.0,10704.0,9658.57142857143,10502.0,4702.763118888832,8868.566666666668,9762.5,3833.295131393858,2190.0,1,0,0,0,0,1,0,0,1,10502
108,2,2013-07-20,-0.7818314824680299,0.6234898018587334,-0.4999999999999998,-0.8660254037844388,-0.3131070409358267,-0.9497178427914317,10502.0,9807.0,9416.0,9689.57142857143,10502.0,4704.6194623704,8896.566666666668,9902.0,3838.7426253498943,2190.0,0,0,0,0,0,1,0,0,1,10024
108,2,2013-07-21,-2.4492935982947064e-16,1.0,-0.4999999999999998,-0.8660254037844388,-0.3294084822245302,-0.9441875088341994,10024.0,0.0,0.0,9689.57142857143,10502.0,4704.6194623704,8485.866666666667,9762.5,4109.301154893522,2190.0,0,0,0,0,0,1,0,0,1,0
108,2,2013-07-22,0.7818314824680298,0.6234898018587336,-0.4999999999999998,-0.8660254037844388,-0.3456123126707333,-0.9383773917408642,0.0,15646.0,9997.0,8679.57142857143,10033.0,3903.437923042668,8421.3,9680.5,4091.530833571831,2190.0,0,0,0,0,0,1,0,0,1,8576
108,2,2013-07-23,0.9749279121818236,-0.22252093395631434,-0.4999999999999998,-0.8660254037844388,-0.3617137307297674,-0.9322892131745134,8576.0,10931.0,8689.0,8369.0,10024.0,3778.9515300763915,8713.2,9680.5,3769.735858303516,2190.0,0,0,0,0,0,1,0,0,1,8757
108,2,2013-07-24,0.43388373911755823,-0.900968867902419,-0.4999999999999998,-0.8660254037844388,-0.37770796520396466,-0.9259247771938499,8757.0,10033.0,8198.0,8280.0,9410.0,3740.369545022706,8741.3,9680.5,3771.7498559504324,2190.0,0,0,0,0,0,1,0,0,1,9410
108,2,2013-07-25,-0.433883739117558,-0.9009688679024191,-0.4999999999999998,-0.8660254037844388,-0.39359027665646645,-0.9192859697186105,9410.0,10691.0,9378.0,8067.0,9200.0,3620.729254353791,8772.533333333333,9680.5,3771.5321201513543,2190.0,0,0,0,0,0,1,0,0,1,9200
108,2,2013-07-26,-0.9749279121818236,-0.2225209339563146,-0.4999999999999998,-0.8660254037844388,-0.4093559588156211,-0.9123747579707274,9200.0,10502.0,9718.0,7998.571428571428,9200.0,3571.2279800811243,8824.733333333334,9762.5,3777.846229445207,2190.0,0,0,0,0,0,1,0,0,1,10023
108,2,2013-07-27,-0.7818314824680299,0.6234898018587334,-0.4999999999999998,-0.8660254037844388,-0.42500033996955394,-0.9051931898913975,10023.0,10024.0,9807.0,8034.142857142857,9200.0,3595.9195128446863,8851.033333333333,9902.0,3785.333014852639,2190.0,0,0,0,0,0,1,0,0,1,10273
108,2,2013-07-28,-2.4492935982947064e-16,1.0,-0.4999999999999998,-0.8660254037844388,-0.4405187843504952,-0.8977433935342336,10273.0,0.0,0.0,8034.142857142857,9200.0,3595.9195128446863,8470.033333333333,9762.5,4080.5194351846403,2190.0,0,0,0,0,0,1,0,0,1,0
108,2,2013-07-29,0.7818314824680298,0.6234898018587336,-0.4999999999999998,-0.8660254037844388,-0.455906693508459,-0.8900275764346766,0.0,8576.0,15646.0,9005.142857142857,9410.0,4556.115868755299,8599.933333333332,9762.5,4238.483056010958,2190.0,1,0,0,0,0,1,0,0,1,15373
108,2,2013-07-30,0.9749279121818236,-0.22252093395631434,-0.4999999999999998,-0.8660254037844388,-0.47115950767386394,-0.8820480249558535,15373.0,8757.0,10931.0,9589.42857142857,10023.0,4775.941682263406,9028.166666666666,9902.0,3980.7927999447534,2190.0,1,0,0,0,0,1,0,0,1,12847
108,2,2013-07-31,0.43388373911755823,-0.900968867902419,-0.4999999999999998,-0.8660254037844388,-0.4862727071086902,-0.8738071036110807,12847.0,9410.0,10033.0,9896.57142857143,10273.0,4831.292334256714,8996.933333333332,9902.0,3956.237928528373,2190.0,1,0,0,0,0,1,0,0,1,11560
108,2,2013-08-01,-0.433883739117558,-0.9009688679024191,-0.8660254037844384,-0.5000000000000004,-0.5012418134457756,-0.8653072543632061,11560.0,9200.0,10691.0,10248.714285714286,11560.0,4861.7968116834445,9064.333333333334,10010.0,3984.7451900824335,2190.0,1,0,0,0,0,1,0,0,1,11665
108,2,2013-08-02,-0.9749279121818236,-0.2225209339563146,-0.8660254037844384,-0.5000000000000004,-0.5160623910158526,-0.8565509959010037,11665.0,10023.0,10502.0,10477.57142857143,11625.0,4887.040612925273,9111.233333333334,10010.0,4007.0098550117086,2190.0,1,0,0,0,0,1,0,0,1,11625
108,2,2013-08-03,-0.7818314824680299,0.6234898018587334,-0.8660254037844384,-0.5000000000000004,-0.5307300481619331,-0.8475409228928312,11625.0,10273.0,10024.0,10662.714285714286,11625.0,4902.523456149426,9153.733333333334,10010.0,4026.700556871926,2190.0,0,0,0,0,0,1,0,0,1,11569
108,2,2013-08-04,-2.4492935982947064e-16,1.0,-0.8660254037844384,-0.5000000000000004,-0.5452404385406507,-0.8382797052177745,11569.0,0.0,0.0,10662.714285714286,11625.0,4902.523456149426,8796.933333333332,9902.0,4346.157731823028,2190.0,0,0,0,0,0,1,0,0,1,0
108,2,2013-08-05,0.7818314824680298,0.6234898018587336,-0.8660254037844384,-0.5000000000000004,-0.5595892624101763,-0.828770087174504,0.0,15373.0,8576.0,9877.857142857143,11569.0,4440.792512925728,8812.366666666667,9938.0,4349.252821152028,2190.0,0,0,0,0,0,1,0,0,1,9879
108,2,2013-08-06,0.9749279121818236,-0.22252093395631434,-0.8660254037844384,-0.5000000000000004,-0.5737722679043243,-0.8190148866680802,9879.0,12847.0,8757.0,9248.0,11560.0,4258.406744311779,9093.633333333333,9938.0,4020.091862763524,2190.0,0,0,0,0,0,1,0,0,1,8438
108,2,2013-08-07,0.43388373911755823,-0.900968867902419,-0.8660254037844384,-0.5000000000000004,-0.5877852522924734,-0.8090169943749472,8438.0,11560.0,9410.0,8942.142857142857,9879.0,4139.911932580673,9074.366666666667,9843.0,4016.9969696307985,2190.0,0,0,0,0,0,1,0,0,1,9419
108,2,2013-08-08,-0.433883739117558,-0.9009688679024191,-0.8660254037844384,-0.5000000000000004,-0.6016240632249227,-0.7987793728863648,9419.0,11665.0,9200.0,8644.0,9578.0,3983.3270013896713,9104.0,9843.0,4017.3351520800406,2190.0,0,0,0,0,0,1,0,0,1,9578
108,2,2013-08-09,-0.9749279121818236,-0.2225209339563146,-0.8660254037844384,-0.5000000000000004,-0.6152845999633277,-0.7883050558305253,9578.0,11625.0,10023.0,8474.42857142857,9578.0,3858.586911342153,9178.666666666666,9951.0,4020.7304906149766,2190.0,0,0,0,0,0,1,0,0,1,10438
108,2,2013-08-10,-0.7818314824680299,0.6234898018587334,-0.8660254037844384,-0.5000000000000004,-0.6287628145958345,-0.7775971469736268,10438.0,11569.0,10273.0,8249.142857142857,9578.0,3690.1565652679965,9199.133333333333,10007.5,4023.3420121991203,2190.0,0,0,0,0,0,1,0,0,1,9992
108,2,2013-08-11,-2.4492935982947064e-16,1.0,-0.8660254037844384,-0.5000000000000004,-0.6420547132365636,-0.7666588193001592,9992.0,0.0,0.0,8249.142857142857,9578.0,3690.1565652679965,8875.2,10007.5,4357.466817093275,2190.0,0,0,0,0,0,1,0,0,1,0
108,2,2013-08-12,0.7818314824680298,0.6234898018587336,-0.8660254037844384,-0.5000000000000004,-0.655156357209085,-0.7554933140726804,0.0,9879.0,15373.0,9083.285714285714,9578.0,4654.037054511055,9072.233333333334,10023.5,4531.2287720945515,2190.0,1,0,0,0,0,1,0,0,1,15718
108,2,2013-08-13,0.9749279121818236,-0.22252093395631434,-0.8660254037844384,-0.5000000000000004,-0.6680638642135333,-0.7441039398713608,15718.0,8438.0,12847.0,9630.714285714286,9992.0,4788.899898525265,9481.233333333334,10028.5,4227.703604944934,2190.0,1,0,0,0,0,1,0,0,1,12270
108,2,2013-08-14,0.43388373911755823,-0.900968867902419,-0.8660254037844384,-0.5000000000000004,-0.6807734094770159,-0.7324940716135792,12270.0,9419.0,11560.0,9880.142857142857,10438.0,4821.394695471827,9331.866666666667,10028.5,4078.9293112821665,2190.0,1,0,0,0,0,1,0,0,1,11165
108,2,2013-08-15,-0.433883739117558,-0.9009688679024191,-0.8660254037844384,-0.5000000000000004,-0.6932812268869771,-0.7206671495538615,11165.0,9578.0,11665.0,8511.857142857143,10438.0,6108.67651865147,8967.5,10023.5,4406.249016629877,2190.0,1,0,0,0,0,1,0,0,1,0
108,2,2013-08-16,-0.9749279121818236,-0.2225209339563146,-0.8660254037844384,-0.5000000000000004,-0.7055836101071774,-0.7086266782644601,0.0,10438.0,11625.0,8999.142857142857,11165.0,6416.236031313362,9094.7,10023.5,4492.3085160581195,2190.0,1,0,0,0,0,1,0,0,1,13849
108,2,2013-08-17,-0.7818314824680299,0.6234898018587334,-0.8660254037844384,-0.5000000000000004,-0.7176769136759615,-0.6963762255968726,13849.0,9992.0,11569.0,8857.42857142857,11165.0,6401.590475737077,9038.333333333334,10007.5,4482.18587632029,2190.0,0,0,0,0,0,1,0,0,1,9000
108,2,2013-08-18,-2.4492935982947064e-16,1.0,-0.8660254037844384,-0.5000000000000004,-0.7295575540864876,-0.6839194216246105,9000.0,0.0,0.0,8857.42857142857,11165.0,6401.590475737077,8688.266666666666,9935.5,4765.111953190272,2190.0,0,0,0,0,0,1,0,0,1,0
108,2,2013-08-19,0.7818314824680298,0.6234898018587336,-0.8660254037844384,-0.5000000000000004,-0.7412220108485957,-0.6712599575675315,0.0,15718.0,9879.0,8160.571428571428,10840.0,5764.055917411596,8715.466666666667,9935.5,4775.3174419366505,2190.0,0,0,0,0,0,1,0,0,1,10840
108,2,2013-08-20,0.9749279121818236,-0.22252093395631434,-0.8660254037844384,-0.5000000000000004,-0.7526668275320083,-0.6584015846980489,10840.0,12270.0,8438.0,7816.142857142857,9859.0,5545.461851176793,9044.1,9935.5,4485.279973193542,2190.0,0,0,0,0,0,1,0,0,1,9859
108,2,2013-08-21,0.43388373911755823,-0.900968867902419,-0.8660254037844384,-0.5000000000000004,-0.7638886127905429,-0.64534811322955,9859.0,11165.0,9419.0,7411.142857142857,9000.0,5360.564535835488,9035.9,9935.5,4486.389996038213,2190.0,0,0,0,0,0,1,0,0,1,8330
108,2,2013-08-22,-0.433883739117558,-0.9009688679024191,-0.8660254037844384,-0.5000000000000004,-0.7748840413670406,-0.6321034111873488,8330.0,0.0,9578.0,8705.714285714286,9062.0,4252.113149728647,9046.066666666668,9935.5,4486.081755011127,2190.0,0,0,0,0,0,1,0,0,1,9062
108,2,2013-08-23,-0.9749279121818236,-0.2225209339563146,-0.8660254037844384,-0.5000000000000004,-0.7856498550787144,-0.6186714032625032,9062.0,13849.0,10438.0,8184.857142857143,9062.0,3705.2266880076077,9072.5,10007.5,4490.63409046905,2190.0,0,0,0,0,0,1,0,0,1,10203
108,2,2013-08-24,-0.7818314824680299,0.6234898018587334,-0.8660254037844384,-0.5000000000000004,-0.7961828637826154,-0.6050560696488494,10203.0,9000.0,9992.0,8410.285714285714,9859.0,3809.6189098248738,9118.433333333332,10113.0,4499.022956639346,2190.0,0,0,0,0,0,1,0,0,1,10578
108,2,2013-08-25,-2.4492935982947064e-16,1.0,-0.8660254037844384,-0.5000000000000004,-0.8064799463209447,-0.5912614448635782,10578.0,0.0,0.0,8410.285714285714,9859.0,3809.6189098248738,8784.333333333334,10097.5,4792.14127024893,2190.0,0,0,0,0,0,1,0,0,1,0
108,2,2013-08-26,0.7818314824680298,0.6234898018587336,-0.8660254037844384,-0.5000000000000004,-0.8165380514459157,-0.5772916165517278,0.0,10840.0,15718.0,8841.857142857143,9859.0,4273.604545290058,8903.933333333332,10097.5,4874.639551189711,2190.0,1,0,0,0,0,1,0,0,1,13861
108,2,2013-08-27,0.9749279121818236,-0.22252093395631434,-0.8660254037844384,-0.5000000000000004,-0.8263541987239095,-0.5631507242749187,13861.0,9859.0,12270.0,8858.42857142857,9975.0,4278.428171542402,9236.433333333332,10097.5,4577.499992906336,2190.0,1,0,0,0,0,1,0,0,1,9975
108,2,2013-08-28,0.43388373911755823,-0.900968867902419,-0.8660254037844384,-0.5000000000000004,-0.8359254794186365,-0.5488429582847199,9975.0,8330.0,11165.0,9175.142857142857,10203.0,4314.695177667888,9075.566666666668,10097.5,4437.051954521884,2190.0,1,0,0,0,0,1,0,0,1,10547
108,2,2013-08-29,-0.433883739117558,-0.9009688679024191,-0.8660254037844384,-0.5000000000000004,-0.8452490573530634,-0.5343725582809785,10547.0,9062.0,0.0,9236.57142857143,10203.0,4315.876691826085,8963.733333333334,9983.5,4380.639135649231,2190.0,1,0,0,0,0,1,0,0,1,9492
108,2,2013-08-30,-0.9749279121818236,-0.2225209339563146,-0.8660254037844384,-0.5000000000000004,-0.8543221697498269,-0.5197438121555157,9492.0,10203.0,13849.0,9335.0,10547.0,4349.31780091239,8941.466666666667,9983.5,4368.668681712398,2190.0,1,0,0,0,0,1,0,0,1,10892
108,2,2013-08-31,-0.7818314824680299,0.6234898018587334,-0.8660254037844384,-0.5000000000000004,-0.8631421280499115,-0.5049610547215202,10892.0,10578.0,9000.0,9310.714285714286,10408.0,4341.68829352077,8899.566666666668,9983.5,4347.623740051283,2190.0,0,0,0,0,0,1,0,0,1,10408
108,2,2013-09-01,-2.4492935982947064e-16,1.0,-1.0,-1.8369701987210297e-16,-0.8717063187093218,-0.4900286664290594,10408.0,0.0,0.0,9310.714285714286,10408.0,4341.68829352077,8512.066666666668,9927.0,4606.677109957061,2190.0,0,0,0,0,0,1,0,0,1,0
108,2,2013-09-02,0.7818314824680298,0.6234898018587336,-1.0,-1.8369701987210297e-16,-0.8800122039735356,-0.4749510720670502,0.0,13861.0,10840.0,8815.142857142857,10392.0,3912.5116582817377,8472.833333333334,9927.0,4584.704240326131,2190.0,0,0,0,0,0,1,0,0,1,10392
108,2,2013-09-03,0.9749279121818236,-0.22252093395631434,-1.0,-1.8369701987210297e-16,-0.888057322629493,-0.4597327394521046,10392.0,9975.0,9859.0,8547.857142857143,10392.0,3883.8736860927693,8742.966666666667,9927.0,4298.050275562678,2190.0,0,0,0,0,0,1,0,0,1,8104
108,2,2013-09-04,0.43388373911755823,-0.900968867902419,-1.0,-1.8369701987210297e-16,-0.8958392907349089,-0.44437817810461344,8104.0,10547.0,8330.0,8101.571428571428,9492.0,3794.3243516750513,8661.1,9917.0,4299.05572911878,2190.0,0,0,0,0,0,1,0,0,1,7423
108,2,2013-09-05,-0.433883739117558,-0.9009688679024191,-1.0,-1.8369701987210297e-16,-0.9033558023246842,-0.4288919379124841,7423.0,9492.0,9062.0,7841.0,8104.0,3745.2368416429954,8635.433333333332,9917.0,4302.730630043285,2190.0,0,0,0,0,0,1,0,0,1,7668
108,2,2013-09-06,-0.9749279121818236,-0.2225209339563146,-1.0,-1.8369701987210297e-16,-0.9106046300942162,-0.41327860778290443,7668.0,10892.0,10203.0,7541.285714285715,8104.0,3538.6344218396675,8614.6,9917.0,4300.318276913775,2190.0,0,0,0,0,0,1,0,0,1,8794
108,2,2013-09-07,-0.7818314824680299,0.6234898018587334,-1.0,-1.8369701987210297e-16,-0.9175836260593934,-0.3975428142825566,8794.0,10408.0,10578.0,7554.428571428572,8104.0,3551.2047653879767,8645.333333333334,9983.5,4310.722951874329,2190.0,0,0,0,0,0,1,0,0,1,10500
108,2,2013-09-08,-2.4492935982947064e-16,1.0,-1.0,-1.8369701987210297e-16,-0.9242907221930934,-0.3816892202666586,10500.0,0.0,0.0,7554.428571428572,8104.0,3551.2047653879767,8297.4,9917.0,4574.230838678485,2190.0,0,0,0,0,0,1,0,0,1,0
108,2,2013-09-09,0.7818314824680298,0.6234898018587336,-1.0,-1.8369701987210297e-16,-0.9307239310379793,-0.3657225234972692,0.0,10392.0,13861.0,8296.0,8104.0,4622.823487869726,8483.766666666666,9917.0,4755.941356351812,2190.0,1,0,0,0,0,1,0,0,1,15583
108,2,2013-09-10,0.9749279121818236,-0.22252093395631434,-1.0,-1.8369701987210297e-16,-0.9368813462954315,-0.34964745525122826,15583.0,8104.0,9975.0,8666.57142857143,8794.0,4708.050900926446,8840.366666666667,10089.0,4491.616685240011,2190.0,1,0,0,0,0,1,0,0,1,10698
108,2,2013-09-11,0.43388373911755823,-0.900968867902419,-1.0,-1.8369701987210297e-16,-0.9427611433904206,-0.33346877891818705,10698.0,7423.0,10547.0,9221.714285714286,10500.0,4765.730679000017,8693.4,10089.0,4327.969688847906,2190.0,1,0,0,0,0,1,0,0,1,11309
108,2,2013-09-12,-0.433883739117558,-0.9009688679024191,-1.0,-1.8369701987210297e-16,-0.9483615800121716,-0.31719128858910595,11309.0,7668.0,9492.0,9607.0,10500.0,4728.056189739436,8629.9,10089.0,4287.469870005727,2190.0,1,0,0,0,0,1,0,0,1,10365
108,2,2013-09-13,-0.9749279121818236,-0.2225209339563146,-1.0,-1.8369701987210297e-16,-0.9536809966304455,-0.300819807635668,10365.0,8794.0,10892.0,9969.57142857143,10698.0,4752.570211900893,8635.466666666667,10089.0,4290.981808183408,2190.0,1,0,0,0,0,1,0,0,1,11332
108,2,2013-09-14,-0.7818314824680299,0.6234898018587334,-1.0,-1.8369701987210297e-16,-0.9587178169872964,-0.2843591872810036,11332.0,10500.0,10408.0,9954.142857142857,10698.0,4750.736203599455,8981.866666666667,10284.0,3977.8592296076467,2190.0,0,0,0,0,0,1,0,0,1,10392
108,2,2013-09-15,-2.4492935982947064e-16,1.0,-1.0,-1.8369701987210297e-16,-0.9634705485641486,-0.26781430516217486,10392.0,0.0,0.0,9954.142857142857,10698.0,4750.736203599455,8520.233333333334,10089.0,4191.408862664561,2190.0,0,0,0,0,0,1,0,0,1,0
108,2,2013-09-16,0.7818314824680298,0.6234898018587336,-1.0,-1.8369701987210297e-16,-0.9679377830240642,-0.25119006388481957,0.0,15583.0,10392.0,9006.285714285714,10392.0,4050.8481710330684,8518.5,10089.0,4191.214363979444,2190.0,0,0,0,0,0,1,0,0,1,8948
108,2,2013-09-17,0.9749279121818236,-0.22252093395631434,-1.0,-1.8369701987210297e-16,-0.9721181966290612,-0.23449138957041052,8948.0,10698.0,8104.0,8530.142857142857,10365.0,4014.580983887423,8764.0,10089.0,3879.1203677620315,2190.0,0,0,0,0,0,1,0,0,1,7365
108,2,2013-09-18,0.43388373911755823,-0.900968867902419,-1.0,-1.8369701987210297e-16,-0.9760105506323682,-0.21772323039653224,7365.0,11309.0,7423.0,7887.142857142857,8948.0,3852.5045718584793,8629.6,9917.0,3874.558614238846,2190.0,0,0,0,0,0,1,0,0,1,6808
108,2,2013-09-19,-0.433883739117558,-0.9009688679024191,-1.0,-1.8369701987210297e-16,-0.9796136916454901,-0.20089055513063528,6808.0,10365.0,7668.0,7612.571428571428,8443.0,3712.4166368706897,8582.4,9733.5,3867.6843700342106,2190.0,0,0,0,0,0,1,0,0,1,8443
108,2,2013-09-20,-0.9749279121818236,-0.2225209339563146,-1.0,-1.8369701987210297e-16,-0.9829265519799822,-0.18399835165767986,8443.0,11332.0,8794.0,7329.0,8443.0,3447.303970738097,8616.3,9733.5,3869.852177075221,2190.0,0,0,0,0,0,1,0,0,1,9347
108,2,2013-09-21,-0.7818314824680299,0.6234898018587334,-1.0,-1.8369701987210297e-16,-0.9859481499638303,-0.1670516255021195,9347.0,10392.0,10500.0,7257.857142857143,8443.0,3377.998787673523,8644.033333333333,9934.5,3876.1326040743047,2190.0,0,0,0,0,0,1,0,0,1,9894
108,2,2013-09-22,-2.4492935982947064e-16,1.0,-1.0,-1.8369701987210297e-16,-0.9886775902323404,-0.15005539834465262,9894.0,0.0,0.0,7257.857142857143,8443.0,3377.998787673523,8303.933333333332,9693.0,4171.027368136915,2190.0,0,0,0,0,0,1,0,0,1,0
108,2,2013-09-23,0.7818314824680298,0.6234898018587336,-1.0,-1.8369701987210297e-16,-0.9911140639934546,-0.13301470653419636,0.0,8948.0,15583.0,7629.0,8443.0,3720.0495516413034,8336.2,9693.0,4192.9127099313055,2190.0,1,0,0,0,0,1,0,0,1,11546
108,2,2013-09-24,0.9749279121818236,-0.22252093395631434,-1.0,-1.8369701987210297e-16,-0.9932568492674143,-0.11593459959550066,11546.0,7365.0,10698.0,8109.428571428572,9347.0,3893.3926018809057,8693.8,9934.5,3905.0238941385674,2190.0,1,0,0,0,0,1,0,0,1,10728
108,2,2013-09-25,0.43388373911755823,-0.900968867902419,-1.0,-1.8369701987210297e-16,-0.9951053111006974,-0.09882013873287211,10728.0,6808.0,11309.0,8492.0,9486.0,3875.7309418138616,8547.966666666667,9693.0,3785.256065527038,2190.0,1,0,0,0,0,1,0,0,1,9486
108,2,2013-09-26,-0.433883739117558,-0.9009688679024191,-1.0,-1.8369701987210297e-16,-0.99665890175417,-0.08167639533042288,9486.0,8443.0,10365.0,8681.0,9766.0,3905.090054446039,8541.0,9629.0,3782.730568217115,2190.0,1,0,0,0,0,1,0,0,1,9766
108,2,2013-09-27,-0.9749279121818236,-0.2225209339563146,-1.0,-1.8369701987210297e-16,-0.9979171608653922,-0.06450844944931625,9766.0,9347.0,11332.0,8962.57142857143,9894.0,4030.169676210626,8566.7,9629.0,3799.41167995693,2190.0,1,0,0,0,0,1,0,0,1,11318
108,2,2013-09-28,-0.7818314824680299,0.6234898018587334,-1.0,-1.8369701987210297e-16,-0.9988797155850335,-0.04732138832243232,11318.0,9894.0,10392.0,8932.285714285714,9766.0,4022.7934620230358,8573.033333333333,9724.0,3801.165225008791,2190.0,0,0,0,0,0,1,0,0,1,9682
108,2,2013-09-29,-2.4492935982947064e-16,1.0,-1.0,-1.8369701987210297e-16,-0.9995462806873573,-0.03012030484690836,9682.0,0.0,0.0,8932.285714285714,9766.0,4022.7934620230358,8209.966666666667,9584.0,4081.8421592025975,2190.0,0,0,0,0,0,1,0,0,1,0
108,2,2013-09-30,0.7818314824680298,0.6234898018587336,-1.0,-1.8369701987210297e-16,-0.9999166586547379,-0.012910296075008843,0.0,11546.0,8948.0,8623.0,9682.0,3868.622536941717,8175.733333333334,9433.5,4067.0519606435764,2190.0,0,0,0,0,0,1,0,0,1,9381
108,2,2013-10-01,0.9749279121818236,-0.22252093395631434,-0.8660254037844386,0.5000000000000001,-0.9999907397361901,0.004303538296243821,9381.0,10728.0,7365.0,8417.714285714286,9486.0,3775.306729891219,8485.433333333332,9433.5,3765.5892947560883,2190.0,0,0,0,0,0,1,0,0,1,9291
108,2,2013-10-02,0.43388373911755823,-0.900968867902419,-0.8660254037844386,0.5000000000000001,-0.9997685019798909,0.021516097436222233,9291.0,9486.0,6808.0,8493.142857142857,9682.0,3805.362725968512,8472.833333333334,9433.5,3759.617442784837,2190.0,0,0,0,0,0,1,0,0,1,10014
108,2,2013-10-03,-0.433883739117558,-0.9009688679024191,-0.8660254037844386,0.5000000000000001,-0.9992500112396835,0.03872228089217399,10014.0,9766.0,8443.0,7098.0,9381.0,4895.117601583574,8202.7,9433.5,4065.7131634666816,2190.0,0,0,0,0,0,1,0,0,1,0
108,2,2013-10-04,-0.9749279121818236,-0.2225209339563146,-0.8660254037844386,0.5000000000000001,-0.9984354211555643,0.05591699010060302,0.0,11318.0,9347.0,7255.714285714285,9381.0,5068.456659059234,8369.333333333334,9584.0,4134.515118410847,2190.0,0,0,0,0,0,1,0,0,1,12422
108,2,2013-10-05,-0.7818314824680299,0.6234898018587334,-0.8660254037844386,0.5000000000000001,-0.9973249731081555,0.07309512989807776,12422.0,9682.0,9894.0,7479.571428571428,9381.0,5225.645123081067,8488.7,9724.0,4165.148514552141,2190.0,0,0,0,0,0,1,0,0,1,11249
108,2,2013-10-06,-2.4492935982947064e-16,1.0,-0.8660254037844386,0.5000000000000001,-0.9959189961471792,0.0902516100310407,11249.0,0.0,0.0,7479.571428571428,9381.0,5225.645123081067,8195.566666666668,9724.0,4443.0977364224555,2190.0,0,0,0,0,0,1,0,0,1,0
108,2,2013-10-07,0.7818314824680298,0.6234898018587336,-0.8660254037844386,0.5000000000000001,-0.994217906893952,0.10738134666416306,0.0,9381.0,11546.0,8211.142857142857,10014.0,5856.576031225398,8328.966666666667,9724.0,4572.855551556636,2190.0,1,0,0,0,0,1,0,0,1,14502
108,2,2013-10-08,0.9749279121818236,-0.22252093395631434,-0.8660254037844386,0.5000000000000001,-0.9922222094179324,0.12447926388678869,14502.0,9291.0,10728.0,8356.285714285714,10307.0,5900.225383104326,8672.533333333333,9830.0,4304.844974847678,2190.0,1,0,0,0,0,1,0,0,1,10307
108,2,2013-10-09,0.43388373911755823,-0.900968867902419,-0.8660254037844386,0.5000000000000001,-0.989932495087353,0.141540295217043,10307.0,10014.0,9486.0,8282.57142857143,10307.0,5879.249040967248,8469.7,9724.0,4106.8136079380165,2190.0,1,0,0,0,0,1,0,0,1,9498
108,2,2013-10-10,-0.433883739117558,-0.9009688679024191,-0.8660254037844386,0.5000000000000001,-0.9873494423939864,0.15855938510313475,9498.0,0.0,9766.0,9721.142857142857,10307.0,4609.788730826741,8448.766666666666,9724.0,4096.651767272743,2190.0,1,0,0,0,0,1,0,0,1,10070
108,2,2013-10-11,-0.9749279121818236,-0.2225209339563146,-0.8660254037844386,0.5000000000000001,-0.9844738167520923,0.17553149042142777,10070.0,12422.0,11318.0,9457.285714285714,10307.0,4480.476377733581,8424.3,9724.0,4081.1428854824694,2190.0,1,0,0,0,0,1,0,0,1,10575
108,2,2013-10-12,-0.7818314824680299,0.6234898018587334,-0.8660254037844386,0.5000000000000001,-0.9813064702716093,0.19245158197082995,10575.0,11249.0,9682.0,9418.142857142857,10307.0,4463.378818360652,8444.633333333333,9724.0,4092.6487543444064,2190.0,0,0,0,0,0,1,0,0,1,10975
108,2,2013-10-13,-2.4492935982947064e-16,1.0,-0.8660254037844386,0.5000000000000001,-0.9778483415056568,0.20931464596304888,10975.0,0.0,0.0,9418.142857142857,10307.0,4463.378818360652,8066.9,9590.0,4332.865233028399,2190.0,0,0,0,0,0,1,0,0,1,0
108,2,2013-10-14,0.7818314824680298,0.6234898018587336,-0.8660254037844386,0.5000000000000001,-0.9741004551724206,0.22611568550828803,0.0,14502.0,9381.0,8637.57142857143,10070.0,3863.598618608604,8021.766666666666,9492.0,4314.825074836385,2190.0,0,0,0,0,0,1,0,0,1,9038
108,2,2013-10-15,0.9749279121818236,-0.22252093395631434,-0.8660254037844386,0.5000000000000001,-0.970063921851507,0.2428497220959358,9038.0,10307.0,9291.0,8302.714285714286,9498.0,3795.7765000188374,8287.2,9492.0,4040.5479945858533,2190.0,0,0,0,0,0,1,0,0,1,7963
108,2,2013-10-16,0.43388373911755823,-0.900968867902419,-0.8660254037844386,0.5000000000000001,-0.965739937654855,0.25951179706979943,7963.0,9498.0,10014.0,8115.857142857143,9038.0,3759.1466863536757,8261.933333333332,9492.0,4038.6428834733483,2190.0,0,0,0,0,0,1,0,0,1,8190
108,2,2013-10-17,-0.433883739117558,-0.9009688679024191,-0.8660254037844386,0.5000000000000001,-0.9611297838723007,0.27609697309746883,8190.0,10070.0,0.0,7922.428571428572,8716.0,3675.7470377753534,8306.966666666667,9492.0,4035.8279113318363,2190.0,0,0,0,0,0,1,0,0,1,8716
108,2,2013-10-18,-0.9749279121818236,-0.2225209339563146,-0.8660254037844386,0.5000000000000001,-0.9562348265919058,0.2926003356333479,8716.0,10575.0,12422.0,7739.714285714285,8716.0,3551.60924625658,8389.9,9492.0,4029.521442878884,2190.0,0,0,0,0,0,1,0,0,1,9296
108,2,2013-10-19,-0.7818314824680299,0.6234898018587334,-0.8660254037844386,0.5000000000000001,-0.9510565162951536,0.30901699437494723,9296.0,10975.0,11249.0,7667.571428571428,8716.0,3479.3324003867383,8457.466666666667,9590.0,4047.397151966577,2190.0,0,0,0,0,0,1,0,0,1,10470
108,2,2013-10-20,-2.4492935982947064e-16,1.0,-0.8660254037844386,0.5000000000000001,-0.9455963874271428,0.3253420847119795,10470.0,0.0,0.0,7667.571428571428,8716.0,3479.3324003867388,8145.9,9590.0,4326.687618522499,2190.0,0,0,0,0,0,1,0,0,1,0
108,2,2013-10-21,0.7818314824680298,0.6234898018587336,-0.8660254037844386,0.5000000000000001,-0.9398560579418953,0.341570769167856,0.0,9038.0,14502.0,8226.857142857143,8716.0,4010.457182108272,8247.866666666667,9590.0,4404.6487490262925,2190.0,1,0,0,0,0,1,0,0,1,12953
108,2,2013-10-22,0.9749279121818236,-0.22252093395631434,-0.8660254037844386,0.5000000000000001,-0.9338372288229252,0.35769823883312546,12953.0,7963.0,10307.0,8463.142857142857,9296.0,4040.9293662296495,8568.433333333332,9649.5,4124.741661154599,2190.0,1,0,0,0,0,1,0,0,1,9617
108,2,2013-10-23,0.43388373911755823,-0.900968867902419,-0.8660254037844386,0.5000000000000001,-0.9275416835791965,0.3737197147904692,9617.0,8190.0,9498.0,8661.714285714286,9580.0,4059.3802775910585,8502.9,9598.5,4091.2852912602893,2190.0,1,0,0,0,0,1,0,0,1,9580
108,2,2013-10-24,-0.433883739117558,-0.9009688679024191,-0.8660254037844386,0.5000000000000001,-0.9209712877166346,0.38963044953078774,9580.0,8716.0,10070.0,8802.57142857143,9617.0,4078.638901118155,8468.7,9598.5,4076.304641165358,2190.0,1,0,0,0,0,1,0,0,1,9702
108,2,2013-10-25,-0.9749279121818236,-0.2225209339563146,-0.8660254037844386,0.5000000000000001,-0.9141279881853337,0.4054257283599973,9702.0,9296.0,10575.0,8875.142857142857,9702.0,4093.3745829316067,8479.3,9649.5,4079.4534890062846,2190.0,1,0,0,0,0,1,0,0,1,9804
108,2,2013-10-26,-0.7818314824680299,0.6234898018587334,-0.8660254037844386,0.5000000000000001,-0.9070138128026362,0.42110087079608916,9804.0,10470.0,10975.0,8859.42857142857,9702.0,4086.436828384966,8499.1,9649.5,4087.3478320299623,2190.0,0,0,0,0,0,1,0,0,1,10360
108,2,2013-10-27,-2.4492935982947064e-16,1.0,-0.8660254037844386,0.5000000000000001,-0.8996308696522434,0.4366512319560638,10360.0,0.0,0.0,8859.42857142857,9702.0,4086.436828384966,8121.833333333333,9598.5,4333.130413241788,2190.0,0,0,0,0,0,1,0,0,1,0
108,2,2013-10-28,0.7818314824680298,0.6234898018587336,-0.8660254037844386,0.5000000000000001,-0.8919813464595487,0.45207220393230374,0.0,12953.0,9038.0,8233.0,9617.0,3669.1168328813606,8084.7,9539.0,4324.0631207712295,2190.0,0,0,0,0,0,1,0,0,1,8568
108,2,2013-10-29,0.9749279121818236,-0.22252093395631434,-0.8660254037844386,0.5000000000000001,-0.8840675099433637,0.46735921715800205,8568.0,9617.0,7963.0,8070.857142857143,9580.0,3622.545671604038,8367.433333333332,9539.0,4045.5401726476252,2190.0,0,0,0,0,0,1,0,0,1,8482
108,2,2013-10-30,0.43388373911755823,-0.900968867902419,-0.8660254037844386,0.5000000000000001,-0.8758917051442433,0.48250774176121763,8482.0,9580.0,8190.0,8025.428571428572,9262.0,3602.403959263077,8363.466666666667,9539.0,4044.5703214380515,2190.0,0,0,0,0,0,1,0,0,1,9262
108,2,2013-10-31,-0.433883739117558,-0.9009688679024191,-0.8660254037844386,0.5000000000000001,-0.867456354729597,0.4975132889071803,9262.0,9702.0,8716.0,8294.285714285714,9262.0,3812.4890257453317,8439.9,9598.5,4084.1754272667677,2190.0,0,0,0,0,0,1,0,0,1,11584
108,2,2013-11-01,-0.9749279121818236,-0.2225209339563146,-0.5000000000000004,0.8660254037844384,-0.858763958275803,0.5123714121284235,11584.0,9804.0,9296.0,6893.714285714285,8568.0,4830.3756139071165,8106.1,9539.0,4351.557892652179,2190.0,0,0,0,0,0,1,0,0,1,0
108,2,2013-11-02,-0.7818314824680299,0.6234898018587334,-0.5000000000000004,0.8660254037844384,-0.8498170915275277,0.5270777086423724,0.0,10360.0,10470.0,7532.0,8568.0,5598.825233921844,8600.366666666667,9598.5,4239.761391166137,2190.0,0,0,0,0,0,1,0,0,1,14828
108,2,2013-11-03,-2.4492935982947064e-16,1.0,-0.5000000000000004,0.8660254037844384,-0.8406184056344783,0.5416278206559811,14828.0,0.0,0.0,7532.0,8568.0,5598.825233921844,8186.3,9539.0,4454.790572499185,2190.0,0,0,0,0,0,1,0,0,1,0
108,2,2013-11-04,0.7818314824680298,0.6234898018587336,-0.5000000000000004,0.8660254037844384,-0.8311706263658079,0.5560174366570446,0.0,8568.0,12953.0,8525.57142857143,9262.0,6376.435259535507,8328.766666666666,9539.0,4621.343831154219,2190.0,1,0,0,0,0,1,0,0,1,15523
108,2,2013-11-05,0.9749279121818236,-0.22252093395631434,-0.5000000000000004,0.8660254037844384,-0.8214765533024145,0.5702422926917867,15523.0,8482.0,9617.0,8921.0,11250.0,6458.581190942794,8703.766666666666,9598.5,4371.909727775279,2190.0,1,0,0,0,0,1,0,0,1,11250
108,2,2013-11-06,0.43388373911755823,-0.900968867902419,-0.5000000000000004,0.8660254037844384,-0.8115390590073611,0.5842981736283683,11250.0,9262.0,9580.0,8922.857142857143,11250.0,6458.697454558763,8529.533333333333,9539.0,4234.8729796799125,2190.0,1,0,0,0,0,1,0,0,1,9275
108,2,2013-11-07,-0.433883739117558,-0.9009688679024191,-0.5000000000000004,0.8660254037844384,-0.8013610881746769,0.5981809144059159,9275.0,11584.0,9702.0,8844.285714285714,11034.0,6424.181730365505,8553.766666666666,9539.0,4247.456331559604,2190.0,1,0,0,0,0,1,0,0,1,11034
108,2,2013-11-08,-0.9749279121818236,-0.2225209339563146,-0.5000000000000004,0.8660254037844384,-0.7909456567567774,0.6118864012687242,11034.0,0.0,9804.0,10430.42857142857,11103.0,5113.546090439362,8607.266666666666,9598.5,4269.809088305324,2190.0,1,0,0,0,0,1,0,0,1,11103
108,2,2013-11-09,-0.7818314824680299,0.6234898018587334,-0.5000000000000004,0.8660254037844384,-0.780295851070776,0.6254105729852457,11103.0,14828.0,10360.0,10065.57142857143,11103.0,4830.776295694894,8680.733333333334,9598.5,4314.571317126967,2190.0,0,0,0,0,0,1,0,0,1,12274
108,2,2013-11-10,-2.4492935982947064e-16,1.0,-0.5000000000000004,0.8660254037844384,-0.7694148268839381,0.6387494220515268,12274.0,0.0,0.0,10065.57142857143,11103.0,4830.776295694894,8328.233333333334,9438.0,4578.395447611823,2190.0,0,0,0,0,0,1,0,0,1,0
108,2,2013-11-11,0.7818314824680298,0.6234898018587336,-0.5000000000000004,0.8660254037844384,-0.7583058084785625,0.6518989958787125,0.0,15523.0,8568.0,9100.285714285714,11034.0,4191.287022474354,8254.6,9285.5,4552.047857454022,2190.0,0,0,0,0,0,1,0,0,1,8766
108,2,2013-11-12,0.9749279121818236,-0.22252093395631434,-0.5000000000000004,0.8660254037844384,-0.7469720876965551,0.6648553979642867,8766.0,11250.0,8482.0,8650.714285714286,9275.0,4089.8212558450427,8524.7,9285.5,4277.483115507098,2190.0,0,0,0,0,0,1,0,0,1,8103
108,2,2013-11-13,0.43388373911755823,-0.900968867902419,-0.5000000000000004,0.8660254037844384,-0.7354170229639858,0.6776147890466887,8103.0,9275.0,9262.0,8543.857142857143,8766.0,4080.552880373421,8507.666666666666,9285.5,4276.385908308748,2190.0,0,0,0,0,0,1,0,0,1,8527
108,2,2013-11-14,-0.433883739117558,-0.9009688679024191,-0.5000000000000004,0.8660254037844384,-0.7236440382959123,0.690173388242972,8527.0,11034.0,11584.0,8185.857142857143,8528.0,3932.9328085018797,8526.5,9285.5,4275.148424525652,2190.0,0,0,0,0,0,1,0,0,1,8528
108,2,2013-11-15,-0.9749279121818236,-0.2225209339563146,-0.5000000000000004,0.8660254037844384,-0.7116566222817751,0.7025274741691566,8528.0,11103.0,0.0,8168.571428571428,8528.0,3918.2131070656374,8619.566666666668,9438.0,4297.899781275162,2190.0,0,0,0,0,0,1,0,0,1,10982
108,2,2013-11-16,-0.7818314824680299,0.6234898018587334,-0.5000000000000004,0.8660254037844384,-0.6994583270516471,0.7146733860429608,10982.0,12274.0,14828.0,7915.285714285715,8528.0,3657.2067535340734,8679.066666666668,9598.5,4311.614698201493,2190.0,0,0,0,0,0,1,0,0,1,10501
108,2,2013-11-17,-2.4492935982947064e-16,1.0,-0.5000000000000004,0.8660254037844384,-0.6870527672236675,0.726607524768565,10501.0,0.0,0.0,7915.285714285715,8528.0,3657.2067535340734,8369.2,9598.5,4590.7541593646865,2190.0,0,0,0,0,0,1,0,0,1,0
108,2,2013-11-18,0.7818314824680298,0.6234898018587336,-0.5000000000000004,0.8660254037844384,-0.6744436188329457,0.7383263540031063,0.0,8766.0,15523.0,8465.285714285714,8528.0,4072.396252588303,8440.733333333334,9598.5,4641.061590310724,2190.0,1,0,0,0,0,1,0,0,1,12616
108,2,2013-11-19,0.9749279121818236,-0.22252093395631434,-0.5000000000000004,0.8660254037844384,-0.661634618242279,0.749826401204568,12616.0,8103.0,11250.0,8823.57142857143,10501.0,4144.890945776617,8794.433333333332,9659.5,4372.1496936493595,2190.0,1,0,0,0,0,1,0,0,1,10611
108,2,2013-11-20,0.43388373911755823,-0.900968867902419,-0.5000000000000004,0.8660254037844384,-0.6486295610349818,0.7611042586607742,10611.0,8527.0,9275.0,9017.42857142857,10501.0,4160.4129545492215,8692.133333333333,9659.5,4306.909506693936,2190.0,1,0,0,0,0,1,0,0,1,9884
108,2,2013-11-21,-0.433883739117558,-0.9009688679024191,-0.5000000000000004,0.8660254037844384,-0.6354323008901775,0.7721565844991641,9884.0,8528.0,11034.0,9265.142857142857,10501.0,4177.999857530376,8713.633333333333,9753.0,4313.29081091691,2190.0,1,0,0,0,0,1,0,0,1,10262
108,2,2013-11-22,-0.9749279121818236,-0.2225209339563146,-0.5000000000000004,0.8660254037844384,-0.622046748440868,0.7829801036770625,10262.0,10982.0,11103.0,9297.285714285714,10501.0,4194.243583543434,8767.866666666667,9844.0,4334.735005489508,2190.0,1,0,0,0,0,1,0,0,1,11207
108,2,2013-11-23,-0.7818314824680299,0.6234898018587334,-0.5000000000000004,0.8660254037844384,-0.6084768701151264,0.7935716089521472,11207.0,10501.0,12274.0,9389.142857142857,10611.0,4231.871864339764,8815.933333333332,10073.0,4353.405293626443,2190.0,0,0,0,0,0,1,0,0,1,11144
108,2,2013-11-24,-2.4492935982947064e-16,1.0,-0.5000000000000004,0.8660254037844384,-0.594726686960764,0.8039279618328208,11144.0,0.0,0.0,9389.142857142857,10611.0,4231.871864339764,8489.133333333333,10073.0,4635.516745612144,2190.0,0,0,0,0,0,1,0,0,1,0
108,2,2013-11-25,0.7818314824680298,0.6234898018587336,-0.5000000000000004,0.8660254037844384,-0.5808002734538014,0.8140460935082175,0.0,12616.0,8766.0,9068.142857142857,10369.0,4026.5506921173246,8489.433333333332,10073.0,4635.6422884468575,2190.0,0,0,0,0,0,1,0,0,1,10369
108,2,2013-11-26,0.9749279121818236,-0.22252093395631434,-0.5000000000000004,0.8660254037844384,-0.5667017562911184,0.8239230057575536,10369.0,10611.0,8103.0,8698.285714285714,10262.0,3979.8473469169544,8756.833333333334,10073.0,4351.730278813275,2190.0,0,0,0,0,0,1,0,0,1,8022
108,2,2013-11-27,0.43388373911755823,-0.900968867902419,-0.5000000000000004,0.8660254037844384,-0.5524353131676203,0.8335557718385695,8022.0,9884.0,8527.0,8554.42857142857,10262.0,3947.916448674452,8767.133333333333,10073.0,4351.633603153186,2190.0,0,0,0,0,0,1,0,0,1,8877
108,2,2013-11-28,-0.433883739117558,-0.9009688679024191,-0.5000000000000004,0.8660254037844384,-0.5380051715382992,0.8429415373547832,8877.0,10262.0,8528.0,8380.42857142857,9044.0,3886.4768474434904,8785.866666666667,10073.0,4351.573482628172,2190.0,0,0,0,0,0,1,0,0,1,9044
108,2,2013-11-29,-0.9749279121818236,-0.2225209339563146,-0.5000000000000004,0.8660254037844384,-0.5234156073655503,0.8520775211013093,9044.0,11207.0,10982.0,8686.285714285714,9044.0,4216.250969533864,8922.066666666668,10315.5,4430.223026481607,2190.0,0,0,0,0,0,1,0,0,1,13348
108,2,2013-11-30,-0.7818314824680299,0.6234898018587334,-0.5000000000000004,0.8660254037844384,-0.5086709438521042,0.8609610158889945,13348.0,11144.0,10501.0,8880.57142857143,9044.0,4376.661355308134,8952.733333333334,10315.5,4452.413331908994,2190.0,0,0,0,0,0,1,0,0,1,12504
108,2,2013-12-01,-2.4492935982947064e-16,1.0,-2.4492935982947064e-16,1.0,-0.4937755501599774,0.8695893893466109,12504.0,0.0,0.0,8880.57142857143,9044.0,4376.661355308134,8952.733333333334,10315.5,4452.413331908994,2190.0,0,0,0,0,0,1,0,0,1,0
108,2,2013-12-02,0.7818314824680298,0.6234898018587336,-2.4492935982947064e-16,1.0,-0.4787338401157883,0.8779600847008883,0.0,10369.0,12616.0,9587.142857142857,9044.0,5010.368197666767,8968.966666666667,10315.5,4475.401438232482,2190.0,1,0,0,0,0,1,0,0,1,15315
108,2,2013-12-03,0.9749279121818236,-0.22252093395631434,-2.4492935982947064e-16,1.0,-0.4635502709028512,0.8860706215341377,15315.0,8022.0,10611.0,10224.285714285714,12482.0,5061.482085788902,9385.033333333333,10435.0,4183.518643466276,2190.0,1,0,0,0,0,1,0,0,1,12482
108,2,2013-12-04,0.43388373911755823,-0.900968867902419,-2.4492935982947064e-16,1.0,-0.4482293417404106,0.893918596519257,12482.0,8877.0,9884.0,10645.285714285714,12482.0,5053.296373467058,9261.733333333334,10435.0,4048.715657855087,2190.0,1,0,0,0,0,1,0,0,1,11824
108,2,2013-12-05,-0.433883739117558,-0.9009688679024191,-2.4492935982947064e-16,1.0,-0.4327755925504317,0.9015016841318838,11824.0,9044.0,10262.0,11213.714285714286,12504.0,5066.926376489204,9320.833333333334,10435.0,4091.454484514108,2190.0,1,0,0,0,0,1,0,0,1,13023
108,2,2013-12-06,-0.9749279121818236,-0.2225209339563146,-2.4492935982947064e-16,1.0,-0.41719360261231697,0.9088176373395028,13023.0,13348.0,11207.0,10941.57142857143,12482.0,4983.663674351201,9393.1,10556.0,4109.722747171726,2190.0,1,0,0,0,0,1,0,0,1,11443
108,2,2013-12-07,-0.7818314824680299,0.6234898018587334,-2.4492935982947064e-16,1.0,-0.4014879892059737,0.9158642882672868,11443.0,12504.0,11144.0,10801.142857142857,11824.0,4946.0073941369355,9409.333333333334,10556.0,4117.382457199064,2190.0,0,0,0,0,0,1,0,0,1,11521
108,2,2013-12-08,-2.4492935982947064e-16,1.0,-2.4492935982947064e-16,1.0,-0.38566340624360745,0.9226395488404875,11521.0,0.0,0.0,10801.142857142857,11824.0,4946.0073941369355,9039.233333333334,10435.0,4445.804443582145,2190.0,0,0,0,0,0,1,0,0,1,0
108,2,2013-12-09,0.7818314824680298,0.6234898018587336,-2.4492935982947064e-16,1.0,-0.3697245428906732,0.9291414114031743,0.0,15315.0,10369.0,10162.714285714286,11521.0,4537.839122838312,8991.633333333333,10435.0,4417.53112108417,2190.0,0,0,0,0,0,1,0,0,1,10846
108,2,2013-12-10,0.9749279121818236,-0.22252093395631434,-2.4492935982947064e-16,1.0,-0.3536761221763721,0.935367949313148,10846.0,12482.0,8022.0,9774.42857142857,11443.0,4421.09393917927,9317.1,10435.0,4078.9285218310615,2190.0,0,0,0,0,0,1,0,0,1,9764
108,2,2013-12-11,0.43388373911755823,-0.900968867902419,-2.4492935982947064e-16,1.0,-0.33752289959411347,0.941317317512847,9764.0,11824.0,8877.0,9431.57142857143,10846.0,4327.732849778007,9339.033333333333,10435.0,4077.6318472379567,2190.0,0,0,0,0,0,1,0,0,1,9424
108,2,2013-12-12,-0.433883739117558,-0.9009688679024191,-2.4492935982947064e-16,1.0,-0.32126966169236515,0.946987753076075,9424.0,13023.0,9044.0,9032.857142857143,10232.0,4062.124748969498,9410.0,10435.0,4073.9030086807375,2190.0,0,0,0,0,0,1,0,0,1,10232
108,2,2013-12-13,-0.9749279121818236,-0.2225209339563146,-2.4492935982947064e-16,1.0,-0.3049212246562894,0.9523775757303973,10232.0,11443.0,13348.0,8975.285714285714,10232.0,4024.9591598046395,9493.766666666666,10556.0,4080.950664120866,2190.0,0,0,0,0,0,1,0,0,1,11040
108,2,2013-12-14,-0.7818314824680299,0.6234898018587334,-2.4492935982947064e-16,1.0,-0.2884824328806098,0.9574851883550389,11040.0,11521.0,12504.0,9084.857142857143,10232.0,4115.238973562027,9619.1,10728.5,4107.916548442233,2190.0,0,0,0,0,0,1,0,0,1,12288
108,2,2013-12-15,-2.4492935982947064e-16,1.0,-2.4492935982947064e-16,1.0,-0.27195815753410524,0.9623090774541487,12288.0,0.0,0.0,9084.857142857143,10232.0,4115.238973562027,9253.033333333333,10556.0,4456.780254873457,2190.0,0,0,0,0,0,1,0,0,1,0
108,2,2013-12-16,0.7818314824680298,0.6234898018587336,-2.4492935982947064e-16,1.0,-0.2553532951161881,0.9668478136052773,0.0,10846.0,15315.0,10342.0,10232.0,5758.825227422698,9557.866666666667,10728.5,4841.246816702275,2190.0,1,0,0,0,0,1,0,0,1,19646
108,2,2013-12-17,0.9749279121818236,-0.22252093395631434,-2.4492935982947064e-16,1.0,-0.23867276600594997,0.9711000518829505,19646.0,9764.0,12482.0,11001.0,11040.0,5942.66469411381,10037.1,10943.0,4566.269679153724,2190.0,1,0,0,0,0,1,0,0,1,14377
108,2,2013-12-18,0.43388373911755823,-0.900968867902419,-2.4492935982947064e-16,1.0,-0.22192151300416674,0.9750645322571945,14377.0,9424.0,11824.0,11608.42857142857,12288.0,5971.843541630543,10072.433333333332,10943.0,4590.947462000693,2190.0,1,0,0,0,0,1,0,0,1,13676
108,2,2013-12-19,-0.433883739117558,-0.9009688679024191,-2.4492935982947064e-16,1.0,-0.20510449986861926,0.9787400799669153,13676.0,10232.0,13023.0,12329.285714285714,13676.0,6081.5464786046605,10228.0,11092.0,4687.87504246787,2190.0,1,0,0,0,0,1,0,0,1,15278
108,2,2013-12-20,-0.9749279121818236,-0.2225209339563146,-2.4492935982947064e-16,1.0,-0.1882267098432439,0.9821256058680006,15278.0,11040.0,11443.0,13083.857142857143,14377.0,6221.000842002088,10442.6,11175.5,4817.160077659152,2190.0,1,0,0,0,0,1,0,0,1,16322
108,2,2013-12-21,-0.7818314824680299,0.6234898018587334,-2.4492935982947064e-16,1.0,-0.1712931441814778,0.9852201067560606,16322.0,12288.0,11521.0,13528.142857142857,15278.0,6265.583889486335,10613.8,11325.0,4901.055462681064,2190.0,0,0,0,0,0,1,0,0,1,15398
108,2,2013-12-22,-2.4492935982947064e-16,1.0,-2.4492935982947064e-16,1.0,-0.154308820664281,0.9880226656636976,15398.0,0.0,0.0,13528.142857142857,15278.0,6265.583889486335,10240.233333333334,11293.5,5267.677291475481,2190.0,0,0,0,0,0,1,0,0,1,0
108,2,2013-12-23,0.7818314824680298,0.6234898018587336,-2.4492935982947064e-16,1.0,-0.13727877211326517,0.9905324521322227,0.0,19646.0,10846.0,13578.142857142857,15278.0,6323.669146641901,10535.3,11482.0,5559.8640404488215,2190.0,0,0,0,0,0,1,0,0,1,19996
108,2,2013-12-24,0.9749279121818236,-0.22252093395631434,-2.4492935982947064e-16,1.0,-0.12020804489935275,0.9927487224577402,19996.0,14377.0,9764.0,12536.285714285714,15278.0,6756.11085645892,10771.433333333332,11482.0,5238.1120360583045,2190.0,0,0,0,0,0,1,0,0,1,7084
108,2,2013-12-25,0.43388373911755823,-0.900968867902419,-2.4492935982947064e-16,1.0,-0.10310169744743544,0.9946708199115211,7084.0,13676.0,9424.0,10582.57142857143,15278.0,8195.636214009319,10425.8,11482.0,5595.4866812458795,2190.0,0,0,0,0,0,1,0,0,1,0
108,2,2013-12-26,-0.433883739117558,-0.9009688679024191,-2.4492935982947064e-16,1.0,-0.0859647987374467,0.9962981749346077,0.0,15278.0,10232.0,8400.0,7084.0,8752.229811120513,10158.4,11482.0,5897.833129852542,2190.0,0,0,0,0,0,1,0,0,1,0
108,2,2013-12-27,-0.9749279121818236,-0.2225209339563146,-2.4492935982947064e-16,1.0,-0.06880242680232064,0.9976303053065857,0.0,16322.0,11040.0,7805.428571428572,7084.0,8251.404625014713,10267.833333333334,11672.5,5903.69194880939,2190.0,0,0,0,0,0,1,0,0,1,12160
108,2,2013-12-28,-0.7818314824680299,0.6234898018587334,-2.4492935982947064e-16,1.0,-0.05161966722325418,0.9986668162884759,12160.0,15398.0,12288.0,7294.571428571428,7084.0,7801.420273624166,10360.433333333332,11823.0,5905.62036032032,2190.0,0,0,0,0,0,1,0,0,1,11822
108,2,2013-12-29,-2.4492935982947064e-16,1.0,-2.4492935982947064e-16,1.0,-0.034421611622745804,0.9994074007397048,11822.0,0.0,0.0,7294.571428571428,7084.0,7801.420273624166,9915.5,11671.5,6169.693049705653,2190.0,0,0,0,0,0,1,0,0,1,0
108,2,2013-12-30,0.7818314824680298,0.6234898018587336,-2.4492935982947064e-16,1.0,-0.01721335615583528,0.9998518392091162,0.0,19996.0,19646.0,6335.571428571428,7084.0,6235.251554859737,9941.466666666667,11671.5,6182.588882657009,2190.0,0,0,0,0,0,1,0,0,1,13283
108,2,2013-12-31,0.9749279121818236,-0.22252093395631434,-2.4492935982947064e-16,1.0,6.432490598706546e-16,1.0,13283.0,7084.0,14377.0,6219.571428571428,6272.0,6226.554367040739,10150.533333333333,11671.5,5935.947513090134,2190.0,0,0,0,0,0,1,0,0,1,6272
108,2,2014-01-01,0.43388373911755823,-0.900968867902419,0.49999999999999994,0.8660254037844387,0.017213356155834685,0.9998518392091162,6272.0,0.0,13676.0,6219.571428571428,6272.0,6226.554367040739,9640.033333333333,11482.0,6131.8052046535295,2190.0,0,0,0,0,0,1,0,0,1,0
108,2,2014-01-02,-0.433883739117558,-0.9009688679024191,0.49999999999999994,0.8660254037844387,0.03442161162274574,0.9994074007397048,0.0,0.0,15278.0,7925.714285714285,11822.0,5863.985809279256,9622.066666666668,11482.0,6123.975533934628,2190.0,0,0,0,0,0,1,0,0,1,11943
108,2,2014-01-03,-0.9749279121818236,-0.2225209339563146,0.49999999999999994,0.8660254037844387,0.051619667223253764,0.998666816288476,11943.0,12160.0,16322.0,7840.0,11560.0,5795.765782017067,9613.266666666666,11482.0,6120.891206990704,2190.0,0,0,0,0,0,1,0,0,1,11560
108,2,2014-01-04,-0.7818314824680299,0.6234898018587334,0.49999999999999994,0.8660254037844387,0.06880242680231986,0.9976303053065857,11560.0,11822.0,15398.0,7831.285714285715,11560.0,5788.822439675892,9571.2,11482.0,6100.953443859244,2190.0,0,0,0,0,0,1,0,0,1,11761
108,2,2014-01-05,-2.4492935982947064e-16,1.0,0.49999999999999994,0.8660254037844387,0.08596479873744647,0.9962981749346078,11761.0,0.0,0.0,7831.285714285715,11560.0,5788.822439675892,9189.766666666666,11280.5,6333.182583293597,2190.0,0,0,0,0,0,1,0,0,1,0
108,2,2014-01-06,0.7818314824680298,0.6234898018587336,0.49999999999999994,0.8660254037844387,0.10310169744743485,0.9946708199115211,0.0,13283.0,19996.0,5933.714285714285,6272.0,5880.266397431471,8805.733333333334,10943.0,6533.097596263114,2190.0,1,0,0,0,0,1,0,0,1,0
108,2,2014-01-07,0.9749279121818236,-0.22252093395631434,0.49999999999999994,0.8660254037844387,0.1202080448993527,0.9927487224577402,0.0,6272.0,7084.0,7443.0,11560.0,7191.27707712614,9366.966666666667,11300.0,6473.474739716466,2190.0,1,0,0,0,0,1,0,0,1,16837
108,2,2014-01-08,0.43388373911755823,-0.900968867902419,0.49999999999999994,0.8660254037844387,0.13727877211326478,0.9905324521322229,16837.0,0.0,0.0,9185.857142857143,11761.0,6535.221736319061,9412.1,11660.5,6488.844030466765,2190.0,1,0,0,0,0,1,0,0,1,12200
108,2,2014-01-09,-0.433883739117558,-0.9009688679024191,0.49999999999999994,0.8660254037844387,0.15430882066428117,0.9880226656636976,12200.0,11943.0,0.0,9113.857142857143,11560.0,6502.477308138578,9467.933333333332,11660.5,6499.174424671097,2190.0,1,0,0,0,0,1,0,0,1,11439
108,2,2014-01-10,-0.9749279121818236,-0.2225209339563146,0.49999999999999994,0.8660254037844387,0.1712931441814776,0.9852201067560606,11439.0,11560.0,12160.0,9193.142857142857,11761.0,6540.546700609753,9557.633333333333,11791.5,6517.092716971981,2190.0,1,0,0,0,0,1,0,0,1,12115
108,2,2014-01-11,-0.7818314824680299,0.6234898018587334,0.49999999999999994,0.8660254037844387,0.1882267098432442,0.9821256058680006,12115.0,11761.0,11822.0,9192.714285714286,11758.0,6540.350493010948,9608.5,11791.5,6528.483077492311,2190.0,0,0,0,0,0,1,0,0,1,11758
108,2,2014-01-12,-2.4492935982947064e-16,1.0,0.49999999999999994,0.8660254037844387,0.2051044998686192,0.9787400799669153,11758.0,0.0,0.0,9192.714285714286,11758.0,6540.350493010948,9240.5,11791.5,6752.325289138909,2190.0,0,0,0,0,0,1,0,0,1,0
108,2,2014-01-13,0.7818314824680298,0.6234898018587336,0.49999999999999994,0.8660254037844387,0.22192151300416552,0.9750645322571948,0.0,0.0,13283.0,10453.857142857143,11758.0,5182.514815176496,9125.166666666666,11759.5,6727.982876907019,2190.0,0,0,0,0,0,1,0,0,1,8828
108,2,2014-01-14,0.9749279121818236,-0.22252093395631434,0.49999999999999994,0.8660254037844387,0.2386727660059501,0.9711000518829505,8828.0,16837.0,6272.0,9156.142857142857,11439.0,4395.308841199193,9383.6,11759.5,6510.779907729686,2190.0,0,0,0,0,0,1,0,0,1,7753
108,2,2014-01-15,0.43388373911755823,-0.900968867902419,0.49999999999999994,0.8660254037844387,0.255353295116187,0.9668478136052775,7753.0,12200.0,0.0,8669.57142857143,8828.0,4185.71494718018,9021.866666666667,11659.0,6215.72710387812,2190.0,0,0,0,0,0,1,0,0,1,8794
108,2,2014-01-16,-0.433883739117558,-0.9009688679024191,0.49999999999999994,0.8660254037844387,0.2719581575341055,0.9623090774541486,8794.0,11439.0,11943.0,8344.0,8828.0,4019.744311934936,8847.966666666667,11499.5,6133.168812979615,2190.0,0,0,0,0,0,1,0,0,1,9160
108,2,2014-01-17,-0.9749279121818236,-0.2225209339563146,0.49999999999999994,0.8660254037844387,0.288482432880609,0.9574851883550393,9160.0,12115.0,11560.0,7943.857142857143,8828.0,3709.216558276207,8702.566666666668,10376.5,6066.101620869261,2190.0,0,0,0,0,0,1,0,0,1,9314
108,2,2014-01-18,-0.7818314824680299,0.6234898018587334,0.49999999999999994,0.8660254037844387,0.30492122465628907,0.9523775757303974,9314.0,11758.0,11761.0,7934.428571428572,8828.0,3697.9722307025954,8583.033333333333,10376.5,5966.5788122665845,2190.0,0,0,0,0,0,1,0,0,1,11692
108,2,2014-01-19,-2.4492935982947064e-16,1.0,0.49999999999999994,0.8660254037844387,0.3212696616923644,0.9469877530760753,11692.0,0.0,0.0,7934.428571428572,8828.0,3697.9722307025954,8038.966666666666,9237.0,5980.711579640887,2190.0,0,0,0,0,0,1,0,0,1,0
108,2,2014-01-20,0.7818314824680298,0.6234898018587336,0.49999999999999994,0.8660254037844387,0.3375228995941133,0.9413173175128471,0.0,8828.0,0.0,9053.142857142857,9160.0,4976.762951577105,8081.0,9237.0,6038.368750947048,2190.0,1,0,0,0,0,1,0,0,1,16659
108,2,2014-01-21,0.9749279121818236,-0.22252093395631434,0.49999999999999994,0.8660254037844387,0.3536761221763716,0.9353679493131483,16659.0,7753.0,16837.0,9455.857142857143,9314.0,4968.070062192878,8433.4,9943.0,5856.2432503181235,2190.0,1,0,0,0,0,1,0,0,1,10572
108,2,2014-01-22,0.43388373911755823,-0.900968867902419,0.49999999999999994,0.8660254037844387,0.3697245428906731,0.9291414114031743,10572.0,8794.0,12200.0,9680.57142857143,10367.0,4968.718341019238,8112.433333333333,9840.5,5450.4870625972735,2190.0,1,0,0,0,0,1,0,0,1,10367
108,2,2014-01-23,-0.433883739117558,-0.9009688679024191,0.49999999999999994,0.8660254037844387,0.38566340624360707,0.9226395488404876,10367.0,9160.0,11439.0,9893.142857142857,10572.0,4974.561770600888,8231.233333333334,10469.5,5466.116592138389,2190.0,1,0,0,0,0,1,0,0,1,10648
108,2,2014-01-24,-0.9749279121818236,-0.2225209339563146,0.49999999999999994,0.8660254037844387,0.401487989205973,0.9158642882672872,10648.0,9314.0,12115.0,10054.57142857143,10572.0,4970.969250127618,8579.366666666667,10508.0,5252.197297048776,2190.0,1,0,0,0,0,1,0,0,1,10444
108,2,2014-01-25,-0.7818314824680299,0.6234898018587334,0.49999999999999994,0.8660254037844387,0.4171936026123168,0.9088176373395029,10444.0,11692.0,11758.0,9959.285714285714,10572.0,4940.651364421693,8946.866666666667,10610.0,5011.385724344211,2190.0,0,0,0,0,0,1,0,0,1,11025
108,2,2014-01-26,-2.4492935982947064e-16,1.0,0.49999999999999994,0.8660254037844387,0.4327755925504312,0.901501684131884,11025.0,0.0,0.0,9959.285714285714,10572.0,4940.651364421693,8541.533333333333,10508.0,5229.554485760738,2190.0,0,0,0,0,0,1,0,0,1,0
108,2,2014-01-27,0.7818314824680298,0.6234898018587336,0.49999999999999994,0.8660254037844387,0.4482293417404106,0.893918596519257,0.0,16659.0,8828.0,8771.42857142857,10444.0,3964.554613788824,8425.6,10405.5,5192.744624091821,2190.0,0,0,0,0,0,1,0,0,1,8344
108,2,2014-01-28,0.9749279121818236,-0.22252093395631434,0.49999999999999994,0.8660254037844387,0.4635502709028509,0.886070621534138,8344.0,10572.0,7753.0,8450.857142857143,10367.0,3884.6142849525095,8703.2,10405.5,4943.404672057929,2190.0,0,0,0,0,0,1,0,0,1,8328
108,2,2014-01-29,0.43388373911755823,-0.900968867902419,0.49999999999999994,0.8660254037844387,0.47873384011578846,0.8779600847008882,8328.0,10367.0,8794.0,8036.571428571428,8344.0,3799.9191156805186,8509.333333333334,9840.5,4871.119451691131,2190.0,0,0,0,0,0,1,0,0,1,7467
108,2,2014-01-30,-0.433883739117558,-0.9009688679024191,0.49999999999999994,0.8660254037844387,0.4937755501599772,0.869589389346611,7467.0,10648.0,9160.0,7800.428571428572,8344.0,3659.3486149469554,8600.1,9840.5,4853.329432035506,2190.0,0,0,0,0,0,1,0,0,1,8995
108,2,2014-01-31,-0.9749279121818236,-0.2225209339563146,0.49999999999999994,0.8660254037844387,0.5086709438521044,0.8609610158889943,8995.0,10444.0,9314.0,7963.571428571428,8344.0,3818.829788348896,8986.3,10405.5,4599.732961889166,2190.0,0,0,0,0,0,1,0,0,1,11586
108,2,2014-02-01,-0.7818314824680299,0.6234898018587334,0.8660254037844386,0.5000000000000001,0.5234156073655503,0.8520775211013093,11586.0,11025.0,11692.0,8164.0,8344.0,4036.87878605901,9002.466666666667,10405.5,4611.320924774635,2190.0,0,0,0,0,0,1,0,0,1,12428
108,2,2014-02-02,-2.4492935982947064e-16,1.0,0.8660254037844386,0.5000000000000001,0.5380051715382996,0.8429415373547828,12428.0,0.0,0.0,8164.0,8344.0,4036.8787860590105,8617.133333333333,9840.5,4866.185631713906,2190.0,0,0,0,0,0,1,0,0,1,0
108,2,2014-02-03,0.7818314824680298,0.6234898018587336,0.8660254037844386,0.5000000000000001,0.5524353131676196,0.8335557718385699,0.0,8344.0,16659.0,9233.142857142857,8995.0,4974.625159365323,8752.7,9840.5,5011.278542551242,2190.0,1,0,0,0,0,1,0,0,1,15828
108,2,2014-02-04,0.9749279121818236,-0.22252093395631434,0.8660254037844386,0.5000000000000001,0.5667017562911176,0.8239230057575542,15828.0,8328.0,10572.0,9689.285714285714,11521.0,5023.941272025572,9136.733333333334,10405.5,4752.145598411918,2190.0,1,0,0,0,0,1,0,0,1,11521
108,2,2014-02-05,0.43388373911755823,-0.900968867902419,0.8660254037844386,0.5000000000000001,0.5808002734538009,0.8140460935082178,11521.0,7467.0,10367.0,10146.0,11521.0,4932.736123762014,9492.2,10508.0,4433.282028568407,2190.0,1,0,0,0,0,1,0,0,1,10664
108,2,2014-02-06,-0.433883739117558,-0.9009688679024191,0.8660254037844386,0.5000000000000001,0.5947266869607634,0.8039279618328213,10664.0,8995.0,10648.0,10416.714285714286,11521.0,4910.991845316174,9293.966666666667,10508.0,4221.43365484984,2190.0,1,0,0,0,0,1,0,0,1,10890
108,2,2014-02-07,-0.9749279121818236,-0.2225209339563146,0.8660254037844386,0.5000000000000001,0.6084768701151261,0.7935716089521474,10890.0,11586.0,10444.0,10479.57142857143,11521.0,4931.226347037251,9288.166666666666,10508.0,4217.420882755108,2190.0,1,0,0,0,0,1,0,0,1,12026
108,2,2014-02-08,-0.7818314824680299,0.6234898018587334,0.8660254037844386,0.5000000000000001,0.6220467484408675,0.7829801036770629,12026.0,12428.0,11025.0,10411.142857142857,11521.0,4902.924787939392,9305.166666666666,10508.0,4227.405694075135,2190.0,0,0,0,0,0,1,0,0,1,11949
108,2,2014-02-09,-2.4492935982947064e-16,1.0,0.8660254037844386,0.5000000000000001,0.6354323008901774,0.7721565844991642,11949.0,0.0,0.0,10411.142857142857,11521.0,4902.924787939392,8901.333333333334,10405.5,4518.377534052451,2190.0,0,0,0,0,0,1,0,0,1,0
108,2,2014-02-10,0.7818314824680298,0.6234898018587336,0.8660254037844386,0.5000000000000001,0.6486295610349814,0.7611042586607747,0.0,15828.0,8344.0,9367.0,10890.0,4298.027687207239,8793.366666666667,9840.5,4486.34810772394,2190.0,0,0,0,0,0,1,0,0,1,8519
108,2,2014-02-11,0.9749279121818236,-0.22252093395631434,0.8660254037844386,0.5000000000000001,0.6616346182422783,0.7498264012045686,8519.0,11521.0,8328.0,8923.142857142857,10664.0,4197.770854019682,9073.833333333334,9840.5,4169.482876091832,2190.0,0,0,0,0,0,1,0,0,1,8414
108,2,2014-02-12,0.43388373911755823,-0.900968867902419,0.8660254037844386,0.5000000000000001,0.6744436188329455,0.7383263540031065,8414.0,10664.0,7467.0,8615.42857142857,8519.0,4127.246210939475,9063.233333333334,9840.5,4170.533495049926,2190.0,0,0,0,0,0,1,0,0,1,8510
108,2,2014-02-13,-0.433883739117558,-0.9009688679024191,0.8660254037844386,0.5000000000000001,0.6870527672236669,0.7266075247685656,8510.0,10890.0,8995.0,8300.142857142857,8519.0,4007.07754806298,9094.233333333334,9840.5,4163.909698607901,2190.0,0,0,0,0,0,1,0,0,1,8683
108,2,2014-02-14,-0.9749279121818236,-0.2225209339563146,0.8660254037844386,0.5000000000000001,0.6994583270516471,0.7146733860429609,8683.0,12026.0,11586.0,8152.714285714285,8519.0,3863.5633688037065,9167.566666666668,10405.5,4177.789447520796,2190.0,0,0,0,0,0,1,0,0,1,10994
108,2,2014-02-15,-0.7818314824680299,0.6234898018587334,0.8660254037844386,0.5000000000000001,0.7116566222817746,0.702527474169157,10994.0,11949.0,12428.0,8047.714285714285,8519.0,3751.560595906967,9236.033333333333,10508.0,4194.458647272397,2190.0,0,0,0,0,0,1,0,0,1,11214
108,2,2014-02-16,-2.4492935982947064e-16,1.0,0.8660254037844386,0.5000000000000001,0.7236440382959124,0.6901733882429719,11214.0,0.0,0.0,8047.714285714285,8519.0,3751.5605959069676,8925.566666666668,10508.0,4520.518597678152,2190.0,0,0,0,0,0,1,0,0,1,0
108,2,2014-02-17,0.7818314824680298,0.6234898018587336,0.8660254037844386,0.5000000000000001,0.7354170229639855,0.6776147890466889,0.0,8519.0,15828.0,8908.42857142857,8683.0,4495.165101051825,9020.633333333333,10508.0,4609.809903204056,2190.0,1,0,0,0,0,1,0,0,1,14544
108,2,2014-02-18,0.9749279121818236,-0.22252093395631434,0.8660254037844386,0.5000000000000001,0.7469720876965552,0.6648553979642865,14544.0,8414.0,11521.0,9308.142857142857,10994.0,4567.68790631801,9394.366666666667,10610.0,4297.152372919999,2190.0,1,0,0,0,0,1,0,0,1,11212
108,2,2014-02-19,0.43388373911755823,-0.900968867902419,0.8660254037844386,0.5000000000000001,0.7583058084785625,0.6518989958787126,11212.0,8510.0,10664.0,9487.57142857143,10994.0,4555.763304399637,9164.6,10508.0,4073.7996717459323,2190.0,1,0,0,0,0,1,0,0,1,9766
108,2,2014-02-20,-0.433883739117558,-0.9009688679024191,0.8660254037844386,0.5000000000000001,0.7694148268839378,0.6387494220515272,9766.0,8683.0,10890.0,9760.714285714286,10994.0,4556.80241376508,9165.366666666667,10519.5,4074.0758248266325,2190.0,1,0,0,0,0,1,0,0,1,10595
108,2,2014-02-21,-0.9749279121818236,-0.2225209339563146,0.8660254037844386,0.5000000000000001,0.7802958510707755,0.6254105729852463,10595.0,10994.0,12026.0,9760.42857142857,10992.0,4556.712259847844,9186.2,10621.5,4082.0226848953234,2190.0,1,0,0,0,0,1,0,0,1,10992
108,2,2014-02-22,-0.7818314824680299,0.6234898018587334,0.8660254037844386,0.5000000000000001,0.7909456567567772,0.6118864012687243,10992.0,11214.0,11949.0,9777.857142857143,10992.0,4563.42687128038,9209.133333333333,10629.5,4092.4378093000423,2190.0,0,0,0,0,0,1,0,0,1,11336
108,2,2014-02-23,-2.4492935982947064e-16,1.0,0.8660254037844386,0.5000000000000001,0.8013610881746766,0.5981809144059164,11336.0,0.0,0.0,9777.857142857143,10992.0,4563.42687128038,8861.0,10629.5,4415.25844129744,2190.0,0,0,0,0,0,1,0,0,1,0
108,2,2014-02-24,0.7818314824680298,0.6234898018587336,0.8660254037844386,0.5000000000000001,0.8115390590073611,0.5842981736283683,0.0,14544.0,8519.0,8873.714285714286,10595.0,4061.0604819548316,8767.333333333334,10180.5,4397.53819323034,2190.0,0,0,0,0,0,1,0,0,1,8215
108,2,2014-02-25,0.9749279121818236,-0.22252093395631434,0.8660254037844386,0.5000000000000001,0.8214765533024142,0.5702422926917871,8215.0,11212.0,8414.0,8513.142857142857,9766.0,3928.7423954140545,9056.933333333332,10180.5,4074.462257164434,2190.0,0,0,0,0,0,1,0,0,1,8688
108,2,2014-02-26,0.43388373911755823,-0.900968867902419,0.8660254037844386,0.5000000000000001,0.8311706263658079,0.5560174366570446,8688.0,9766.0,8510.0,8297.0,8688.0,3889.7536340150486,9053.9,10180.5,4075.0451518547857,2190.0,0,0,0,0,0,1,0,0,1,8253
108,2,2014-02-27,-0.433883739117558,-0.9009688679024191,0.8660254037844386,0.5000000000000001,0.8406184056344782,0.5416278206559814,8253.0,10595.0,8683.0,8202.57142857143,8688.0,3832.267555775243,9107.433333333332,10264.5,4075.7291176217673,2190.0,0,0,0,0,0,1,0,0,1,9934
108,2,2014-02-28,-0.9749279121818236,-0.2225209339563146,0.8660254037844386,0.5000000000000001,0.8498170915275278,0.5270777086423722,9934.0,10992.0,10994.0,8375.857142857143,8688.0,4003.0399876665097,9265.366666666667,10629.5,4101.686267893963,2190.0,0,0,0,0,0,1,0,0,1,12205
108,2,2014-03-01,-0.7818314824680299,0.6234898018587334,1.0,6.123233995736766e-17,0.8587639582758029,0.5123714121284237,12205.0,11336.0,11214.0,8521.0,8688.0,4144.188219663769,9377.266666666666,10777.0,4139.671967125212,2190.0,0,0,0,0,0,1,0,0,1,12352
108,2,2014-03-02,-2.4492935982947064e-16,1.0,1.0,6.123233995736766e-17,0.8674563547295968,0.49751328890718066,12352.0,0.0,0.0,8521.0,8688.0,4144.188219663769,8991.066666666668,10629.5,4454.945914245267,2190.0,0,0,0,0,0,1,0,0,1,0
108,2,2014-03-03,0.7818314824680298,0.6234898018587336,1.0,6.123233995736766e-17,0.8758917051442429,0.48250774176121847,0.0,8215.0,14544.0,9479.714285714286,9934.0,4787.870671961449,9074.333333333334,10629.5,4543.857819634929,2190.0,1,0,0,0,0,1,0,0,1,14926
108,2,2014-03-04,0.9749279121818236,-0.22252093395631434,1.0,6.123233995736766e-17,0.8840675099433636,0.46735921715800227,14926.0,8688.0,11212.0,9519.0,9934.0,4781.41562022518,9373.1,10629.5,4208.954726081871,2190.0,1,0,0,0,0,1,0,0,1,8963
108,2,2014-03-05,0.43388373911755823,-0.900968867902419,1.0,6.123233995736766e-17,0.8919813464595485,0.45207220393230435,8963.0,8253.0,9766.0,9973.57142857143,11435.0,4792.241398244421,9226.666666666666,10629.5,4050.057950486495,2190.0,1,0,0,0,0,1,0,0,1,11435
108,2,2014-03-06,-0.433883739117558,-0.9009688679024191,1.0,6.123233995736766e-17,0.8996308696522433,0.43665123195606403,11435.0,9934.0,10595.0,10167.857142857143,11435.0,4817.869564740953,9219.1,10629.5,4045.8335175491534,2190.0,1,0,0,0,0,1,0,0,1,11294
108,2,2014-03-07,-0.9749279121818236,-0.2225209339563146,1.0,6.123233995736766e-17,0.9070138128026359,0.4211008707960896,11294.0,12205.0,10992.0,10066.857142857143,11435.0,4775.2683145756855,9246.9,10742.5,4058.94822753298,2190.0,1,0,0,0,0,1,0,0,1,11498
108,2,2014-03-08,-0.7818314824680299,0.6234898018587334,1.0,6.123233995736766e-17,0.9141279881853337,0.40542572835999735,11498.0,12352.0,11336.0,9882.714285714286,11294.0,4696.668809354342,9252.666666666666,10793.5,4061.4852246296646,2190.0,0,0,0,0,0,1,0,0,1,11063
108,2,2014-03-09,-2.4492935982947064e-16,1.0,1.0,6.123233995736766e-17,0.9209712877166346,0.38963044953078796,11063.0,0.0,0.0,9882.714285714286,11294.0,4696.668809354342,8851.8,10264.5,4360.772807182471,2190.0,0,0,0,0,0,1,0,0,1,0
108,2,2014-03-10,0.7818314824680298,0.6234898018587336,1.0,6.123233995736766e-17,0.9275416835791966,0.37371971479046906,0.0,14926.0,8215.0,8982.0,11063.0,4139.8545868182355,8740.866666666667,9850.0,4321.419304950103,2190.0,0,0,0,0,0,1,0,0,1,8621
108,2,2014-03-11,0.9749279121818236,-0.22252093395631434,1.0,6.123233995736766e-17,0.9338372288229252,0.35769823883312546,8621.0,8963.0,8688.0,8862.857142857143,11063.0,4152.474339819226,9011.833333333334,9850.0,3997.129237800322,2190.0,0,0,0,0,0,1,0,0,1,8129
108,2,2014-03-12,0.43388373911755823,-0.900968867902419,1.0,6.123233995736766e-17,0.9398560579418954,0.3415707691678556,8129.0,11435.0,8253.0,8445.142857142857,8621.0,3994.6786866434904,9011.566666666668,9850.0,3997.163517428014,2190.0,0,0,0,0,0,1,0,0,1,8511
108,2,2014-03-13,-0.433883739117558,-0.9009688679024191,1.0,6.123233995736766e-17,0.9455963874271426,0.3253420847119801,8511.0,11294.0,9934.0,8038.285714285715,8511.0,3796.270789177431,9012.633333333333,9850.0,3997.0028209365496,2190.0,0,0,0,0,0,1,0,0,1,8446
108,2,2014-03-14,-0.9749279121818236,-0.2225209339563146,1.0,6.123233995736766e-17,0.9510565162951535,0.30901699437494745,8446.0,11498.0,12205.0,7849.571428571428,8511.0,3624.5738994233343,9068.2,10055.5,4001.3592294067575,2190.0,0,0,0,0,0,1,0,0,1,10177
108,2,2014-03-15,-0.7818314824680299,0.6234898018587334,1.0,6.123233995736766e-17,0.9562348265919056,0.29260033563334836,10177.0,11063.0,12352.0,7895.428571428572,8511.0,3673.702893863476,9158.233333333334,10386.0,4022.7232385565635,2190.0,0,0,0,0,0,1,0,0,1,11384
108,2,2014-03-16,-2.4492935982947064e-16,1.0,1.0,6.123233995736766e-17,0.9611297838723007,0.27609697309746883,11384.0,0.0,0.0,7895.428571428572,8511.0,3673.702893863476,8791.766666666666,10055.5,4338.126996784431,2190.0,0,0,0,0,0,1,0,0,1,0
108,2,2014-03-17,0.7818314824680298,0.6234898018587336,1.0,6.123233995736766e-17,0.9657399376548549,0.2595117970697999,0.0,8621.0,14926.0,8453.42857142857,8511.0,4076.80450259525,8835.533333333333,10055.5,4369.914058441074,2190.0,1,0,0,0,0,1,0,0,1,12527
108,2,2014-03-18,0.9749279121818236,-0.22252093395631434,1.0,6.123233995736766e-17,0.970063921851507,0.2428497220959356,12527.0,8129.0,8963.0,8768.714285714286,10177.0,4132.493102002132,9180.066666666668,10256.5,4044.6302071566065,2190.0,1,0,0,0,0,1,0,0,1,10336
108,2,2014-03-19,0.43388373911755823,-0.900968867902419,1.0,6.123233995736766e-17,0.9741004551724205,0.22611568550828828,10336.0,8511.0,11435.0,9169.0,10336.0,4237.734614940706,9072.366666666667,10256.5,3938.4997010793736,2190.0,1,0,0,0,0,1,0,0,1,11313
108,2,2014-03-20,-0.433883739117558,-0.9009688679024191,1.0,6.123233995736766e-17,0.9778483415056568,0.20931464596304847,11313.0,8446.0,11294.0,9237.285714285714,10336.0,4227.982644015374,8996.1,10055.5,3917.7364184982644,2190.0,1,0,0,0,0,1,0,0,1,8924
108,2,2014-03-21,-0.9749279121818236,-0.2225209339563146,1.0,6.123233995736766e-17,0.9813064702716093,0.19245158197082998,8924.0,10177.0,11498.0,9365.857142857143,11077.0,4274.747455642708,9039.8,10256.5,3933.898692663291,2190.0,1,0,0,0,0,1,0,0,1,11077
108,2,2014-03-22,-0.7818314824680299,0.6234898018587334,1.0,6.123233995736766e-17,0.9844738167520922,0.1755314904214282,11077.0,11384.0,11063.0,9395.714285714286,11077.0,4291.888073807987,9073.066666666668,10256.5,3951.6831501956544,2190.0,0,0,0,0,0,1,0,0,1,11593
108,2,2014-03-23,-2.4492935982947064e-16,1.0,1.0,6.123233995736766e-17,0.9873494423939864,0.15855938510313478,11593.0,0.0,0.0,9395.714285714286,11077.0,4291.888073807987,8706.666666666666,10055.5,4264.8076993744635,2190.0,0,0,0,0,0,1,0,0,1,0
108,2,2014-03-24,0.7818314824680298,0.6234898018587336,1.0,6.123233995736766e-17,0.989932495087353,0.141540295217043,0.0,12527.0,8621.0,9175.0,10982.0,4141.098244024965,8694.866666666667,10055.5,4257.765835816209,2190.0,0,0,0,0,0,1,0,0,1,10982
108,2,2014-03-25,0.9749279121818236,-0.22252093395631434,1.0,6.123233995736766e-17,0.9922222094179323,0.12447926388678915,10982.0,10336.0,8129.0,9080.42857142857,10982.0,4117.657945043631,9017.333333333334,10055.5,3930.2846289254717,2190.0,0,0,0,0,0,1,0,0,1,9674
108,2,2014-03-26,0.43388373911755823,-0.900968867902419,1.0,6.123233995736766e-17,0.994217906893952,0.10738134666416309,9674.0,11313.0,8511.0,8761.142857142857,9674.0,4000.6805432980746,9046.1,10055.5,3927.3668317378374,2190.0,0,0,0,0,0,1,0,0,1,9078
108,2,2014-03-27,-0.433883739117558,-0.9009688679024191,1.0,6.123233995736766e-17,0.995918996147179,0.09025161003104117,9078.0,8924.0,8446.0,8868.714285714286,9677.0,4015.883867605637,9079.066666666668,10055.5,3928.407994940528,2190.0,0,0,0,0,0,1,0,0,1,9677
108,2,2014-03-28,-0.9749279121818236,-0.2225209339563146,1.0,6.123233995736766e-17,0.9973249731081555,0.07309512989807777,9677.0,11077.0,10177.0,8865.714285714286,9677.0,4013.966646360581,9172.5,10256.5,3941.3951560154533,2190.0,0,0,0,0,0,1,0,0,1,11056
108,2,2014-03-29,-0.7818314824680299,0.6234898018587334,1.0,6.123233995736766e-17,0.9984354211555643,0.055916990100603484,11056.0,11593.0,11384.0,8692.857142857143,9677.0,3901.42027252347,9187.466666666667,10359.5,3945.237134897562,2190.0,0,0,0,0,0,1,0,0,1,10383
108,2,2014-03-30,-2.4492935982947064e-16,1.0,1.0,6.123233995736766e-17,0.9992500112396835,0.03872228089217446,10383.0,0.0,0.0,8692.857142857143,9677.0,3901.42027252347,8780.633333333333,10256.5,4241.50518568938,2190.0,0,0,0,0,0,1,0,0,1,0
108,2,2014-03-31,0.7818314824680298,0.6234898018587336,1.0,6.123233995736766e-17,0.9997685019798909,0.021516097436222254,0.0,10982.0,12527.0,9228.0,9677.0,4481.528942968756,8859.833333333334,10256.5,4331.715245865589,2190.0,1,0,0,0,0,1,0,0,1,14728
108,2,2014-04-01,0.9749279121818236,-0.22252093395631434,0.8660254037844387,-0.49999999999999983,0.9999907397361901,0.004303538296244289,14728.0,9674.0,10336.0,9475.142857142857,10383.0,4557.285611288495,9239.966666666667,10359.5,4016.3031936941925,2190.0,1,0,0,0,0,1,0,0,1,11404
108,2,2014-04-02,0.43388373911755823,-0.900968867902419,0.8660254037844387,-0.49999999999999983,0.9999166586547379,-0.01291029607500882,11404.0,9078.0,11313.0,9774.0,11056.0,4595.33680303559,9114.766666666666,10359.5,3889.4811787987737,2190.0,1,0,0,0,0,1,0,0,1,11170
108,2,2014-04-03,-0.433883739117558,-0.9009688679024191,0.8660254037844387,-0.49999999999999983,0.9995462806873573,-0.030120304846908114,11170.0,9677.0,8924.0,9909.0,11056.0,4605.881059399316,9170.066666666668,10502.5,3899.030948867923,2190.0,1,0,0,0,0,1,0,0,1,10622
108,2,2014-04-04,-0.9749279121818236,-0.2225209339563146,0.8660254037844387,-0.49999999999999983,0.9988797155850336,-0.04732138832243185,10622.0,11056.0,11077.0,10072.285714285714,11170.0,4673.091364906312,9195.533333333333,10502.5,3916.7891735304147,2190.0,1,0,0,0,0,1,0,0,1,12199
108,2,2014-04-05,-0.7818314824680299,0.6234898018587334,0.8660254037844387,-0.49999999999999983,0.9979171608653922,-0.06450844944931623,12199.0,10383.0,11593.0,10397.0,11404.0,4776.11519263652,9240.933333333332,10502.5,3949.7067454068856,2190.0,0,0,0,0,0,1,0,0,1,12656
108,2,2014-04-06,-2.4492935982947064e-16,1.0,0.8660254037844387,-0.49999999999999983,0.9966589017541702,-0.08167639533042241,12656.0,0.0,0.0,10397.0,11404.0,4776.11519263652,8857.666666666666,10359.5,4268.162071813157,2190.0,0,0,0,0,0,1,0,0,1,0
108,2,2014-04-07,0.7818314824680298,0.6234898018587336,0.8660254037844387,-0.49999999999999983,0.9951053111006976,-0.09882013873287143,0.0,14728.0,10982.0,9539.142857142857,11170.0,4392.435559328918,8779.666666666666,10256.5,4247.803232124881,2190.0,0,0,0,0,0,1,0,0,1,8723
108,2,2014-04-08,0.9749279121818236,-0.22252093395631434,0.8660254037844387,-0.49999999999999983,0.9932568492674143,-0.11593459959550041,8723.0,11404.0,9674.0,9235.285714285714,10622.0,4314.812924267813,9088.9,10256.5,3910.9359171783767,2190.0,0,0,0,0,0,1,0,0,1,9277
108,2,2014-04-09,0.43388373911755823,-0.900968867902419,0.8660254037844387,-0.49999999999999983,0.9911140639934547,-0.1330147065341959,9277.0,11170.0,9078.0,8906.0,9277.0,4229.6700422925,9097.033333333333,10256.5,3910.1829438049313,2190.0,0,0,0,0,0,1,0,0,1,8865
108,2,2014-04-10,-0.433883739117558,-0.9009688679024191,0.8660254037844387,-0.49999999999999983,0.9886775902323405,-0.1500553983446526,8865.0,10622.0,9677.0,8773.42857142857,9277.0,4181.1863092166695,9149.2,10256.5,3907.261272077396,2190.0,0,0,0,0,0,1,0,0,1,9694
108,2,2014-04-11,-0.9749279121818236,-0.2225209339563146,0.8660254037844387,-0.49999999999999983,0.9859481499638304,-0.16705162550211924,9694.0,12199.0,11056.0,8371.285714285714,9277.0,3924.2863348760857,9178.3,10256.5,3905.594821137564,2190.0,0,0,0,0,0,1,0,0,1,9384
108,2,2014-04-12,-0.7818314824680299,0.6234898018587334,0.8660254037844387,-0.49999999999999983,0.9829265519799822,-0.18399835165768005,9384.0,12656.0,10383.0,8199.285714285714,9277.0,3726.595305560896,9278.5,10359.5,3924.6730744584725,2190.0,0,0,0,0,0,1,0,0,1,11452
108,2,2014-04-13,-2.4492935982947064e-16,1.0,0.8660254037844387,-0.49999999999999983,0.9796136916454901,-0.20089055513063506,11452.0,0.0,0.0,8199.285714285714,9277.0,3726.595305560896,8939.266666666666,10359.5,4269.052975280014,2190.0,0,0,0,0,0,1,0,0,1,0
108,2,2014-04-14,0.7818314824680298,0.6234898018587336,0.8660254037844387,-0.49999999999999983,0.9760105506323683,-0.21772323039653177,0.0,8723.0,14728.0,9251.57142857143,9384.0,4787.9580497028455,9096.1,10359.5,4444.770855192923,2190.0,1,0,0,0,0,1,0,0,1,16089
108,2,2014-04-15,0.9749279121818236,-0.22252093395631434,0.8660254037844387,-0.49999999999999983,0.9721181966290613,-0.23449138957040985,16089.0,9277.0,11404.0,9737.142857142857,9694.0,4960.222791655347,9518.633333333333,10502.5,4142.48079498042,2190.0,1,0,0,0,0,1,0,0,1,12676
108,2,2014-04-16,0.43388373911755823,-0.900968867902419,0.8660254037844387,-0.49999999999999983,0.9679377830240642,-0.25119006388481935,12676.0,8865.0,11170.0,10248.714285714286,11452.0,5039.315387175981,9515.933333333332,10502.5,4140.478290990176,2190.0,1,0,0,0,0,1,0,0,1,12446
108,2,2014-04-17,-0.433883739117558,-0.9009688679024191,0.8660254037844387,-0.49999999999999983,0.9634705485641488,-0.2678143051621742,12446.0,9694.0,10622.0,10770.285714285714,12446.0,5159.832320088381,9616.233333333334,10802.0,4197.087222178581,2190.0,1,0,0,0,0,1,0,0,1,13345
108,2,2014-04-18,-0.9749279121818236,-0.2225209339563146,0.8660254037844387,-0.49999999999999983,0.9587178169872964,-0.2843591872810034,13345.0,9384.0,12199.0,9429.714285714286,12446.0,6598.491764898141,9239.133333333333,10502.5,4534.075914164021,2190.0,1,0,0,0,0,1,0,0,1,0
108,2,2014-04-19,-0.7818314824680299,0.6234898018587334,0.8660254037844387,-0.49999999999999983,0.9536809966304457,-0.30081980763566735,0.0,11452.0,12656.0,9916.857142857143,12676.0,6892.018244040747,9437.066666666668,10802.0,4648.02323524768,2190.0,0,0,0,0,0,1,0,0,1,14862
108,2,2014-04-20,-2.4492935982947064e-16,1.0,0.8660254037844387,-0.49999999999999983,0.9483615800121715,-0.3171912885891061,14862.0,0.0,0.0,9916.857142857143,12676.0,6892.018244040747,9067.833333333334,10502.5,4943.816507610244,2190.0,0,0,0,0,0,1,0,0,1,0
108,2,2014-04-21,0.7818314824680298,0.6234898018587336,0.8660254037844387,-0.49999999999999983,0.9427611433904207,-0.3334687789181868,0.0,16089.0,8723.0,7618.428571428572,12446.0,7167.853975845738,8681.4,10038.5,5186.745512062122,2190.0,0,0,0,0,0,1,0,0,1,0
108,2,2014-04-22,0.9749279121818236,-0.22252093395631434,0.8660254037844387,-0.49999999999999983,0.9368813462954315,-0.3496474552512284,0.0,12676.0,9277.0,7289.714285714285,10375.0,6946.606718734107,9027.233333333334,10379.0,4927.337867542629,2190.0,0,0,0,0,0,1,0,0,1,10375
108,2,2014-04-23,0.43388373911755823,-0.900968867902419,0.8660254037844387,-0.49999999999999983,0.9307239310379795,-0.36572252349726897,10375.0,12446.0,8865.0,6649.428571428572,7964.0,6589.507919340223,8926.633333333333,10034.5,4916.849415150354,2190.0,0,0,0,0,0,1,0,0,1,7964
108,2,2014-04-24,-0.433883739117558,-0.9009688679024191,0.8660254037844387,-0.49999999999999983,0.9242907221930934,-0.3816892202666588,7964.0,13345.0,9694.0,5954.857142857143,7964.0,5995.609349865144,8886.933333333332,10034.5,4915.4149081781725,2190.0,0,0,0,0,0,1,0,0,1,8483
108,2,2014-04-25,-0.9749279121818236,-0.2225209339563146,0.8660254037844387,-0.49999999999999983,0.9175836260593937,-0.39754281428255595,8483.0,0.0,9384.0,7353.714285714285,8483.0,5496.206592256321,8910.733333333334,10083.5,4918.099765737487,2190.0,0,0,0,0,0,1,0,0,1,9792
108,2,2014-04-26,-0.7818314824680299,0.6234898018587334,0.8660254037844387,-0.49999999999999983,0.9106046300942163,-0.4132786077829042,9792.0,14862.0,11452.0,6930.285714285715,8483.0,4903.584699458327,8984.766666666666,10379.0,4946.665973564719,2190.0,0,0,0,0,0,1,0,0,1,11898
108,2,2014-04-27,-2.4492935982947064e-16,1.0,0.8660254037844387,-0.49999999999999983,0.9033558023246845,-0.4288919379124835,11898.0,0.0,0.0,6930.285714285715,8483.0,4903.584699458327,8616.233333333334,10083.5,5192.757367873951,2190.0,0,0,0,0,0,1,0,0,1,0
108,2,2014-04-28,0.7818314824680298,0.6234898018587336,0.8660254037844387,-0.49999999999999983,0.895839290734909,-0.4443781781046132,0.0,0.0,16089.0,8915.0,9792.0,4418.6678233754255,8733.233333333334,10083.5,5272.862454200711,2190.0,1,0,0,0,0,1,0,0,1,13893
108,2,2014-04-29,0.9749279121818236,-0.22252093395631434,0.8660254037844387,-0.49999999999999983,0.8880573226294932,-0.45973273945210397,13893.0,10375.0,12676.0,9220.714285714286,9792.0,4606.551917804528,9150.4,10498.5,5048.389395604818,2190.0,1,0,0,0,0,1,0,0,1,12515
108,2,2014-04-30,0.43388373911755823,-0.900968867902419,0.8660254037844387,-0.49999999999999983,0.8800122039735357,-0.47495107206704995,12515.0,7964.0,12446.0,10157.142857142857,11898.0,4961.117731203039,9143.433333333332,10498.5,5040.565161822106,2190.0,1,0,0,0,0,1,0,0,1,14519
108,2,2014-05-01,-0.433883739117558,-0.9009688679024191,0.49999999999999994,-0.8660254037844387,0.8717063187093218,-0.49002866642905923,14519.0,8483.0,13345.0,8945.285714285714,11898.0,6294.981432704566,8763.3,10083.5,5288.141542721987,2190.0,1,0,0,0,0,1,0,0,1,0
108,2,2014-05-02,-0.9749279121818236,-0.2225209339563146,0.49999999999999994,-0.8660254037844387,0.8631421280499114,-0.5049610547215204,0.0,9792.0,0.0,9968.285714285714,12515.0,6998.11412011088,8956.066666666668,10083.5,5480.790906513361,2190.0,1,0,0,0,0,1,0,0,1,16953
108,2,2014-05-03,-0.7818314824680299,0.6234898018587334,0.49999999999999994,-0.8660254037844387,0.854322169749827,-0.5197438121555155,16953.0,11898.0,14862.0,10131.142857142857,13038.0,7063.465849674922,9036.6,10083.5,5523.695905385489,2190.0,0,0,0,0,0,1,0,0,1,13038
108,2,2014-05-04,-2.4492935982947064e-16,1.0,0.49999999999999994,-0.8660254037844387,0.8452490573530633,-0.5343725582809787,13038.0,0.0,0.0,10131.142857142857,13038.0,7063.465849674922,8629.966666666667,9743.0,5728.104106423259,2190.0,0,0,0,0,0,1,0,0,1,0
108,2,2014-05-05,0.7818314824680298,0.6234898018587336,0.49999999999999994,-0.8660254037844387,0.835925479418637,-0.548842958284719,0.0,13893.0,0.0,10224.42857142857,13038.0,7125.468145021374,8692.966666666667,9743.0,5784.031403330436,2190.0,1,0,0,0,0,1,0,0,1,14546
108,2,2014-05-06,0.9749279121818236,-0.22252093395631434,0.49999999999999994,-0.8660254037844387,0.8263541987239096,-0.5631507242749186,14546.0,12515.0,10375.0,9993.57142857143,13038.0,7064.807637323255,9056.266666666666,10083.5,5557.023719230642,2190.0,1,0,0,0,0,1,0,0,1,10899
108,2,2014-05-07,0.43388373911755823,-0.900968867902419,0.49999999999999994,-0.8660254037844387,0.8165380514459161,-0.5772916165517272,10899.0,14519.0,7964.0,9568.142857142857,11541.0,6832.729406529807,9150.2,10637.0,5574.98413419731,2190.0,1,0,0,0,0,1,0,0,1,11541
108,2,2014-05-08,-0.433883739117558,-0.9009688679024191,0.49999999999999994,-0.8660254037844387,0.8064799463209448,-0.5912614448635781,11541.0,0.0,8483.0,11252.714285714286,11792.0,5379.728360995128,9234.033333333333,11175.5,5595.827210633328,2190.0,1,0,0,0,0,1,0,0,1,11792
108,2,2014-05-09,-0.9749279121818236,-0.2225209339563146,0.49999999999999994,-0.8660254037844387,0.7961828637826158,-0.6050560696488488,11792.0,16953.0,9792.0,10652.142857142857,11792.0,4845.439004141649,9363.5,11496.5,5631.809715572233,2190.0,1,0,0,0,0,1,0,0,1,12749
108,2,2014-05-10,-0.7818314824680299,0.6234898018587334,0.49999999999999994,-0.8660254037844387,0.7856498550787145,-0.6186714032625031,12749.0,13038.0,11898.0,10497.857142857143,11792.0,4773.468250953097,9438.966666666667,11666.5,5651.525527851221,2190.0,0,0,0,0,0,1,0,0,1,11958
108,2,2014-05-11,-2.4492935982947064e-16,1.0,0.49999999999999994,-0.8660254037844387,0.7748840413670407,-0.6321034111873487,11958.0,0.0,0.0,10497.857142857143,11792.0,4773.468250953097,9126.166666666666,11666.5,5908.521718864952,2190.0,0,0,0,0,0,1,0,0,1,0
108,2,2014-05-12,0.7818314824680298,0.6234898018587336,0.49999999999999994,-0.8660254037844387,0.7638886127905428,-0.6453481132295501,0.0,14546.0,13893.0,9853.142857142857,11541.0,4427.848063810515,9078.866666666667,11666.5,5894.924659419312,2190.0,0,0,0,0,0,1,0,0,1,10033
108,2,2014-05-13,0.9749279121818236,-0.22252093395631434,0.49999999999999994,-0.8660254037844387,0.7526668275320084,-0.6584015846980488,10033.0,10899.0,12515.0,9574.714285714286,11541.0,4412.373197962212,9377.2,11666.5,5640.599958307199,2190.0,0,0,0,0,0,1,0,0,1,8950
108,2,2014-05-14,0.43388373911755823,-0.900968867902419,0.49999999999999994,-0.8660254037844387,0.741222010848596,-0.6712599575675313,8950.0,11541.0,14519.0,9243.42857142857,10033.0,4326.355273481476,9148.3,11220.0,5496.326799436774,2190.0,0,0,0,0,0,1,0,0,1,9222
108,2,2014-05-15,-0.433883739117558,-0.9009688679024191,0.49999999999999994,-0.8660254037844387,0.7295575540864875,-0.6839194216246106,9222.0,11792.0,0.0,8848.714285714286,9222.0,4178.601588820744,9026.733333333334,10637.0,5455.793667939289,2190.0,0,0,0,0,0,1,0,0,1,9029
108,2,2014-05-16,-0.9749279121818236,-0.2225209339563146,0.49999999999999994,-0.8660254037844387,0.717676913675962,-0.6963762255968722,9029.0,12749.0,16953.0,8582.714285714286,9222.0,3941.4750924954355,8974.766666666666,10631.0,5429.463183494252,2190.0,0,0,0,0,0,1,0,0,1,10887
108,2,2014-05-17,-0.7818314824680299,0.6234898018587334,0.49999999999999994,-0.8660254037844387,0.705583610107178,-0.7086266782644596,10887.0,11958.0,13038.0,8475.142857142857,9222.0,3843.049632282996,8903.433333333332,10631.0,5383.933286486129,2190.0,0,0,0,0,0,1,0,0,1,11205
108,2,2014-05-18,-2.4492935982947064e-16,1.0,0.49999999999999994,-0.8660254037844387,0.6932812268869777,-0.7206671495538609,11205.0,0.0,0.0,8475.142857142857,9222.0,3843.049632282996,8903.433333333332,10631.0,5383.933286486129,2190.0,0,0,0,0,0,1,0,0,1,0
108,2,2014-05-19,0.7818314824680298,0.6234898018587336,0.49999999999999994,-0.8660254037844387,0.6807734094770161,-0.7324940716135789,0.0,10033.0,14546.0,8756.285714285714,9222.0,4042.8052024258986,8808.066666666668,10631.0,5299.424008605889,2190.0,1,0,0,0,0,1,0,0,1,12001
108,2,2014-05-20,0.9749279121818236,-0.22252093395631434,0.49999999999999994,-0.8660254037844387,0.6680638642135335,-0.7441039398713607,12001.0,8950.0,10899.0,8883.857142857143,9843.0,4063.970653952915,9136.166666666666,10631.0,5033.311483358222,2190.0,1,0,0,0,0,1,0,0,1,9843
108,2,2014-05-21,0.43388373911755823,-0.900968867902419,0.49999999999999994,-0.8660254037844387,0.6551563572090853,-0.7554933140726803,9843.0,9222.0,11541.0,8859.142857142857,9843.0,4062.097177098363,9437.8,10631.0,4728.858894213202,2190.0,1,0,0,0,0,1,0,0,1,9049
108,2,2014-05-22,-0.433883739117558,-0.9009688679024191,0.49999999999999994,-0.8660254037844387,0.6420547132365637,-0.766658819300159,9049.0,9029.0,11792.0,8930.142857142857,9843.0,4069.8968221390032,9409.5,10460.0,4725.596096316023,2190.0,1,0,0,0,0,1,0,0,1,9526
108,2,2014-05-23,-0.9749279121818236,-0.2225209339563146,0.49999999999999994,-0.8660254037844387,0.6287628145958344,-0.777597146973627,9526.0,10887.0,12749.0,9101.142857142857,9843.0,4189.216292202775,9546.833333333334,10893.0,4741.977479864306,2190.0,1,0,0,0,0,1,0,0,1,12084
108,2,2014-05-24,-0.7818314824680299,0.6234898018587334,0.49999999999999994,-0.8660254037844387,0.6152845999633276,-0.7883050558305255,12084.0,11205.0,11958.0,9094.0,9843.0,4185.071803446151,9635.9,11027.0,4746.398397551123,2190.0,0,0,0,0,0,1,0,0,1,11155
108,2,2014-05-25,-2.4492935982947064e-16,1.0,0.49999999999999994,-0.8660254037844387,0.6016240632249226,-0.7987793728863649,11155.0,0.0,0.0,9094.0,9843.0,4185.071803446151,9309.5,11027.0,5061.520582142118,2190.0,0,0,0,0,0,1,0,0,1,0
108,2,2014-05-26,0.7818314824680298,0.6234898018587336,0.49999999999999994,-0.8660254037844387,0.5877852522924732,-0.8090169943749473,0.0,12001.0,10033.0,8867.714285714286,9843.0,4042.074538084198,9260.133333333333,10893.0,5042.590465455117,2190.0,0,0,0,0,0,1,0,0,1,10417
108,2,2014-05-27,0.9749279121818236,-0.22252093395631434,0.49999999999999994,-0.8660254037844387,0.5737722679043246,-0.8190148866680801,10417.0,9843.0,8950.0,8772.857142857143,9526.0,4023.1192470756423,9566.1,10893.0,4730.137727454631,2190.0,0,0,0,0,0,1,0,0,1,9179
108,2,2014-05-28,0.43388373911755823,-0.900968867902419,0.49999999999999994,-0.8660254037844387,0.5595892624101765,-0.8287700871745037,9179.0,9049.0,9222.0,9172.285714285714,10417.0,4190.424310826044,9497.833333333334,10893.0,4680.050825566434,2190.0,0,0,0,0,0,1,0,0,1,11845
108,2,2014-05-29,-0.433883739117558,-0.9009688679024191,0.49999999999999994,-0.8660254037844387,0.545240438540651,-0.8382797052177743,11845.0,9526.0,9029.0,7811.428571428572,10417.0,5422.178555314667,9080.666666666666,10652.0,4951.725922261389,2190.0,0,0,0,0,0,1,0,0,1,0
108,2,2014-05-30,-0.9749279121818236,-0.2225209339563146,0.49999999999999994,-0.8660254037844387,0.5307300481619334,-0.8475409228928311,0.0,12084.0,10887.0,8325.285714285714,10417.0,6030.852143058107,9119.4,10652.0,5000.041452241964,2190.0,0,0,0,0,0,1,0,0,1,15681
108,2,2014-05-31,-0.7818314824680299,0.6234898018587334,0.49999999999999994,-0.8660254037844387,0.5160623910158528,-0.8565509959010036,15681.0,11155.0,11205.0,8532.42857142857,10417.0,6167.595151465516,9539.566666666668,10893.0,4729.5905318378855,2190.0,0,0,0,0,0,1,0,0,1,12605
108,2,2014-06-01,-2.4492935982947064e-16,1.0,1.2246467991473532e-16,-1.0,0.5012418134457758,-0.865307254363206,12605.0,0.0,0.0,8532.42857142857,10417.0,6167.595151465516,8974.466666666667,10652.0,4825.09949680035,2190.0,0,0,0,0,0,1,0,0,1,0
108,2,2014-06-02,0.7818314824680298,0.6234898018587336,1.2246467991473532e-16,-1.0,0.48627270710869,-0.8738071036110808,0.0,10417.0,12001.0,9362.714285714286,11845.0,6820.256122128303,9080.833333333334,10652.0,4951.2885963522485,2190.0,1,0,0,0,0,1,0,0,1,16229
108,2,2014-06-03,0.9749279121818236,-0.22252093395631434,1.2246467991473532e-16,-1.0,0.4711595076738638,-0.8820480249558537,16229.0,9179.0,9843.0,9861.142857142857,12605.0,6931.179635737138,9503.1,10893.0,4683.056254862512,2190.0,1,0,0,0,0,1,0,0,1,12668
108,2,2014-06-04,0.43388373911755823,-0.900968867902419,1.2246467991473532e-16,-1.0,0.4559066935084588,-0.8900275764346767,12668.0,11845.0,9049.0,9843.0,12605.0,6925.284976085826,9408.833333333334,10893.0,4605.8726237746505,2190.0,1,0,0,0,0,1,0,0,1,11718
108,2,2014-06-05,-0.433883739117558,-0.9009688679024191,1.2246467991473532e-16,-1.0,0.440518784350495,-0.8977433935342337,11718.0,0.0,9526.0,11676.0,12668.0,5420.358290740581,9473.233333333334,11021.0,4640.801147270345,2190.0,1,0,0,0,0,1,0,0,1,12831
108,2,2014-06-06,-0.9749279121818236,-0.2225209339563146,1.2246467991473532e-16,-1.0,0.42500033996955416,-0.9051931898913974,12831.0,15681.0,12084.0,11226.142857142857,12605.0,5156.837125880288,9506.266666666666,11021.0,4659.516335217736,2190.0,1,0,0,0,0,1,0,0,1,12532
108,2,2014-06-07,-0.7818314824680299,0.6234898018587334,1.2246467991473532e-16,-1.0,0.4093559588156213,-0.9123747579707273,12532.0,12605.0,11155.0,11190.142857142857,12532.0,5146.476186951347,9524.966666666667,11021.0,4670.119635795605,2190.0,0,0,0,0,0,1,0,0,1,12353
108,2,2014-06-08,-2.4492935982947064e-16,1.0,1.2246467991473532e-16,-1.0,0.39359027665646673,-0.9192859697186104,12353.0,0.0,0.0,11190.142857142857,12532.0,5146.476186951347,9100.0,10652.0,4938.948666572116,2190.0,0,0,0,0,0,1,0,0,1,0
108,2,2014-06-09,0.7818314824680298,0.6234898018587336,1.2246467991473532e-16,-1.0,0.3777079652039649,-0.9259247771938498,0.0,16229.0,10417.0,8871.714285714286,12353.0,6070.70481120289,8701.4,10225.0,5177.133347379776,2190.0,0,0,0,0,0,1,0,0,1,0
108,2,2014-06-10,0.9749279121818236,-0.22252093395631434,1.2246467991473532e-16,-1.0,0.36171373072976765,-0.9322892131745133,0.0,12668.0,9179.0,8831.42857142857,12353.0,6042.182272908326,9114.266666666666,10652.0,4948.098659104311,2190.0,0,0,0,0,0,1,0,0,1,12386
108,2,2014-06-11,0.43388373911755823,-0.900968867902419,1.2246467991473532e-16,-1.0,0.3456123126707335,-0.9383773917408641,12386.0,11718.0,11845.0,8595.714285714286,12353.0,5942.161299120203,9115.433333333332,10652.0,4948.326869331403,2190.0,0,0,0,0,0,1,0,0,1,10068
108,2,2014-06-12,-0.433883739117558,-0.9009688679024191,1.2246467991473532e-16,-1.0,0.3294084822245304,-0.9441875088341993,10068.0,12831.0,0.0,8069.857142857143,10068.0,5661.118747755644,9122.1,10652.0,4948.231027347046,2190.0,0,0,0,0,0,1,0,0,1,9150
108,2,2014-06-13,-0.9749279121818236,-0.2225209339563146,1.2246467991473532e-16,-1.0,0.3131070409358269,-0.9497178427914316,9150.0,12532.0,15681.0,7951.142857142857,10068.0,5559.757501563394,9204.733333333334,11021.0,4970.605374449449,2190.0,0,0,0,0,0,1,0,0,1,11701
108,2,2014-06-14,-0.7818314824680299,0.6234898018587334,1.2246467991473532e-16,-1.0,0.29671281927349075,-0.9549667548552551,11701.0,12353.0,12605.0,7888.142857142857,10068.0,5503.781743146292,9300.833333333334,11180.0,4994.900745162309,2190.0,0,0,0,0,0,1,0,0,1,11912
108,2,2014-06-15,-2.4492935982947064e-16,1.0,1.2246467991473532e-16,-1.0,0.28023067519921585,-0.9599326896597447,11912.0,0.0,0.0,7888.142857142857,10068.0,5503.781743146292,8937.933333333332,11180.0,5263.93275644435,2190.0,0,0,0,0,0,1,0,0,1,0
108,2,2014-06-16,0.7818314824680298,0.6234898018587336,1.2246467991473532e-16,-1.0,0.26366549272800704,-0.9646141756912435,0.0,0.0,16229.0,9985.42857142857,11701.0,4741.299746452903,9053.8,11428.0,5353.056248536905,2190.0,1,0,0,0,0,1,0,0,1,14681
108,2,2014-06-17,0.9749279121818236,-0.22252093395631434,1.2246467991473532e-16,-1.0,0.24702218048093552,-0.9690098257244062,14681.0,12386.0,12668.0,9741.42857142857,10678.0,4640.037710232645,9409.733333333334,11428.0,5078.240259512476,2190.0,1,0,0,0,0,1,0,0,1,10678
108,2,2014-06-18,0.43388373911755823,-0.900968867902419,1.2246467991473532e-16,-1.0,0.23030567023061221,-0.9731183372332619,10678.0,10068.0,11718.0,10085.42857142857,11701.0,4756.093980608565,9425.566666666668,11428.0,5087.330467790131,2190.0,1,0,0,0,0,1,0,0,1,12476
108,2,2014-06-19,-0.433883739117558,-0.9009688679024191,1.2246467991473532e-16,-1.0,0.21352091543979612,-0.9769384927771817,12476.0,9150.0,12831.0,8778.285714285714,11701.0,6118.320377202819,9097.466666666667,11428.0,5369.083192355729,2190.0,1,0,0,0,0,1,0,0,1,0
108,2,2014-06-20,-0.9749279121818236,-0.2225209339563146,1.2246467991473532e-16,-1.0,0.19667288979357647,-0.980469160361632,0.0,11701.0,12532.0,9338.142857142857,11912.0,6591.355207860559,9316.5,11709.5,5499.487121854935,2190.0,1,0,0,0,0,1,0,0,1,15620
108,2,2014-06-21,-0.7818314824680299,0.6234898018587334,1.2246467991473532e-16,-1.0,0.1797665857255624,-0.9837092937736097,15620.0,11912.0,12353.0,9052.57142857143,10678.0,6503.981392376593,9329.4,11709.5,5500.449289485987,2190.0,0,0,0,0,0,1,0,0,1,9913
108,2,2014-06-22,-2.4492935982947064e-16,1.0,1.2246467991473532e-16,-1.0,0.16280701293851715,-0.986657932891657,9913.0,0.0,0.0,9052.57142857143,10678.0,6503.981392376593,8926.6,11428.0,5729.463407504322,2190.0,0,0,0,0,0,1,0,0,1,0
108,2,2014-06-23,0.7818314824680298,0.6234898018587336,1.2246467991473532e-16,-1.0,0.1457991969198751,-0.9893142039703663,0.0,14681.0,0.0,8303.0,9913.0,6032.466632039223,8869.233333333334,11189.5,5714.979522594824,2190.0,0,0,0,0,0,1,0,0,1,9434
108,2,2014-06-24,0.9749279121818236,-0.22252093395631434,1.2246467991473532e-16,-1.0,0.12874817745258132,-0.99167731989929,9434.0,10678.0,12386.0,8063.0,9434.0,5955.153538462852,9169.166666666666,11189.5,5464.061954281804,2190.0,0,0,0,0,0,1,0,0,1,8998
108,2,2014-06-25,0.43388373911755823,-0.900968867902419,1.2246467991473532e-16,-1.0,0.11165900712169512,-0.993746580436178,8998.0,12476.0,10068.0,7578.714285714285,9086.0,5667.353195107499,9124.8,11189.5,5458.981826248403,2190.0,0,0,0,0,0,1,0,0,1,9086
108,2,2014-06-26,-0.433883739117558,-0.9009688679024191,1.2246467991473532e-16,-1.0,0.09453674981719912,-0.9955213724144752,9086.0,0.0,9150.0,8679.285714285714,9086.0,4597.342301601571,9075.633333333333,11189.5,5465.115732019572,2190.0,0,0,0,0,0,1,0,0,1,7704
108,2,2014-06-27,-0.9749279121818236,-0.2225209339563146,1.2246467991473532e-16,-1.0,0.07738647923346301,-0.9970011699250151,7704.0,15620.0,11701.0,7920.142857142857,9086.0,3588.2200057303858,9024.333333333334,10492.0,5445.411445987526,2190.0,0,0,0,0,0,1,0,0,1,10306
108,2,2014-06-28,-0.7818314824680299,0.6234898018587334,1.2246467991473532e-16,-1.0,0.06021327736579302,-0.9981855344718586,10306.0,9913.0,11912.0,8072.0,9086.0,3707.139418293657,9390.2,10827.0,5180.458396705837,2190.0,0,0,0,0,0,1,0,0,1,10976
108,2,2014-06-29,-2.4492935982947064e-16,1.0,1.2246467991473532e-16,-1.0,0.04302223300453059,-0.99907411510223,10976.0,0.0,0.0,8072.0,9086.0,3707.1394182936574,8867.5,10492.0,5313.231887110414,2190.0,0,0,0,0,0,1,0,0,1,0
108,2,2014-06-30,0.7818314824680298,0.6234898018587336,1.2246467991473532e-16,-1.0,0.02581844022713308,-0.9996666485105112,0.0,9434.0,14681.0,9203.857142857143,9086.0,5129.096295598654,9025.9,10492.0,5496.182206925471,2190.0,1,0,0,0,0,1,0,0,1,17357
108,2,2015-01-01,-0.433883739117558,-0.9009688679024191,0.49999999999999994,0.8660254037844387,0.017213356155834685,0.9998518392091162,17357.0,8998.0,10678.0,7918.428571428572,9086.0,6204.139689410148,9025.9,10492.0,5496.182206925471,2190.0,0,0,0,0,0,1,0,0,1,0
108,2,2015-01-02,-0.9749279121818236,-0.2225209339563146,0.49999999999999994,0.8660254037844387,0.03442161162274574,0.9994074007397048,0.0,9086.0,12476.0,8733.142857142857,10306.0,6734.776770083559,8977.9,10492.0,5437.076099053291,2190.0,0,0,0,0,0,1,0,0,1,14789
108,2,2015-01-03,-0.7818314824680299,0.6234898018587334,0.49999999999999994,0.8660254037844387,0.051619667223253764,0.998666816288476,14789.0,7704.0,0.0,9567.57142857143,10976.0,6944.593169201082,9007.133333333333,10492.0,5459.910399247968,2190.0,0,0,0,0,0,1,0,0,1,13545
108,2,2015-01-04,-2.4492935982947064e-16,1.0,0.49999999999999994,0.8660254037844387,0.06880242680231986,0.9976303053065857,13545.0,10306.0,15620.0,8095.285714285715,10976.0,7801.538474648993,8616.533333333333,10187.0,5674.232828189705,2190.0,0,0,0,0,0,1,0,0,1,0
108,2,2015-01-05,0.7818314824680298,0.6234898018587336,0.49999999999999994,0.8660254037844387,0.08596479873744647,0.9962981749346078,0.0,10976.0,9913.0,9241.714285714286,13545.0,8818.730213099197,8822.2,10187.0,5937.946593876046,2190.0,1,0,0,0,0,1,0,0,1,19001
108,2,2015-01-06,0.9749279121818236,-0.22252093395631434,0.49999999999999994,0.8660254037844387,0.10310169744743485,0.9946708199115211,19001.0,0.0,0.0,9241.714285714286,13545.0,8818.730213099197,8404.466666666667,9990.5,6106.386271106178,2190.0,1,0,0,0,0,1,0,0,1,0
108,2,2015-01-07,0.43388373911755823,-0.900968867902419,0.49999999999999994,0.8660254037844387,0.1202080448993527,0.9927487224577402,0.0,17357.0,9434.0,8994.714285714286,13545.0,8574.37787275333,8513.633333333333,9990.5,6207.841656593161,2190.0,1,0,0,0,0,1,0,0,1,15628
108,2,2015-01-08,-0.433883739117558,-0.9009688679024191,0.49999999999999994,0.8660254037844387,0.13727877211326478,0.9905324521322229,15628.0,0.0,8998.0,10842.285714285714,13545.0,7657.570365642227,8944.733333333334,10187.0,6043.106862130309,2190.0,1,0,0,0,0,1,0,0,1,12933
108,2,2015-01-09,-0.9749279121818236,-0.2225209339563146,0.49999999999999994,0.8660254037844387,0.15430882066428117,0.9880226656636976,12933.0,14789.0,9086.0,10499.0,12933.0,7503.464621981865,9357.6,10492.0,5830.287658367325,2190.0,1,0,0,0,0,1,0,0,1,12386
108,2,2015-01-10,-0.7818314824680299,0.6234898018587334,0.49999999999999994,0.8660254037844387,0.1712931441814776,0.9852201067560606,12386.0,13545.0,7704.0,10441.857142857143,12933.0,7477.881059689118,9382.9,10492.0,5845.509212649692,2190.0,0,0,0,0,0,1,0,0,1,13145
108,2,2015-01-11,-2.4492935982947064e-16,1.0,0.49999999999999994,0.8660254037844387,0.1882267098432442,0.9821256058680006,13145.0,0.0,10306.0,10441.857142857143,12933.0,7477.881059689118,9047.3,10492.0,6088.768604060521,2190.0,0,0,0,0,0,1,0,0,1,0
108,2,2015-01-12,0.7818314824680298,0.6234898018587336,0.49999999999999994,0.8660254037844387,0.2051044998686192,0.9787400799669153,0.0,19001.0,10976.0,9971.857142857143,12933.0,6933.864613344463,9266.0,10827.0,6209.224089457833,2190.0,1,0,0,0,0,1,0,0,1,15711
108,2,2015-01-13,0.9749279121818236,-0.22252093395631434,0.49999999999999994,0.8660254037844387,0.22192151300416552,0.9750645322571948,15711.0,0.0,0.0,11676.285714285714,12933.0,5362.456517750245,9273.666666666666,10827.0,6212.47545382417,2190.0,1,0,0,0,0,1,0,0,1,11931
108,2,2015-01-14,0.43388373911755823,-0.900968867902419,0.49999999999999994,0.8660254037844387,0.2386727660059501,0.9711000518829505,11931.0,15628.0,17357.0,10990.857142857143,12386.0,5071.934326223473,9237.6,10754.0,6199.758152123967,2190.0,1,0,0,0,0,1,0,0,1,10830
108,2,2015-01-15,-0.433883739117558,-0.9009688679024191,0.49999999999999994,0.8660254037844387,0.255353295116187,0.9668478136052775,10830.0,12933.0,0.0,10888.285714285714,12215.0,5033.224073238614,9644.766666666666,10903.0,5968.97481339874,2190.0,1,0,0,0,0,1,0,0,1,12215
108,2,2015-01-16,-0.9749279121818236,-0.2225209339563146,0.49999999999999994,0.8660254037844387,0.2719581575341055,0.9623090774541486,12215.0,12386.0,14789.0,10915.857142857143,12215.0,5043.31426836797,9574.7,10903.0,5919.954415889273,2190.0,1,0,0,0,0,1,0,0,1,12579
108,2,2015-01-17,-0.7818314824680299,0.6234898018587334,0.49999999999999994,0.8660254037844387,0.288482432880609,0.9574851883550393,12579.0,13145.0,13545.0,10705.714285714286,11931.0,4964.989013559046,9607.9,11325.0,5929.140981858893,2190.0,0,0,0,0,0,1,0,0,1,11674
108,2,2015-01-18,-2.4492935982947064e-16,1.0,0.49999999999999994,0.8660254037844387,0.30492122465628907,0.9523775757303974,11674.0,0.0,0.0,10705.714285714286,11931.0,4964.989013559046,9192.033333333333,10903.0,6154.292202690084,2190.0,0,0,0,0,0,1,0,0,1,0
108,2,2015-01-19,0.7818314824680298,0.6234898018587336,0.49999999999999994,0.8660254037844387,0.3212696616923644,0.9469877530760753,0.0,15711.0,19001.0,9747.714285714286,11674.0,4459.482246266036,9492.2,10903.0,5905.060853433995,2190.0,0,0,0,0,0,1,0,0,1,9005
108,2,2015-01-20,0.9749279121818236,-0.22252093395631434,0.49999999999999994,0.8660254037844387,0.3375228995941133,0.9413173175128471,9005.0,11931.0,0.0,9320.285714285714,10830.0,4357.566358809538,9269.5,10568.0,5790.869166791506,2190.0,0,0,0,0,0,1,0,0,1,8939
108,2,2015-01-21,0.43388373911755823,-0.900968867902419,0.49999999999999994,0.8660254037844387,0.3536761221763716,0.9353679493131483,8939.0,10830.0,15628.0,9131.142857142857,9506.0,4309.584954051899,9255.933333333332,10568.0,5789.786262110161,2190.0,0,0,0,0,0,1,0,0,1,9506
108,2,2015-01-22,-0.433883739117558,-0.9009688679024191,0.49999999999999994,0.8660254037844387,0.3697245428906731,0.9291414114031743,9506.0,12215.0,12933.0,8734.142857142857,9436.0,4101.110314234892,9570.466666666667,10568.0,5519.618019850421,2190.0,0,0,0,0,0,1,0,0,1,9436
108,2,2015-01-23,-0.9749279121818236,-0.2225209339563146,0.49999999999999994,0.8660254037844387,0.38566340624360707,0.9226395488404876,9436.0,12579.0,12386.0,8425.57142857143,9436.0,3836.3163259018334,9603.3,10624.5,5521.707489223939,2190.0,0,0,0,0,0,1,0,0,1,10419
108,2,2015-01-24,-0.7818314824680299,0.6234898018587334,0.49999999999999994,0.8660254037844387,0.401487989205973,0.9158642882672872,10419.0,11674.0,13145.0,8573.57142857143,9436.0,3999.055090774272,9727.033333333333,10903.0,5549.197683439028,2190.0,0,0,0,0,0,1,0,0,1,12710
108,2,2015-01-25,-2.4492935982947064e-16,1.0,0.49999999999999994,0.8660254037844387,0.4171936026123168,0.9088176373395029,12710.0,0.0,0.0,8573.57142857143,9436.0,3999.055090774272,9424.166666666666,10903.0,5826.416240936077,2190.0,0,0,0,0,0,1,0,0,1,0
108,2,2015-01-26,0.7818314824680298,0.6234898018587336,0.49999999999999994,0.8660254037844387,0.4327755925504312,0.901501684131884,0.0,9005.0,15711.0,9295.57142857143,9506.0,4513.1189827414255,9636.0,11325.0,5877.024716405521,2190.0,1,0,0,0,0,1,0,0,1,14059
108,2,2015-01-27,0.9749279121818236,-0.22252093395631434,0.49999999999999994,0.8660254037844387,0.4482293417404106,0.893918596519257,14059.0,8939.0,11931.0,9359.285714285714,9506.0,4510.393468212645,9605.3,11325.0,5875.8095327807605,2190.0,1,0,0,0,0,1,0,0,1,9385
108,2,2015-01-28,0.43388373911755823,-0.900968867902419,0.49999999999999994,0.8660254037844387,0.4635502709028509,0.886070621534138,9385.0,9506.0,10830.0,9495.57142857143,10419.0,4529.936087008404,9588.1,11252.0,5872.4130348370545,2190.0,1,0,0,0,0,1,0,0,1,10460
108,2,2015-01-29,-0.433883739117558,-0.9009688679024191,0.49999999999999994,0.8660254037844387,0.47873384011578846,0.8779600847008882,10460.0,9436.0,12215.0,9667.0,10460.0,4549.96776545359,9942.633333333333,11252.0,5587.755785911596,2190.0,1,0,0,0,0,1,0,0,1,10636
108,2,2015-01-30,-0.9749279121818236,-0.2225209339563146,0.49999999999999994,0.8660254037844387,0.4937755501599772,0.869589389346611,10636.0,10419.0,12579.0,10040.0,10636.0,4725.52646097061,9798.4,11252.0,5443.76368662914,2190.0,1,0,0,0,0,1,0,0,1,13030
108,2,2015-01-31,-0.7818314824680299,0.6234898018587334,0.49999999999999994,0.8660254037844387,0.5086709438521044,0.8609610158889943,13030.0,12710.0,11674.0,10143.142857142857,10636.0,4800.796754309702,10246.133333333333,11802.5,5154.78613043982,2190.0,0,0,0,0,0,1,0,0,1,13432
108,2,2015-02-01,-2.4492935982947064e-16,1.0,0.8660254037844386,0.5000000000000001,0.5234156073655503,0.8520775211013093,13432.0,0.0,0.0,10143.142857142857,10636.0,4800.796754309702,9753.166666666666,11252.0,5406.375253814471,2190.0,0,0,0,0,0,1,0,0,1,0
108,2,2015-02-02,0.7818314824680298,0.6234898018587336,0.8660254037844386,0.5000000000000001,0.5380051715382996,0.8429415373547828,0.0,14059.0,9005.0,10043.285714285714,10636.0,4712.223987117123,9747.0,11252.0,5402.004781113436,2190.0,1,0,0,0,0,1,0,0,1,13360
108,2,2015-02-03,0.9749279121818236,-0.22252093395631434,0.8660254037844386,0.5000000000000001,0.5524353131676196,0.8335557718385699,13360.0,9385.0,8939.0,10428.285714285714,12080.0,4759.335027581271,10149.666666666666,11802.5,5091.719717164421,2190.0,1,0,0,0,0,1,0,0,1,12080
108,2,2015-02-04,0.43388373911755823,-0.900968867902419,0.8660254037844386,0.5000000000000001,0.5667017562911176,0.8239230057575542,12080.0,10460.0,9506.0,10657.285714285714,12080.0,4799.510694306456,9918.4,11802.5,4826.481888569527,2190.0,1,0,0,0,0,1,0,0,1,12063
108,2,2015-02-05,-0.433883739117558,-0.9009688679024191,0.8660254037844386,0.5000000000000001,0.5808002734538009,0.8140460935082178,12063.0,10636.0,9436.0,10780.57142857143,12080.0,4809.9454555862085,10301.7,11802.5,4453.859102721658,2190.0,1,0,0,0,0,1,0,0,1,11499
108,2,2015-02-06,-0.9749279121818236,-0.2225209339563146,0.8660254037844386,0.5000000000000001,0.5947266869607634,0.8039279618328213,11499.0,13030.0,10419.0,10623.857142857143,12063.0,4741.829795503412,10178.533333333333,11802.5,4351.399035691407,2190.0,1,0,0,0,0,1,0,0,1,11933
108,2,2015-02-07,-0.7818314824680299,0.6234898018587334,0.8660254037844386,0.5000000000000001,0.6084768701151261,0.7935716089521474,11933.0,13432.0,12710.0,10506.142857142857,12063.0,4670.186628268431,10167.7,11802.5,4344.70440365883,2190.0,0,0,0,0,0,1,0,0,1,12608
108,2,2015-02-08,-2.4492935982947064e-16,1.0,0.8660254037844386,0.5000000000000001,0.6220467484408675,0.7829801036770629,12608.0,0.0,0.0,10506.142857142857,12063.0,4670.186628268431,9754.833333333334,11586.5,4700.567596565874,2190.0,0,0,0,0,0,1,0,0,1,0
108,2,2015-02-09,0.7818314824680298,0.6234898018587336,0.8660254037844386,0.5000000000000001,0.6354323008901774,0.7721565844991642,0.0,13360.0,14059.0,10018.142857142857,11933.0,4497.561466267829,9648.133333333333,11164.5,4657.088566115497,2190.0,0,0,0,0,0,1,0,0,1,9944
108,2,2015-02-10,0.9749279121818236,-0.22252093395631434,0.8660254037844386,0.5000000000000001,0.6486295610349814,0.7611042586607747,9944.0,12080.0,9385.0,9624.42857142857,11499.0,4406.6967544538775,9958.933333333332,11164.5,4287.457368307875,2190.0,0,0,0,0,0,1,0,0,1,9324
108,2,2015-02-11,0.43388373911755823,-0.900968867902419,0.8660254037844386,0.5000000000000001,0.6616346182422783,0.7498264012045686,9324.0,12063.0,10460.0,9298.42857142857,9944.0,4278.781168243396,9761.266666666666,10733.0,4147.536268539504,2190.0,0,0,0,0,0,1,0,0,1,9781
108,2,2015-02-12,-0.433883739117558,-0.9009688679024191,0.8660254037844386,0.5000000000000001,0.6744436188329455,0.7383263540031065,9781.0,11499.0,10636.0,9069.714285714286,9898.0,4183.272431732752,9693.5,10548.0,4127.422337872928,2190.0,0,0,0,0,0,1,0,0,1,9898
108,2,2015-02-13,-0.9749279121818236,-0.2225209339563146,0.8660254037844386,0.5000000000000001,0.6870527672236669,0.7266075247685656,9898.0,11933.0,13030.0,8957.142857142857,9898.0,4103.21639808624,9704.0,10548.0,4130.812527570218,2190.0,0,0,0,0,0,1,0,0,1,11145
108,2,2015-02-14,-0.7818314824680299,0.6234898018587334,0.8660254037844386,0.5000000000000001,0.6994583270516471,0.7146733860429609,11145.0,12608.0,13432.0,8902.42857142857,9898.0,4048.6105788341292,9704.333333333334,10548.0,4131.022536298043,2190.0,0,0,0,0,0,1,0,0,1,12225
108,2,2015-02-15,-2.4492935982947064e-16,1.0,0.8660254037844386,0.5000000000000001,0.7116566222817746,0.702527474169157,12225.0,0.0,0.0,8902.42857142857,9898.0,4048.6105788341292,9285.033333333333,10439.5,4454.8736232187985,2190.0,0,0,0,0,0,1,0,0,1,0
108,2,2015-02-16,0.7818314824680298,0.6234898018587336,0.8660254037844386,0.5000000000000001,0.7236440382959124,0.6901733882429719,0.0,9944.0,13360.0,9785.714285714286,9898.0,4898.906194729796,9433.466666666667,10439.5,4608.7452233046415,2190.0,1,0,0,0,0,1,0,0,1,16127
108,2,2015-02-17,0.9749279121818236,-0.22252093395631434,0.8660254037844386,0.5000000000000001,0.7354170229639855,0.6776147890466889,16127.0,9324.0,12080.0,9897.857142857143,10109.0,4895.55909059669,9770.433333333332,10439.5,4250.902944108451,2190.0,1,0,0,0,0,1,0,0,1,10109
108,2,2015-02-18,0.43388373911755823,-0.900968867902419,0.8660254037844386,0.5000000000000001,0.7469720876965552,0.6648553979642865,10109.0,9781.0,12063.0,10063.142857142857,10938.0,4910.46499592356,9834.866666666667,10548.0,4253.549728397922,2190.0,1,0,0,0,0,1,0,0,1,10938
108,2,2015-02-19,-0.433883739117558,-0.9009688679024191,0.8660254037844386,0.5000000000000001,0.7583058084785625,0.6518989958787126,10938.0,9898.0,11499.0,10317.42857142857,11145.0,4946.444206267204,9926.166666666666,10787.0,4263.042325360623,2190.0,1,0,0,0,0,1,0,0,1,11678
108,2,2015-02-20,-0.9749279121818236,-0.2225209339563146,0.8660254037844386,0.5000000000000001,0.7694148268839378,0.6387494220515272,11678.0,11145.0,11933.0,10490.42857142857,11678.0,5001.087510303574,10021.166666666666,11041.5,4285.054887053081,2190.0,1,0,0,0,0,1,0,0,1,12356
108,2,2015-02-21,-0.7818314824680299,0.6234898018587334,0.8660254037844386,0.5000000000000001,0.7802958510707755,0.6254105729852463,12356.0,12225.0,12608.0,10428.57142857143,11678.0,4978.68496215427,10099.7,11322.0,4295.537268391226,2190.0,0,0,0,0,0,1,0,0,1,11792
108,2,2015-02-22,-2.4492935982947064e-16,1.0,0.8660254037844386,0.5000000000000001,0.7909456567567772,0.6118864012687243,11792.0,0.0,0.0,10428.57142857143,11678.0,4978.68496215427,9752.4,11322.0,4673.406205180618,2190.0,0,0,0,0,0,1,0,0,1,0
108,2,2015-02-23,0.7818314824680298,0.6234898018587336,0.8660254037844386,0.5000000000000001,0.8013610881746766,0.5981809144059164,0.0,16127.0,9944.0,9552.57142857143,10938.0,4302.481603956139,9661.9,11041.5,4640.328431821656,2190.0,0,0,0,0,0,1,0,0,1,9995
108,2,2015-02-24,0.9749279121818236,-0.22252093395631434,0.8660254037844386,0.5000000000000001,0.8115390590073611,0.5842981736283683,9995.0,10109.0,9324.0,9556.857142857143,10938.0,4303.143131424268,9999.866666666667,11041.5,4266.531577962027,2190.0,0,0,0,0,0,1,0,0,1,10139
108,2,2015-02-25,0.43388373911755823,-0.900968867902419,0.8660254037844386,0.5000000000000001,0.8214765533024142,0.5702422926917871,10139.0,10938.0,9781.0,9317.714285714286,10139.0,4259.89298434776,9840.033333333333,10787.0,4198.497247442426,2190.0,0,0,0,0,0,1,0,0,1,9264
108,2,2015-02-26,-0.433883739117558,-0.9009688679024191,0.8660254037844386,0.5000000000000001,0.8311706263658079,0.5560174366570446,9264.0,11678.0,9898.0,9148.57142857143,10139.0,4173.17951755185,9877.0,10787.0,4199.234807142518,2190.0,0,0,0,0,0,1,0,0,1,10494
108,2,2015-02-27,-0.9749279121818236,-0.2225209339563146,0.8660254037844386,0.5000000000000001,0.8406184056344782,0.5416278206559814,10494.0,12356.0,11145.0,9161.285714285714,10139.0,4184.699818556713,9943.166666666666,11041.5,4224.301656902092,2190.0,0,0,0,0,0,1,0,0,1,12445
108,2,2015-02-28,-0.7818314824680299,0.6234898018587334,0.8660254037844386,0.5000000000000001,0.8498170915275278,0.5270777086423722,12445.0,11792.0,12225.0,9555.285714285714,10139.0,4584.415764823469,10073.633333333333,11322.0,4306.08734702745,2190.0,0,0,0,0,0,1,0,0,1,14550
108,2,2015-03-01,-2.4492935982947064e-16,1.0,1.0,6.123233995736766e-17,0.8587639582758029,0.5123714121284237,14550.0,0.0,0.0,9555.285714285714,10139.0,4584.415764823469,9639.3,11041.5,4641.669884932541,2190.0,0,0,0,0,0,1,0,0,1,0
108,2,2015-03-02,0.7818314824680298,0.6234898018587336,1.0,6.123233995736766e-17,0.8674563547295968,0.49751328890718066,0.0,9995.0,16127.0,10354.714285714286,10494.0,5129.394106983983,9711.266666666666,11041.5,4718.600990309219,2190.0,1,0,0,0,0,1,0,0,1,15591
108,2,2015-03-03,0.9749279121818236,-0.22252093395631434,1.0,6.123233995736766e-17,0.8758917051442429,0.48250774176121847,15591.0,10139.0,10109.0,10914.57142857143,12445.0,5312.529462103193,10179.866666666667,11322.0,4408.801836869245,2190.0,1,0,0,0,0,1,0,0,1,14058
108,2,2015-03-04,0.43388373911755823,-0.900968867902419,1.0,6.123233995736766e-17,0.8840675099433636,0.46735921715800227,14058.0,9264.0,10938.0,11204.142857142857,12445.0,5262.574890316589,10110.9,11218.0,4373.380104836456,2190.0,1,0,0,0,0,1,0,0,1,11291
108,2,2015-03-05,-0.433883739117558,-0.9009688679024191,1.0,6.123233995736766e-17,0.8919813464595485,0.45207220393230435,11291.0,10494.0,11678.0,11387.285714285714,12445.0,5256.045652842267,10100.766666666666,11218.0,4369.010285489457,2190.0,1,0,0,0,0,1,0,0,1,11776
108,2,2015-03-06,-0.9749279121818236,-0.2225209339563146,1.0,6.123233995736766e-17,0.8996308696522433,0.43665123195606403,11776.0,12445.0,12356.0,11364.57142857143,12286.0,5251.054048383791,10108.2,11218.0,4372.652090373564,2190.0,1,0,0,0,0,1,0,0,1,12286
108,2,2015-03-07,-0.7818314824680299,0.6234898018587334,1.0,6.123233995736766e-17,0.9070138128026359,0.4211008707960896,12286.0,14550.0,11792.0,11194.57142857143,12286.0,5149.011097843397,10170.233333333334,11218.0,4406.13575857446,2190.0,0,0,0,0,0,1,0,0,1,13360
108,2,2015-03-08,-2.4492935982947064e-16,1.0,1.0,6.123233995736766e-17,0.9141279881853337,0.40542572835999735,13360.0,0.0,0.0,11194.57142857143,12286.0,5149.011097843397,9772.466666666667,11041.5,4765.489038358253,2190.0,0,0,0,0,0,1,0,0,1,0
108,2,2015-03-09,0.7818314824680298,0.6234898018587336,1.0,6.123233995736766e-17,0.9209712877166346,0.38963044953078796,0.0,15591.0,9995.0,10615.42857142857,11776.0,4787.391769260281,9736.766666666666,11041.5,4747.49219231501,2190.0,0,0,0,0,0,1,0,0,1,11537
108,2,2015-03-10,0.9749279121818236,-0.22252093395631434,1.0,6.123233995736766e-17,0.9275416835791966,0.37371971479046906,11537.0,14058.0,10139.0,10004.142857142857,11537.0,4541.426773917777,10062.733333333334,11041.5,4377.179503880944,2190.0,0,0,0,0,0,1,0,0,1,9779
108,2,2015-03-11,0.43388373911755823,-0.900968867902419,1.0,6.123233995736766e-17,0.9338372288229252,0.35769823883312546,9779.0,11291.0,9264.0,9942.42857142857,11537.0,4523.926423552262,10093.233333333334,11041.5,4379.5108661169925,2190.0,0,0,0,0,0,1,0,0,1,10859
108,2,2015-03-12,-0.433883739117558,-0.9009688679024191,1.0,6.123233995736766e-17,0.9398560579418954,0.3415707691678556,10859.0,11776.0,10494.0,9790.0,10859.0,4469.497883804555,10139.4,11041.5,4378.422228816349,2190.0,0,0,0,0,0,1,0,0,1,10709
108,2,2015-03-13,-0.9749279121818236,-0.2225209339563146,1.0,6.123233995736766e-17,0.9455963874271426,0.3253420847119801,10709.0,12286.0,12445.0,9734.857142857143,10859.0,4435.825117854685,10210.033333333333,11218.0,4389.51904115288,2190.0,0,0,0,0,0,1,0,0,1,11900
108,2,2015-03-14,-0.7818314824680299,0.6234898018587334,1.0,6.123233995736766e-17,0.9510565162951535,0.30901699437494745,11900.0,13360.0,14550.0,9646.57142857143,10859.0,4357.100597765408,10304.833333333334,11414.0,4413.194652429225,2190.0,0,0,0,0,0,1,0,0,1,12742
108,2,2015-03-15,-2.4492935982947064e-16,1.0,1.0,6.123233995736766e-17,0.9562348265919056,0.29260033563334836,12742.0,0.0,0.0,9646.57142857143,10859.0,4357.100597765408,9933.333333333334,11414.0,4792.79511949669,2190.0,0,0,0,0,0,1,0,0,1,0
108,2,2015-03-16,0.7818314824680298,0.6234898018587336,1.0,6.123233995736766e-17,0.9611297838723007,0.27609697309746883,0.0,11537.0,15591.0,10383.857142857143,10859.0,5103.099496991077,10082.433333333332,11414.0,4934.039826819774,2190.0,1,0,0,0,0,1,0,0,1,16698
108,2,2015-03-17,0.9749279121818236,-0.22252093395631434,1.0,6.123233995736766e-17,0.9657399376548549,0.2595117970697999,16698.0,9779.0,14058.0,10737.142857142857,11900.0,5139.7175158618675,10490.833333333334,11607.5,4563.897163181044,2190.0,1,0,0,0,0,1,0,0,1,12252
108,2,2015-03-18,0.43388373911755823,-0.900968867902419,1.0,6.123233995736766e-17,0.970063921851507,0.2428497220959356,12252.0,10859.0,11291.0,10797.0,11900.0,5143.8113949353565,10329.2,11414.0,4441.633199157951,2190.0,1,0,0,0,0,1,0,0,1,11278
108,2,2015-03-19,-0.433883739117558,-0.9009688679024191,1.0,6.123233995736766e-17,0.9741004551724205,0.22611568550828828,11278.0,10709.0,11776.0,11009.57142857143,12197.0,5170.246991429048,10398.8,11607.5,4454.4047274425,2190.0,1,0,0,0,0,1,0,0,1,12197
108,2,2015-03-20,-0.9749279121818236,-0.2225209339563146,1.0,6.123233995736766e-17,0.9778483415056568,0.20931464596304847,12197.0,11900.0,12286.0,11151.714285714286,12252.0,5212.313456751114,10464.033333333333,11727.0,4476.846715724359,2190.0,1,0,0,0,0,1,0,0,1,12895
108,2,2015-03-21,-0.7818314824680299,0.6234898018587334,1.0,6.123233995736766e-17,0.9813064702716093,0.19245158197082998,12895.0,12742.0,13360.0,11057.857142857143,12197.0,5184.747162866991,10477.6,11784.0,4481.266889834956,2190.0,0,0,0,0,0,1,0,0,1,12085
108,2,2015-03-22,-2.4492935982947064e-16,1.0,1.0,6.123233995736766e-17,0.9844738167520922,0.1755314904214282,12085.0,0.0,0.0,11057.857142857143,12197.0,5184.747162866991,10065.733333333334,11656.5,4854.906959109435,2190.0,0,0,0,0,0,1,0,0,1,0
108,2,2015-03-23,0.7818314824680298,0.6234898018587336,1.0,6.123233995736766e-17,0.9873494423939864,0.15855938510313478,0.0,16698.0,11537.0,10263.142857142857,12085.0,4565.511341517389,10043.833333333334,11414.0,4848.328799047997,2190.0,0,0,0,0,0,1,0,0,1,11135
108,2,2015-03-24,0.9749279121818236,-0.22252093395631434,1.0,6.123233995736766e-17,0.989932495087353,0.141540295217043,11135.0,12252.0,9779.0,9799.42857142857,11278.0,4494.125827386347,10344.033333333333,11414.0,4468.963395065662,2190.0,0,0,0,0,0,1,0,0,1,9006
108,2,2015-03-25,0.43388373911755823,-0.900968867902419,1.0,6.123233995736766e-17,0.9922222094179323,0.12447926388678915,9006.0,11278.0,10859.0,9602.42857142857,11135.0,4448.503113675543,10340.833333333334,11414.0,4469.256299186266,2190.0,0,0,0,0,0,1,0,0,1,9899
108,2,2015-03-26,-0.433883739117558,-0.9009688679024191,1.0,6.123233995736766e-17,0.994217906893952,0.10738134666416309,9899.0,12197.0,10709.0,9336.42857142857,10335.0,4321.354874617564,10347.366666666667,11414.0,4469.09433456762,2190.0,0,0,0,0,0,1,0,0,1,10335
108,2,2015-03-27,-0.9749279121818236,-0.2225209339563146,1.0,6.123233995736766e-17,0.995918996147179,0.09025161003104117,10335.0,12895.0,11900.0,9162.42857142857,10335.0,4176.273452778322,10427.8,11607.0,4470.637834613299,2190.0,0,0,0,0,0,1,0,0,1,11677
108,2,2015-03-28,-0.7818314824680299,0.6234898018587334,1.0,6.123233995736766e-17,0.9973249731081555,0.07309512989807777,11677.0,12085.0,12742.0,9331.0,10335.0,4334.710947687288,10520.166666666666,11726.5,4500.577932875408,2190.0,0,0,0,0,0,1,0,0,1,13265
108,2,2015-03-29,-2.4492935982947064e-16,1.0,1.0,6.123233995736766e-17,0.9984354211555643,0.055916990100603484,13265.0,0.0,0.0,9331.0,10335.0,4334.710947687288,10105.333333333334,11607.0,4875.014315334127,2190.0,0,0,0,0,0,1,0,0,1,0
108,2,2015-03-30,0.7818314824680298,0.6234898018587336,1.0,6.123233995736766e-17,0.9992500112396835,0.03872228089217446,0.0,11135.0,16698.0,10118.857142857143,10335.0,5143.063724686927,10175.333333333334,11607.0,4955.449012908946,2190.0,1,0,0,0,0,1,0,0,1,16650
108,2,2015-03-31,0.9749279121818236,-0.22252093395631434,1.0,6.123233995736766e-17,0.9997685019798909,0.021516097436222254,16650.0,9006.0,12252.0,11019.57142857143,11677.0,5458.136429745454,10685.7,11726.5,4650.403068552233,2190.0,1,0,0,0,0,1,0,0,1,15311
108,2,2015-04-01,0.43388373911755823,-0.900968867902419,0.8660254037844387,-0.49999999999999983,0.9999907397361901,0.004303538296244289,15311.0,9899.0,11278.0,11930.857142857143,13265.0,5763.821343188104,10708.6,11726.5,4677.006599421739,2190.0,1,0,0,0,0,1,0,0,1,16278
108,2,2015-04-02,-0.433883739117558,-0.9009688679024191,0.8660254037844387,-0.49999999999999983,0.9999166586547379,-0.01291029607500882,16278.0,10335.0,12197.0,12722.714285714286,15311.0,5887.468774560836,10769.266666666666,11726.5,4733.414360970704,2190.0,1,0,0,0,0,1,0,0,1,15878
108,2,2015-04-03,-0.9749279121818236,-0.2225209339563146,0.8660254037844387,-0.49999999999999983,0.9995462806873573,-0.030120304846908114,15878.0,11677.0,12895.0,11054.57142857143,15311.0,7629.64358838042,10392.9,11726.5,5123.328917466821,2190.0,1,0,0,0,0,1,0,0,1,0
108,2,2015-04-04,-0.7818314824680299,0.6234898018587334,0.8660254037844387,-0.49999999999999983,0.9988797155850336,-0.04732138832243185,0.0,13265.0,12085.0,11858.714285714286,15878.0,8178.354494523667,10630.166666666666,11788.5,5349.422618430398,2190.0,0,0,0,0,0,1,0,0,1,18894
108,2,2015-04-05,-2.4492935982947064e-16,1.0,0.8660254037844387,-0.49999999999999983,0.9979171608653922,-0.06450844944931623,18894.0,0.0,0.0,11858.714285714286,15878.0,8178.354494523667,10220.633333333333,11607.0,5678.454382247372,2190.0,0,0,0,0,0,1,0,0,1,0
108,2,2015-04-06,0.7818314824680298,0.6234898018587336,0.8660254037844387,-0.49999999999999983,0.9966589017541702,-0.08167639533042241,0.0,16650.0,11135.0,9480.142857142857,15311.0,8938.515581992562,9775.3,11407.5,5941.544412890041,2190.0,0,0,0,0,0,1,0,0,1,0
108,2,2015-04-07,0.9749279121818236,-0.22252093395631434,0.8660254037844387,-0.49999999999999983,0.9951053111006976,-0.09882013873287143,0.0,15311.0,9006.0,9094.714285714286,12613.0,8700.176027228523,10195.733333333334,11607.0,5665.837357436195,2190.0,0,0,0,0,0,1,0,0,1,12613
108,2,2015-04-08,0.43388373911755823,-0.900968867902419,0.8660254037844387,-0.49999999999999983,0.9932568492674143,-0.11593459959550041,12613.0,16278.0,9899.0,8219.285714285714,10150.0,8147.676411392504,10149.5,11477.5,5660.1713313291175,2190.0,0,0,0,0,0,1,0,0,1,10150
108,2,2015-04-09,-0.433883739117558,-0.9009688679024191,0.8660254037844387,-0.49999999999999983,0.9911140639934547,-0.1330147065341959,10150.0,15878.0,10335.0,7369.714285714285,9931.0,7500.327164292797,10154.566666666668,11477.5,5659.896268595777,2190.0,0,0,0,0,0,1,0,0,1,9931
108,2,2015-04-10,-0.9749279121818236,-0.2225209339563146,0.8660254037844387,-0.49999999999999983,0.9886775902323405,-0.1500553983446526,9931.0,0.0,11677.0,8938.42857142857,10150.0,6819.482992552607,10158.633333333333,11477.5,5660.463661301923,2190.0,0,0,0,0,0,1,0,0,1,10981
108,2,2015-04-11,-0.7818314824680299,0.6234898018587334,0.8660254037844387,-0.49999999999999983,0.9859481499638304,-0.16705162550211924,10981.0,18894.0,13265.0,8170.714285714285,10150.0,5726.89251730481,10252.333333333334,11788.5,5693.060229929877,2190.0,0,0,0,0,0,1,0,0,1,13520
108,2,2015-04-12,-2.4492935982947064e-16,1.0,0.8660254037844387,-0.49999999999999983,0.9829265519799822,-0.18399835165768005,13520.0,0.0,0.0,8170.714285714285,10150.0,5726.89251730481,9855.666666666666,11477.5,5981.558753906612,2190.0,0,0,0,0,0,1,0,0,1,0
108,2,2015-04-13,0.7818314824680298,0.6234898018587336,0.8660254037844387,-0.49999999999999983,0.9796136916454901,-0.20089055513063506,0.0,0.0,16650.0,10541.142857142857,10981.0,5190.144359860388,9984.033333333333,11477.5,6086.045964467342,2190.0,1,0,0,0,0,1,0,0,1,16593
108,2,2015-04-14,0.9749279121818236,-0.22252093395631434,0.8660254037844387,-0.49999999999999983,0.9760105506323683,-0.21772323039653177,16593.0,12613.0,15311.0,10499.142857142857,10981.0,5171.7409521543705,10394.666666666666,11881.0,5797.952268322597,2190.0,1,0,0,0,0,1,0,0,1,12319
108,2,2015-04-15,0.43388373911755823,-0.900968867902419,0.8660254037844387,-0.49999999999999983,0.9721181966290613,-0.23449138957040985,12319.0,10150.0,16278.0,10671.0,11353.0,5178.189097873258,10216.5,11515.0,5678.4691826777325,2190.0,1,0,0,0,0,1,0,0,1,11353
108,2,2015-04-16,-0.433883739117558,-0.9009688679024191,0.8660254037844387,-0.49999999999999983,0.9679377830240642,-0.25119006388481935,11353.0,9931.0,15878.0,11178.857142857143,12319.0,5267.084058204374,10257.633333333333,11515.0,5698.157497026523,2190.0,1,0,0,0,0,1,0,0,1,13486
108,2,2015-04-17,-0.9749279121818236,-0.2225209339563146,0.8660254037844387,-0.49999999999999983,0.9634705485641488,-0.2678143051621742,13486.0,10981.0,0.0,11455.0,12914.0,5305.513421589551,10312.166666666666,11881.0,5716.05991066389,2190.0,1,0,0,0,0,1,0,0,1,12914
108,2,2015-04-18,-0.7818314824680299,0.6234898018587334,0.8660254037844387,-0.49999999999999983,0.9587178169872964,-0.2843591872810034,12914.0,13520.0,18894.0,11412.0,12914.0,5287.175742618504,10346.233333333334,11881.0,5730.707224113423,2190.0,0,0,0,0,0,1,0,0,1,13219
108,2,2015-04-19,-2.4492935982947064e-16,1.0,0.8660254037844387,-0.49999999999999983,0.9536809966304457,-0.30081980763566735,13219.0,0.0,0.0,11412.0,12914.0,5287.175742618504,9916.4,11515.0,6009.747212539036,2190.0,0,0,0,0,0,1,0,0,1,0
108,2,2015-04-20,0.7818314824680298,0.6234898018587336,0.8660254037844387,-0.49999999999999983,0.9483615800121715,-0.3171912885891061,0.0,16593.0,0.0,10467.42857142857,12319.0,4772.924639992521,9846.266666666666,11244.0,5995.82777888283,2190.0,0,0,0,0,0,1,0,0,1,9981
108,2,2015-04-21,0.9749279121818236,-0.22252093395631434,0.8660254037844387,-0.49999999999999983,0.9427611433904207,-0.3334687789181868,9981.0,12319.0,12613.0,9992.142857142857,11353.0,4723.207858668784,10146.0,11244.0,5704.3062197147065,2190.0,0,0,0,0,0,1,0,0,1,8992
108,2,2015-04-22,0.43388373911755823,-0.900968867902419,0.8660254037844387,-0.49999999999999983,0.9368813462954315,-0.3496474552512284,8992.0,11353.0,10150.0,9749.285714285714,9981.0,4685.125103782748,10096.6,11167.0,5701.862645450716,2190.0,0,0,0,0,0,1,0,0,1,9653
108,2,2015-04-23,-0.433883739117558,-0.9009688679024191,0.8660254037844387,-0.49999999999999983,0.9307239310379795,-0.36572252349726897,9653.0,13486.0,9931.0,9304.42857142857,9981.0,4411.005888953334,10142.133333333333,11167.0,5698.306250065913,2190.0,0,0,0,0,0,1,0,0,1,10372
108,2,2015-04-24,-0.9749279121818236,-0.2225209339563146,0.8660254037844387,-0.49999999999999983,0.9242907221930934,-0.3816892202666588,10372.0,12914.0,10981.0,9017.714285714286,9981.0,4197.333110213585,10175.733333333334,11167.0,5699.794817440323,2190.0,0,0,0,0,0,1,0,0,1,10907
108,2,2015-04-25,-0.7818314824680299,0.6234898018587334,0.8660254037844387,-0.49999999999999983,0.9175836260593937,-0.39754281428255595,10907.0,13219.0,13520.0,9048.142857142857,9981.0,4233.482940738491,10278.966666666667,11515.0,5730.740943147865,2190.0,0,0,0,0,0,1,0,0,1,13432
108,2,2015-04-26,-2.4492935982947064e-16,1.0,0.8660254037844387,-0.49999999999999983,0.9106046300942163,-0.4132786077829042,13432.0,0.0,0.0,9048.142857142857,9981.0,4233.482940738491,9889.733333333334,11167.0,6021.679058622893,2190.0,0,0,0,0,0,1,0,0,1,0
108,2,2015-04-27,0.7818314824680298,0.6234898018587336,0.8660254037844387,-0.49999999999999983,0.9033558023246845,-0.4288919379124835,0.0,9981.0,16593.0,9965.285714285714,10372.0,5080.034373711986,9994.266666666666,11167.0,6108.880742528602,2190.0,1,0,0,0,0,1,0,0,1,16401
108,2,2015-04-28,0.9749279121818236,-0.22252093395631434,0.8660254037844387,-0.49999999999999983,0.895839290734909,-0.4443781781046132,16401.0,8992.0,12319.0,10601.714285714286,10907.0,5215.046427223383,10442.5,11836.0,5837.580100609713,2190.0,1,0,0,0,0,1,0,0,1,13447
108,2,2015-04-29,0.43388373911755823,-0.900968867902419,0.8660254037844387,-0.49999999999999983,0.8880573226294932,-0.45973273945210397,13447.0,9653.0,11353.0,11140.42857142857,13424.0,5294.871759767287,10334.966666666667,11836.0,5748.3199493617185,2190.0,1,0,0,0,0,1,0,0,1,13424
108,2,2015-04-30,-0.433883739117558,-0.9009688679024191,0.8660254037844387,-0.49999999999999983,0.8800122039735357,-0.47495107206704995,13424.0,10372.0,13486.0,12083.57142857143,13432.0,5707.121950018345,10390.4,11836.0,5805.6926736341875,2190.0,1,0,0,0,0,1,0,0,1,16974
108,2,2015-05-01,-0.9749279121818236,-0.2225209339563146,0.49999999999999994,-0.8660254037844387,0.8717063187093218,-0.49002866642905923,16974.0,10907.0,12914.0,10525.42857142857,13432.0,7337.814839517807,9847.8,11167.0,5994.077797983264,2190.0,1,0,0,0,0,1,0,0,1,0
108,2,2015-05-02,-0.7818314824680299,0.6234898018587334,0.49999999999999994,-0.8660254037844387,0.8631421280499114,-0.5049610547215204,0.0,13432.0,13219.0,11282.0,13447.0,7936.081925820418,9942.8,11167.0,6114.3245624657875,2190.0,0,0,0,0,0,1,0,0,1,18728
108,2,2015-05-03,-2.4492935982947064e-16,1.0,0.49999999999999994,-0.8660254037844387,0.854322169749827,-0.5197438121555155,18728.0,0.0,0.0,11282.0,13447.0,7936.081925820418,9942.8,11167.0,6114.3245624657875,2190.0,0,0,0,0,0,1,0,0,1,0
108,2,2015-05-04,0.7818314824680298,0.6234898018587336,0.49999999999999994,-0.8660254037844387,0.8452490573530633,-0.5343725582809787,0.0,16401.0,9981.0,11211.0,13447.0,7884.708977931071,9843.133333333333,11167.0,5986.415372833059,2190.0,1,0,0,0,0,1,0,0,1,15904
108,2,2015-05-05,0.9749279121818236,-0.22252093395631434,0.49999999999999994,-0.8660254037844387,0.835925479418637,-0.548842958284719,15904.0,13447.0,8992.0,11183.42857142857,13424.0,7875.919477689433,10284.933333333332,11836.0,5717.9964596564505,2190.0,1,0,0,0,0,1,0,0,1,13254
108,2,2015-05-06,0.43388373911755823,-0.900968867902419,0.49999999999999994,-0.8660254037844387,0.8263541987239096,-0.5631507242749186,13254.0,13424.0,9653.0,11118.285714285714,13254.0,7856.159742823595,10717.2,12466.0,5394.704877677869,2190.0,1,0,0,0,0,1,0,0,1,12968
108,2,2015-05-07,-0.433883739117558,-0.9009688679024191,0.49999999999999994,-0.8660254037844387,0.8165380514459161,-0.5772916165517272,12968.0,16974.0,10372.0,10338.42857142857,12968.0,7437.811368432321,10680.6,11917.0,5385.115569470328,2190.0,1,0,0,0,0,1,0,0,1,11515
108,2,2015-05-08,-0.9749279121818236,-0.2225209339563146,0.49999999999999994,-0.8660254037844387,0.8064799463209448,-0.5912614448635781,11515.0,0.0,10907.0,12074.57142857143,12968.0,5877.023732501103,10747.366666666667,12236.0,5390.724194732854,2190.0,1,0,0,0,0,1,0,0,1,12153
108,2,2015-05-09,-0.7818314824680299,0.6234898018587334,0.49999999999999994,-0.8660254037844387,0.7961828637826158,-0.6050560696488488,12153.0,18728.0,13432.0,11407.285714285714,12968.0,5224.644603998959,10884.9,12616.5,5421.722174224974,2190.0,0,0,0,0,0,1,0,0,1,14057
108,2,2015-05-10,-2.4492935982947064e-16,1.0,0.49999999999999994,-0.8660254037844387,0.7856498550787145,-0.6186714032625031,14057.0,0.0,0.0,11407.285714285714,12968.0,5224.644603998959,10518.866666666667,12616.5,5774.227727036593,2190.0,0,0,0,0,0,1,0,0,1,0
108,2,2015-05-11,0.7818314824680298,0.6234898018587336,0.49999999999999994,-0.8660254037844387,0.7748840413670407,-0.6321034111873487,0.0,15904.0,16401.0,10564.857142857143,12153.0,4840.007349463148,10401.766666666666,12236.0,5746.823120486739,2190.0,0,0,0,0,0,1,0,0,1,10007
108,2,2015-05-12,0.9749279121818236,-0.22252093395631434,0.49999999999999994,-0.8660254037844387,0.7638886127905428,-0.6453481132295501,10007.0,13254.0,13447.0,10039.285714285714,11515.0,4696.963157696898,10720.933333333332,12236.0,5404.9277511732125,2190.0,0,0,0,0,0,1,0,0,1,9575
108,2,2015-05-13,0.43388373911755823,-0.900968867902419,0.49999999999999994,-0.8660254037844387,0.7526668275320084,-0.6584015846980488,9575.0,12968.0,13424.0,10073.0,11515.0,4722.2676403044725,10607.966666666667,12236.0,5312.592992992727,2190.0,0,0,0,0,0,1,0,0,1,13204
108,2,2015-05-14,-0.433883739117558,-0.9009688679024191,0.49999999999999994,-0.8660254037844387,0.741222010848596,-0.6712599575675313,13204.0,11515.0,16974.0,8428.0,10007.0,5975.5426531822195,10197.333333333334,11834.0,5641.681134465907,2190.0,0,0,0,0,0,1,0,0,1,0
108,2,2015-05-15,-0.9749279121818236,-0.2225209339563146,0.49999999999999994,-0.8660254037844387,0.7295575540864875,-0.6839194216246106,0.0,12153.0,0.0,8818.857142857143,10007.0,6338.272252188065,10315.2,12533.5,5703.259227905539,2190.0,0,0,0,0,0,1,0,0,1,14889
108,2,2015-05-16,-0.7818314824680299,0.6234898018587334,0.49999999999999994,-0.8660254037844387,0.717676913675962,-0.6963762255968722,14889.0,14057.0,18728.0,8776.857142857143,10007.0,6298.6272427297345,10324.433333333332,12533.5,5708.79117395409,2190.0,0,0,0,0,0,1,0,0,1,13763
108,2,2015-05-17,-2.4492935982947064e-16,1.0,0.49999999999999994,-0.8660254037844387,0.705583610107178,-0.7086266782644596,13763.0,0.0,0.0,8776.857142857143,10007.0,6298.6272427297345,9893.966666666667,11834.0,5986.904170819401,2190.0,0,0,0,0,0,1,0,0,1,0
108,2,2015-05-18,0.7818314824680298,0.6234898018587336,0.49999999999999994,-0.8660254037844387,0.6932812268869777,-0.7206671495538609,0.0,10007.0,15904.0,9392.0,13204.0,6639.817417168441,9930.433333333332,11834.0,6011.138337793597,2190.0,1,0,0,0,0,1,0,0,1,14313
108,2,2015-05-19,0.9749279121818236,-0.22252093395631434,0.49999999999999994,-0.8660254037844387,0.6807734094770161,-0.7324940716135789,14313.0,9575.0,13254.0,9996.857142857143,13763.0,6848.82577353159,10390.733333333334,12560.5,5747.42290034432,2190.0,1,0,0,0,0,1,0,0,1,13809
108,2,2015-05-20,0.43388373911755823,-0.900968867902419,0.49999999999999994,-0.8660254037844387,0.6680638642135335,-0.7441039398713607,13809.0,13204.0,12968.0,9877.714285714286,13763.0,6790.743251276845,10470.366666666667,12669.0,5758.090562841564,2190.0,1,0,0,0,0,1,0,0,1,12370
108,2,2015-05-21,-0.433883739117558,-0.9009688679024191,0.49999999999999994,-0.8660254037844387,0.6551563572090853,-0.7554933140726803,12370.0,0.0,11515.0,11744.57142857143,13763.0,5242.419252506217,10606.233333333334,13018.0,5770.080198351,2190.0,1,0,0,0,0,1,0,0,1,13068
108,2,2015-05-22,-0.9749279121818236,-0.2225209339563146,0.49999999999999994,-0.8660254037844387,0.6420547132365637,-0.766658819300159,13068.0,14889.0,12153.0,11640.285714285714,13763.0,5176.286690742904,10756.433333333332,13136.0,5802.964864579161,2190.0,1,0,0,0,0,1,0,0,1,14159
108,2,2015-05-23,-0.7818314824680299,0.6234898018587334,0.49999999999999994,-0.8660254037844387,0.6287628145958344,-0.777597146973627,14159.0,13763.0,14057.0,11680.857142857143,13809.0,5196.769811737932,10878.933333333332,13229.0,5833.27993105277,2190.0,0,0,0,0,0,1,0,0,1,14047
108,2,2015-05-24,-2.4492935982947064e-16,1.0,0.49999999999999994,-0.8660254037844387,0.6152845999633276,-0.7883050558305255,14047.0,0.0,0.0,11680.857142857143,13809.0,5196.769811737932,10515.366666666667,13229.0,6162.099029318375,2190.0,0,0,0,0,0,1,0,0,1,0
108,2,2015-05-25,0.7818314824680298,0.6234898018587336,0.49999999999999994,-0.8660254037844387,0.6016240632249226,-0.7987793728863649,0.0,14313.0,10007.0,9636.142857142857,13068.0,6611.691045125336,10067.633333333333,13136.0,6425.232320948476,2190.0,0,0,0,0,0,1,0,0,1,0
108,2,2015-05-26,0.9749279121818236,-0.22252093395631434,0.49999999999999994,-0.8660254037844387,0.5877852522924732,-0.8090169943749473,0.0,13809.0,9575.0,9507.0,12905.0,6524.858823504669,10497.8,13136.0,6154.243864588696,2190.0,0,0,0,0,0,1,0,0,1,12905
108,2,2015-05-27,0.43388373911755823,-0.900968867902419,0.49999999999999994,-0.8660254037844387,0.5737722679043246,-0.8190148866680801,12905.0,12370.0,13204.0,9346.142857142857,12905.0,6456.030396163772,10325.9,13018.0,6054.890769537837,2190.0,0,0,0,0,0,1,0,0,1,11244
108,2,2015-05-28,-0.433883739117558,-0.9009688679024191,0.49999999999999994,-0.8660254037844387,0.5595892624101765,-0.8287700871745037,11244.0,13068.0,0.0,8978.714285714286,11244.0,6279.688095075154,10227.533333333333,12936.5,6026.340896622001,2190.0,0,0,0,0,0,1,0,0,1,10496
108,2,2015-05-29,-0.9749279121818236,-0.2225209339563146,0.49999999999999994,-0.8660254037844387,0.545240438540651,-0.8382797052177743,10496.0,14159.0,14889.0,8777.0,11244.0,6105.8263432014965,10204.966666666667,12826.0,6015.215732556515,2190.0,0,0,0,0,0,1,0,0,1,12747
108,2,2015-05-30,-0.7818314824680299,0.6234898018587334,0.49999999999999994,-0.8660254037844387,0.5307300481619334,-0.8475409228928311,12747.0,14047.0,13763.0,8887.42857142857,11244.0,6222.891606992764,10133.166666666666,12826.0,5944.066447877381,2190.0,0,0,0,0,0,1,0,0,1,14820
108,2,2015-05-31,-2.4492935982947064e-16,1.0,0.49999999999999994,-0.8660254037844387,0.5160623910158528,-0.8565509959010036,14820.0,0.0,0.0,8887.42857142857,11244.0,6222.891606992764,10133.166666666666,12826.0,5944.066447877381,2190.0,0,0,0,0,0,1,0,0,1,0
108,2,2015-06-01,0.7818314824680298,0.6234898018587336,1.2246467991473532e-16,-1.0,0.5012418134457758,-0.865307254363206,0.0,0.0,14313.0,11255.857142857143,12747.0,5373.608143155833,10061.533333333333,12826.0,5849.106974180102,2190.0,1,0,0,0,0,1,0,0,1,16579
108,2,2015-06-02,0.9749279121818236,-0.22252093395631434,1.2246467991473532e-16,-1.0,0.48627270710869,-0.8738071036110808,16579.0,12905.0,13809.0,11200.714285714286,12519.0,5355.815521912802,10478.833333333334,12826.0,5545.206162538728,2190.0,1,0,0,0,0,1,0,0,1,12519
108,2,2015-06-03,0.43388373911755823,-0.900968867902419,1.2246467991473532e-16,-1.0,0.4711595076738638,-0.8820480249558537,12519.0,11244.0,12370.0,11553.285714285714,12747.0,5439.7165279784695,10405.766666666666,12826.0,5485.374916827558,2190.0,1,0,0,0,0,1,0,0,1,13712
108,2,2015-06-04,-0.433883739117558,-0.9009688679024191,1.2246467991473532e-16,-1.0,0.4559066935084588,-0.8900275764346767,13712.0,10496.0,13068.0,10053.857142857143,12747.0,7001.971756311974,9963.966666666667,12633.0,5774.20760638282,2190.0,1,0,0,0,0,1,0,0,1,0
108,2,2015-06-05,-0.9749279121818236,-0.2225209339563146,1.2246467991473532e-16,-1.0,0.440518784350495,-0.8977433935342337,0.0,12747.0,14159.0,10446.0,13712.0,7250.397667254774,10048.1,12633.0,5837.528157504269,2190.0,1,0,0,0,0,1,0,0,1,15492
108,2,2015-06-06,-0.7818314824680299,0.6234898018587334,1.2246467991473532e-16,-1.0,0.42500033996955416,-0.9051931898913974,15492.0,14820.0,14047.0,10071.57142857143,12519.0,7051.8242759620525,10070.9,12633.0,5844.786343695404,2190.0,0,0,0,0,0,1,0,0,1,12199
108,2,2015-06-07,-2.4492935982947064e-16,1.0,1.2246467991473532e-16,-1.0,0.4093559588156213,-0.9123747579707273,12199.0,0.0,0.0,10071.57142857143,12519.0,7051.8242759620525,9665.8,12633.0,6110.615412316618,2190.0,0,0,0,0,0,1,0,0,1,0
108,2,2015-06-08,0.7818314824680298,0.6234898018587336,1.2246467991473532e-16,-1.0,0.39359027665646673,-0.9192859697186104,0.0,16579.0,0.0,9702.714285714286,12519.0,6714.155784963734,9663.8,12633.0,6109.138256291371,2190.0,0,0,0,0,0,1,0,0,1,13997
108,2,2015-06-09,0.9749279121818236,-0.22252093395631434,1.2246467991473532e-16,-1.0,0.3777079652039649,-0.9259247771938498,13997.0,12519.0,12905.0,9530.142857142857,12199.0,6644.872444940073,10040.833333333334,12633.0,5835.046169384659,2190.0,0,0,0,0,0,1,0,0,1,11311
108,2,2015-06-10,0.43388373911755823,-0.900968867902419,1.2246467991473532e-16,-1.0,0.36171373072976765,-0.9322892131745133,11311.0,13712.0,11244.0,9096.142857142857,11311.0,6421.681592557397,10063.066666666668,12633.0,5836.183436017976,2190.0,0,0,0,0,0,1,0,0,1,10674
108,2,2015-06-11,-0.433883739117558,-0.9009688679024191,1.2246467991473532e-16,-1.0,0.3456123126707335,-0.9383773917408641,10674.0,0.0,10496.0,10462.142857142857,11311.0,5030.630889148723,10062.633333333333,12633.0,5836.221406800416,2190.0,0,0,0,0,0,1,0,0,1,9562
108,2,2015-06-12,-0.9749279121818236,-0.2225209339563146,1.2246467991473532e-16,-1.0,0.3294084822245304,-0.9441875088341993,9562.0,15492.0,12747.0,9860.57142857143,11281.0,4558.5328362366445,9998.533333333333,12444.5,5811.035569965333,2190.0,0,0,0,0,0,1,0,0,1,11281
108,2,2015-06-13,-0.7818314824680299,0.6234898018587334,1.2246467991473532e-16,-1.0,0.3131070409358269,-0.9497178427914316,11281.0,12199.0,14820.0,10041.0,11281.0,4689.62486061875,10447.266666666666,12633.0,5525.052603483915,2190.0,0,0,0,0,0,1,0,0,1,13462
108,2,2015-06-14,-2.4492935982947064e-16,1.0,1.2246467991473532e-16,-1.0,0.29671281927349075,-0.9549667548552551,13462.0,0.0,0.0,10041.0,11281.0,4689.62486061875,9950.966666666667,12444.5,5775.354764343314,2190.0,0,0,0,0,0,1,0,0,1,0
108,2,2015-06-15,0.7818314824680298,0.6234898018587336,1.2246467991473532e-16,-1.0,0.28023067519921585,-0.9599326896597447,0.0,13997.0,16579.0,10539.0,11281.0,5322.168856146286,10074.966666666667,12444.5,5898.642757292642,2190.0,1,0,0,0,0,1,0,0,1,17483
108,2,2015-06-16,0.9749279121818236,-0.22252093395631434,1.2246467991473532e-16,-1.0,0.26366549272800704,-0.9646141756912435,17483.0,11311.0,12519.0,10963.714285714286,11281.0,5509.374638265405,10551.1,12633.0,5627.627431422284,2190.0,1,0,0,0,0,1,0,0,1,14284
108,2,2015-06-17,0.43388373911755823,-0.900968867902419,1.2246467991473532e-16,-1.0,0.24702218048093552,-0.9690098257244062,14284.0,10674.0,13712.0,11187.142857142857,12238.0,5527.35139792927,10481.933333333332,12444.5,5592.438687921482,2190.0,1,0,0,0,0,1,0,0,1,12238
108,2,2015-06-18,-0.433883739117558,-0.9009688679024191,1.2246467991473532e-16,-1.0,0.23030567023061221,-0.9731183372332619,12238.0,9562.0,0.0,11624.142857142857,12621.0,5498.299052997271,10442.333333333334,12444.5,5572.237007196288,2190.0,1,0,0,0,0,1,0,0,1,12621
108,2,2015-06-19,-0.9749279121818236,-0.2225209339563146,1.2246467991473532e-16,-1.0,0.21352091543979612,-0.9769384927771817,12621.0,11281.0,15492.0,12041.0,13462.0,5577.9851200949115,10503.3,12570.0,5603.970483751556,2190.0,1,0,0,0,0,1,0,0,1,14199
108,2,2015-06-20,-0.7818314824680299,0.6234898018587334,1.2246467991473532e-16,-1.0,0.19667288979357647,-0.980469160361632,14199.0,13462.0,12199.0,11925.42857142857,12653.0,5551.9563175858275,10489.466666666667,12570.0,5597.930200827209,2190.0,0,0,0,0,0,1,0,0,1,12653
108,2,2015-06-21,-2.4492935982947064e-16,1.0,1.2246467991473532e-16,-1.0,0.1797665857255624,-0.9837092937736097,12653.0,0.0,0.0,11925.42857142857,12653.0,5551.9563175858275,10017.5,12378.5,5868.233340152961,2190.0,0,0,0,0,0,1,0,0,1,0
108,2,2015-06-22,0.7818314824680298,0.6234898018587336,1.2246467991473532e-16,-1.0,0.16280701293851715,-0.986657932891657,0.0,17483.0,13997.0,10945.142857142857,12621.0,4983.866083961055,9903.3,12218.5,5820.252412763204,2190.0,0,0,0,0,0,1,0,0,1,10621
108,2,2015-06-23,0.9749279121818236,-0.22252093395631434,1.2246467991473532e-16,-1.0,0.1457991969198751,-0.9893142039703663,10621.0,14284.0,11311.0,10225.285714285714,12238.0,4781.016025709948,10211.466666666667,12218.5,5514.538194522784,2190.0,0,0,0,0,0,1,0,0,1,9245
108,2,2015-06-24,0.43388373911755823,-0.900968867902419,1.2246467991473532e-16,-1.0,0.12874817745258132,-0.99167731989929,9245.0,12238.0,10674.0,9757.57142857143,10621.0,4710.930759313673,10510.266666666666,12218.5,5174.5314359475315,2190.0,0,0,0,0,0,1,0,0,1,8964
108,2,2015-06-25,-0.433883739117558,-0.9009688679024191,1.2246467991473532e-16,-1.0,0.11165900712169512,-0.993746580436178,8964.0,12621.0,9562.0,9312.0,9502.0,4539.33857149549,10396.833333333334,11755.0,5157.496492942353,2190.0,0,0,0,0,0,1,0,0,1,9502
108,2,2015-06-26,-0.9749279121818236,-0.2225209339563146,1.2246467991473532e-16,-1.0,0.09453674981719912,-0.9955213724144752,9502.0,14199.0,11281.0,8797.857142857143,9502.0,4073.478097341856,10375.366666666667,11755.0,5155.188524485649,2190.0,0,0,0,0,0,1,0,0,1,10600
108,2,2015-06-27,-0.7818314824680299,0.6234898018587334,1.2246467991473532e-16,-1.0,0.07738647923346301,-0.9970011699250151,10600.0,12653.0,13462.0,8781.42857142857,9502.0,4055.5311142990427,10443.433333333332,12218.5,5170.294900435689,2190.0,0,0,0,0,0,1,0,0,1,12538
108,2,2015-06-28,-2.4492935982947064e-16,1.0,1.2246467991473532e-16,-1.0,0.06021327736579302,-0.9981855344718586,12538.0,0.0,0.0,8781.42857142857,9502.0,4055.5311142990427,10018.533333333333,11755.0,5488.449349084975,2190.0,0,0,0,0,0,1,0,0,1,0
108,2,2015-06-29,0.7818314824680298,0.6234898018587336,1.2246467991473532e-16,-1.0,0.04302223300453059,-0.99907411510223,0.0,10621.0,17483.0,9646.285714285714,9502.0,5039.388147857037,10080.366666666667,11755.0,5554.460701859883,2190.0,1,0,0,0,0,1,0,0,1,16675
108,2,2015-06-30,0.9749279121818236,-0.22252093395631434,1.2246467991473532e-16,-1.0,0.02581844022713308,-0.9996666485105112,16675.0,9245.0,14284.0,10344.142857142857,10600.0,5305.755190626238,10551.366666666667,12218.5,5261.570124142069,2190.0,1,0,0,0,0,1,0,0,1,14130
108,2,2015-07-01,0.43388373911755823,-0.900968867902419,-0.4999999999999998,-0.8660254037844388,0.008606996888688698,-0.9999629591162655,14130.0,8964.0,12238.0,11027.285714285714,12538.0,5405.356562839194,10456.933333333332,12218.5,5174.357444255235,2190.0,1,0,0,0,0,1,0,0,1,13746
108,2,2015-07-02,-0.433883739117558,-0.9009688679024191,-0.4999999999999998,-0.8660254037844388,-0.008606996888688009,-0.9999629591162655,13746.0,9502.0,12621.0,11446.714285714286,12538.0,5381.131439709383,10454.233333333334,12218.5,5173.265364340504,2190.0,1,0,0,0,0,1,0,0,1,12438
108,2,2015-07-03,-0.9749279121818236,-0.2225209339563146,-0.4999999999999998,-0.8660254037844388,-0.02581844022713239,-0.9996666485105112,12438.0,10600.0,14199.0,11819.285714285714,13208.0,5402.977411091234,10437.433333333332,12218.5,5163.129501961287,2190.0,1,0,0,0,0,1,0,0,1,13208
108,2,2015-07-04,-0.7818314824680299,0.6234898018587334,-0.4999999999999998,-0.8660254037844388,-0.04302223300453034,-0.99907411510223,13208.0,12538.0,12653.0,11624.42857142857,13208.0,5397.330323321691,10809.9,12218.5,4772.478047492007,2190.0,0,0,0,0,0,1,0,0,1,11174
108,2,2015-07-05,-2.4492935982947064e-16,1.0,-0.4999999999999998,-0.8660254037844388,-0.060213277365792774,-0.9981855344718586,11174.0,0.0,0.0,11624.42857142857,13208.0,5397.330323321691,10293.5,11755.0,5076.829255854826,2190.0,0,0,0,0,0,1,0,0,1,0
108,2,2015-07-06,0.7818314824680298,0.6234898018587336,-0.4999999999999998,-0.8660254037844388,-0.07738647923346322,-0.9970011699250151,0.0,16675.0,10621.0,10925.285714285714,12438.0,4930.883717762507,10279.566666666668,11546.0,5071.990581706513,2190.0,0,0,0,0,0,1,0,0,1,11781
108,2,2015-07-07,0.9749279121818236,-0.22252093395631434,-0.4999999999999998,-0.8660254037844388,-0.09453674981719933,-0.9955213724144752,11781.0,14130.0,9245.0,10315.42857142857,11781.0,4728.296305476326,10608.266666666666,11546.0,4687.812378066559,2190.0,0,0,0,0,0,1,0,0,1,9861
108,2,2015-07-08,0.43388373911755823,-0.900968867902419,-0.4999999999999998,-0.8660254037844388,-0.11165900712169444,-0.9937465804361781,9861.0,13746.0,8964.0,10056.57142857143,11781.0,4555.630576811629,10539.5,11546.0,4651.3778140423665,2190.0,0,0,0,0,0,1,0,0,1,11934
108,2,2015-07-09,-0.433883739117558,-0.9009688679024191,-0.4999999999999998,-0.8660254037844388,-0.12874817745258066,-0.99167731989929,11934.0,12438.0,9502.0,10029.142857142857,11781.0,4539.452038464985,10570.666666666666,11857.5,4659.850303451253,2190.0,0,0,0,0,0,1,0,0,1,12246
108,2,2015-07-10,-0.9749279121818236,-0.2225209339563146,-0.4999999999999998,-0.8660254037844388,-0.14579919691987442,-0.9893142039703664,12246.0,13208.0,10600.0,9833.285714285714,11781.0,4407.0860257198665,10609.433333333332,11885.5,4665.573762130986,2190.0,0,0,0,0,0,1,0,0,1,11837
108,2,2015-07-11,-0.7818314824680299,0.6234898018587334,-0.4999999999999998,-0.8660254037844388,-0.16280701293851646,-0.9866579328916572,11837.0,11174.0,12538.0,9783.285714285714,11781.0,4391.297139960886,10651.5,11885.5,4661.491590127307,2190.0,0,0,0,0,0,1,0,0,1,10824
108,2,2015-07-12,-2.4492935982947064e-16,1.0,-0.4999999999999998,-0.8660254037844388,-0.17976658572556214,-0.9837092937736098,10824.0,0.0,0.0,9783.285714285714,11781.0,4391.297139960886,10275.466666666667,11885.5,5047.94858117245,2190.0,0,0,0,0,0,1,0,0,1,0
108,2,2015-07-13,0.7818314824680298,0.6234898018587336,-0.4999999999999998,-0.8660254037844388,-0.19667288979357622,-0.9804691603616321,0.0,11781.0,16675.0,10544.0,11837.0,5184.615414859635,10396.933333333332,11885.5,5169.643914458604,2190.0,1,0,0,0,0,1,0,0,1,17106
108,2,2015-07-14,0.9749279121818236,-0.22252093395631434,-0.4999999999999998,-0.8660254037844388,-0.2135209154397959,-0.9769384927771817,17106.0,9861.0,14130.0,10945.0,11934.0,5231.327142003914,10819.2,12086.0,4794.909566584563,2190.0,1,0,0,0,0,1,0,0,1,12668
108,2,2015-07-15,0.43388373911755823,-0.900968867902419,-0.4999999999999998,-0.8660254037844388,-0.23030567023061196,-0.973118337233262,12668.0,11934.0,13746.0,10984.285714285714,12209.0,5241.015700360832,10643.4,12071.5,4636.220663577106,2190.0,1,0,0,0,0,1,0,0,1,12209
108,2,2015-07-16,-0.433883739117558,-0.9009688679024191,-0.4999999999999998,-0.8660254037844388,-0.24702218048093527,-0.9690098257244063,12209.0,12246.0,12438.0,10803.285714285714,11837.0,5211.977414708234,10533.233333333334,11885.5,4585.72100662205,2190.0,1,0,0,0,0,1,0,0,1,10979
108,2,2015-07-17,-0.9749279121818236,-0.2225209339563146,-0.4999999999999998,-0.8660254037844388,-0.2636654927280072,-0.9646141756912435,10979.0,11837.0,13208.0,10928.42857142857,12209.0,5251.30253229753,10549.066666666668,11885.5,4592.62493444716,2190.0,1,0,0,0,0,1,0,0,1,12713
108,2,2015-07-18,-0.7818314824680299,0.6234898018587334,-0.4999999999999998,-0.8660254037844388,-0.2802306751992161,-0.9599326896597445,12713.0,10824.0,11174.0,11261.714285714286,12668.0,5317.191292223314,10566.933333333332,11885.5,4601.99635041092,2190.0,0,0,0,0,0,1,0,0,1,13157
108,2,2015-07-19,-2.4492935982947064e-16,1.0,-0.4999999999999998,-0.8660254037844388,-0.2967128192734901,-0.9549667548552553,13157.0,0.0,0.0,11261.714285714286,12668.0,5317.191292223314,10093.633333333333,11809.0,4933.770073359889,2190.0,0,0,0,0,0,1,0,0,1,0
108,2,2015-07-20,0.7818314824680298,0.6234898018587336,-0.4999999999999998,-0.8660254037844388,-0.3131070409358267,-0.9497178427914317,0.0,17106.0,11781.0,10390.142857142857,12209.0,4658.825117579603,10038.7,11477.5,4913.423654677546,2190.0,0,0,0,0,0,1,0,0,1,11005
108,2,2015-07-21,0.9749279121818236,-0.22252093395631434,-0.4999999999999998,-0.8660254037844388,-0.3294084822245302,-0.9441875088341994,11005.0,12668.0,9861.0,10034.857142857143,11005.0,4549.714658766039,10378.066666666668,11477.5,4533.02018475567,2190.0,0,0,0,0,0,1,0,0,1,10181
108,2,2015-07-22,0.43388373911755823,-0.900968867902419,-0.4999999999999998,-0.8660254037844388,-0.3456123126707333,-0.9383773917408642,10181.0,12209.0,11934.0,9736.42857142857,10979.0,4450.774384199641,10361.366666666667,11477.5,4533.017199381124,2190.0,0,0,0,0,0,1,0,0,1,10120
108,2,2015-07-23,-0.433883739117558,-0.9009688679024191,-0.4999999999999998,-0.8660254037844388,-0.3617137307297674,-0.9322892131745134,10120.0,10979.0,12246.0,9897.0,11005.0,4522.76740502981,10456.633333333333,11809.0,4538.774872548559,2190.0,0,0,0,0,0,1,0,0,1,12103
108,2,2015-07-24,-0.9749279121818236,-0.2225209339563146,-0.4999999999999998,-0.8660254037844388,-0.37770796520396466,-0.9259247771938499,12103.0,12713.0,11837.0,9610.285714285714,10706.0,4375.723548332166,10514.7,11809.0,4530.15536119367,2190.0,0,0,0,0,0,1,0,0,1,10706
108,2,2015-07-25,-0.7818314824680299,0.6234898018587334,-0.4999999999999998,-0.8660254037844388,-0.39359027665646645,-0.9192859697186105,10706.0,13157.0,10824.0,9575.285714285714,10706.0,4343.487451126721,10628.366666666667,11885.5,4546.6198242691025,2190.0,0,0,0,0,0,1,0,0,1,12912
108,2,2015-07-26,-2.4492935982947064e-16,1.0,-0.4999999999999998,-0.8660254037844388,-0.4093559588156211,-0.9123747579707274,12912.0,0.0,0.0,9575.285714285714,10706.0,4343.487451126721,10275.033333333333,11885.5,4943.462569016216,2190.0,0,0,0,0,0,1,0,0,1,0
108,2,2015-07-27,0.7818314824680298,0.6234898018587336,-0.4999999999999998,-0.8660254037844388,-0.42500033996955394,-0.9051931898913975,0.0,11005.0,17106.0,10505.0,10706.0,5293.202307362416,10440.866666666667,11885.5,5102.869258688135,2190.0,1,0,0,0,0,1,0,0,1,17513
108,2,2015-07-28,0.9749279121818236,-0.22252093395631434,-0.4999999999999998,-0.8660254037844388,-0.4405187843504952,-0.8977433935342336,17513.0,10181.0,12668.0,11005.42857142857,12103.0,5421.500525904349,10897.0,12018.5,4735.7898296213325,2190.0,1,0,0,0,0,1,0,0,1,13684
108,2,2015-07-29,0.43388373911755823,-0.900968867902419,-0.4999999999999998,-0.8660254037844388,-0.455906693508459,-0.8900275764346766,13684.0,10120.0,12209.0,11455.857142857143,12912.0,5466.469044046991,10783.6,12018.5,4632.2622729631,2190.0,1,0,0,0,0,1,0,0,1,13273
108,2,2015-07-30,-0.433883739117558,-0.9009688679024191,-0.4999999999999998,-0.8660254037844388,-0.47115950767386394,-0.8820480249558535,13273.0,12103.0,10979.0,11738.57142857143,13273.0,5555.958418885188,10782.0,12018.5,4631.074694667127,2190.0,1,0,0,0,0,1,0,0,1,14082
108,2,2015-07-31,-0.9749279121818236,-0.2225209339563146,-0.4999999999999998,-0.8660254037844388,-0.4862727071086902,-0.8738071036110807,14082.0,10706.0,12713.0,12341.57142857143,13684.0,5653.415688977881,10821.366666666667,12018.5,4662.055078028866,2190.0,1,0,0,0,0,1,0,0,1,14927
