Store,Cluster,Date,DayOfWeek_sin,DayOfWeek_cos,Month_sin,Month_cos,DayOfYear_sin,DayOfYear_cos,Sales_Lag_1,Sales_Lag_7,Sales_Lag_14,RollingMean_7,RollingMedian_7,RollingStd_7,RollingMean_30,RollingMedian_30,RollingStd_30,CompetitionDistance,Promo,Promo2,StoreType_a,StoreType_b,StoreType_c,StoreType_d,Assortment_a,Assortment_b,Assortment_c,Sales
1038,2,2013-01-30,0.43388373911755823,-0.900968867902419,0.49999999999999994,0.8660254037844387,0.4937755501599772,0.869589389346611,4122.0,6629.0,4290.0,4587.428571428572,4732.0,2306.567135892853,4723.766666666666,5498.5,2372.852185746575,17290.0,0,0,0,0,0,1,1,0,0,4732
1038,2,2013-01-31,-0.433883739117558,-0.9009688679024191,0.49999999999999994,0.8660254037844387,0.5086709438521044,0.8609610158889943,4732.0,6471.0,3792.0,4460.285714285715,4732.0,2207.8533099133297,4909.8,5547.5,2202.3891635190653,17290.0,0,0,0,0,0,1,1,0,0,5581
1038,2,2013-02-01,-0.9749279121818236,-0.2225209339563146,0.8660254037844386,0.5000000000000001,0.5234156073655503,0.8520775211013093,5581.0,6721.0,5232.0,4384.857142857143,4732.0,2125.21923799024,4927.8,5547.5,2210.863139294166,17290.0,0,0,0,0,0,1,1,0,0,6193
1038,2,2013-02-02,-0.7818314824680299,0.6234898018587334,0.8660254037844386,0.5000000000000001,0.5380051715382996,0.8429415373547828,6193.0,6068.0,5483.0,4439.857142857143,4732.0,2180.3062039211713,4953.633333333333,5547.5,2224.4175755857336,17290.0,0,0,0,0,0,1,1,0,0,6453
1038,2,2013-02-03,-2.4492935982947064e-16,1.0,0.8660254037844386,0.5000000000000001,0.5524353131676196,0.8335557718385699,6453.0,0.0,0.0,4439.857142857143,4732.0,2180.3062039211713,4756.833333333333,5498.5,2392.2745789142896,17290.0,0,0,0,0,0,1,1,0,0,0
1038,2,2013-02-04,0.7818314824680298,0.6234898018587336,0.8660254037844386,0.5000000000000001,0.5667017562911176,0.8239230057575542,0.0,3998.0,7712.0,4891.142857142857,5581.0,2390.4123374131814,4811.6,5532.0,2428.735084430747,17290.0,1,0,0,0,0,1,1,0,0,7157
1038,2,2013-02-05,0.9749279121818236,-0.22252093395631434,0.8660254037844386,0.5000000000000001,0.5808002734538009,0.8140460935082178,7157.0,4122.0,6395.0,5276.428571428572,6193.0,2462.057530951357,5038.9,5763.0,2277.264471337002,17290.0,1,0,0,0,0,1,1,0,0,6819
1038,2,2013-02-06,0.43388373911755823,-0.900968867902419,0.8660254037844386,0.5000000000000001,0.5947266869607634,0.8039279618328213,6819.0,4732.0,6629.0,5558.142857142857,6453.0,2501.8786560350636,4996.866666666667,5763.0,2232.5921494413456,17290.0,1,0,0,0,0,1,1,0,0,6704
1038,2,2013-02-07,-0.433883739117558,-0.9009688679024191,0.8660254037844386,0.5000000000000001,0.6084768701151261,0.7935716089521474,6704.0,5581.0,6471.0,5624.571428571428,6453.0,2508.7504763090647,5000.133333333333,5763.0,2234.102994158002,17290.0,1,0,0,0,0,1,1,0,0,6046
1038,2,2013-02-08,-0.9749279121818236,-0.2225209339563146,0.8660254037844386,0.5000000000000001,0.6220467484408675,0.7829801036770629,6046.0,6193.0,6721.0,5740.142857142857,6704.0,2557.462116276697,5022.766666666666,5763.0,2251.3397954801594,17290.0,1,0,0,0,0,1,1,0,0,7002
1038,2,2013-02-09,-0.7818314824680299,0.6234898018587334,0.8660254037844386,0.5000000000000001,0.6354323008901774,0.7721565844991642,7002.0,6453.0,6068.0,5573.857142857143,6704.0,2541.176986396359,5000.9,5532.0,2245.251055004763,17290.0,0,0,0,0,0,1,1,0,0,5289
1038,2,2013-02-10,-2.4492935982947064e-16,1.0,0.8660254037844386,0.5000000000000001,0.6486295610349814,0.7611042586607747,5289.0,0.0,0.0,5573.857142857143,6704.0,2541.176986396359,4774.833333333333,5443.0,2396.0953593845907,17290.0,0,0,0,0,0,1,1,0,0,0
1038,2,2013-02-11,0.7818314824680298,0.6234898018587336,0.8660254037844386,0.5000000000000001,0.6616346182422783,0.7498264012045686,0.0,7157.0,3998.0,5208.428571428572,6046.0,2458.1402765195535,4748.033333333334,5386.0,2393.321836411409,17290.0,0,0,0,0,0,1,1,0,0,4599
1038,2,2013-02-12,0.9749279121818236,-0.22252093395631434,0.8660254037844386,0.5000000000000001,0.6744436188329455,0.7383263540031065,4599.0,6819.0,4122.0,4826.142857142857,5289.0,2372.5135355125967,4886.133333333333,5386.0,2223.4005445733787,17290.0,0,0,0,0,0,1,1,0,0,4143
1038,2,2013-02-13,0.43388373911755823,-0.900968867902419,0.8660254037844386,0.5000000000000001,0.6870527672236669,0.7266075247685656,4143.0,6704.0,4732.0,4543.428571428572,4725.0,2224.7589275501946,4900.5,5386.0,2220.8334836427894,17290.0,0,0,0,0,0,1,1,0,0,4725
1038,2,2013-02-14,-0.433883739117558,-0.9009688679024191,0.8660254037844386,0.5000000000000001,0.6994583270516471,0.7146733860429609,4725.0,6046.0,5581.0,4431.714285714285,4725.0,2155.282480657368,4920.666666666667,5386.0,2221.3117332089964,17290.0,0,0,0,0,0,1,1,0,0,5264
1038,2,2013-02-15,-0.9749279121818236,-0.2225209339563146,0.8660254037844386,0.5000000000000001,0.7116566222817746,0.702527474169157,5264.0,7002.0,6193.0,4232.285714285715,4725.0,1930.7007116835182,4964.533333333334,5532.0,2221.4220473929936,17290.0,0,0,0,0,0,1,1,0,0,5606
1038,2,2013-02-16,-0.7818314824680299,0.6234898018587334,0.8660254037844386,0.5000000000000001,0.7236440382959124,0.6901733882429719,5606.0,5289.0,6453.0,4169.285714285715,4725.0,1897.3800984766451,4999.733333333334,5532.0,2210.541639560288,17290.0,0,0,0,0,0,1,1,0,0,4848
1038,2,2013-02-17,-2.4492935982947064e-16,1.0,0.8660254037844386,0.5000000000000001,0.7354170229639855,0.6776147890466889,4848.0,0.0,0.0,4169.285714285715,4725.0,1897.3800984766451,4825.333333333333,5532.0,2390.637345885032,17290.0,0,0,0,0,0,1,1,0,0,0
1038,2,2013-02-18,0.7818314824680298,0.6234898018587336,0.8660254037844386,0.5000000000000001,0.7469720876965552,0.6648553979642865,0.0,4599.0,7157.0,4847.0,4848.0,2737.6357196189088,4954.0,5593.5,2527.2268705386173,17290.0,1,0,0,0,0,1,1,0,0,9343
1038,2,2013-02-19,0.9749279121818236,-0.22252093395631434,0.8660254037844386,0.5000000000000001,0.7583058084785625,0.6518989958787126,9343.0,4143.0,6819.0,5035.285714285715,5264.0,2726.4480992850836,5136.033333333334,5593.5,2348.442205368065,17290.0,1,0,0,0,0,1,1,0,0,5461
1038,2,2013-02-20,0.43388373911755823,-0.900968867902419,0.8660254037844386,0.5000000000000001,0.7694148268839378,0.6387494220515272,5461.0,4725.0,6704.0,5108.428571428572,5264.0,2723.6029358885926,5053.533333333334,5521.0,2297.7548672312846,17290.0,1,0,0,0,0,1,1,0,0,5237
1038,2,2013-02-21,-0.433883739117558,-0.9009688679024191,0.8660254037844386,0.5000000000000001,0.7802958510707755,0.6254105729852463,5237.0,5264.0,6046.0,5190.428571428572,5461.0,2737.6718123947876,5034.966666666666,5521.0,2288.7743969709827,17290.0,1,0,0,0,0,1,1,0,0,5838
1038,2,2013-02-22,-0.9749279121818236,-0.2225209339563146,0.8660254037844386,0.5000000000000001,0.7909456567567772,0.6118864012687243,5838.0,5606.0,7002.0,5339.857142857143,5461.0,2792.1398859758356,5035.733333333334,5521.0,2289.3305441176217,17290.0,1,0,0,0,0,1,1,0,0,6652
1038,2,2013-02-23,-0.7818314824680299,0.6234898018587334,0.8660254037844386,0.5000000000000001,0.8013610881746766,0.5981809144059164,6652.0,4848.0,5289.0,5291.857142857143,5461.0,2804.8638367766007,4970.433333333333,5375.0,2274.8730875298993,17290.0,0,0,0,0,0,1,1,0,0,4512
1038,2,2013-02-24,-2.4492935982947064e-16,1.0,0.8660254037844386,0.5000000000000001,0.8115390590073611,0.5842981736283683,4512.0,0.0,0.0,5291.857142857143,5461.0,2804.8638367766007,4746.4,5276.5,2422.675745021864,17290.0,0,0,0,0,0,1,1,0,0,0
1038,2,2013-02-25,0.7818314824680298,0.6234898018587336,0.8660254037844386,0.5000000000000001,0.8214765533024142,0.5702422926917871,0.0,9343.0,4599.0,4520.142857142857,5237.0,2177.4535148939035,4675.5,5250.5,2413.7723623493125,17290.0,0,0,0,0,0,1,1,0,0,3941
1038,2,2013-02-26,0.9749279121818236,-0.22252093395631434,0.8660254037844386,0.5000000000000001,0.8311706263658079,0.5560174366570446,3941.0,5461.0,4143.0,4449.428571428572,4966.0,2149.6664746841443,4841.033333333334,5250.5,2246.565692928582,17290.0,0,0,0,0,0,1,1,0,0,4966
1038,2,2013-02-27,0.43388373911755823,-0.900968867902419,0.8660254037844386,0.5000000000000001,0.8406184056344782,0.5416278206559814,4966.0,5237.0,4725.0,4351.714285714285,4553.0,2123.2843045845843,4859.533333333334,5250.5,2241.663909924383,17290.0,0,0,0,0,0,1,1,0,0,4553
1038,2,2013-02-28,-0.433883739117558,-0.9009688679024191,0.8660254037844386,0.5000000000000001,0.8498170915275278,0.5270777086423722,4553.0,5838.0,5264.0,4351.285714285715,4553.0,2122.9345816805667,4916.633333333333,5276.5,2244.045169551742,17290.0,0,0,0,0,0,1,1,0,0,5835
1038,2,2013-03-01,-0.9749279121818236,-0.2225209339563146,1.0,6.123233995736766e-17,0.8587639582758029,0.5123714121284237,5835.0,6652.0,5606.0,4322.571428571428,4553.0,2087.6960871690485,4973.933333333333,5375.0,2261.050380462255,17290.0,0,0,0,0,0,1,1,0,0,6451
1038,2,2013-03-02,-0.7818314824680299,0.6234898018587334,1.0,6.123233995736766e-17,0.8674563547295968,0.49751328890718066,6451.0,4512.0,4848.0,4502.285714285715,4966.0,2159.627106260533,4980.233333333334,5375.0,2263.06259811533,17290.0,0,0,0,0,0,1,1,0,0,5770
1038,2,2013-03-03,-2.4492935982947064e-16,1.0,1.0,6.123233995736766e-17,0.8758917051442429,0.48250774176121847,5770.0,0.0,0.0,4502.285714285715,4966.0,2159.627106260533,4773.8,5276.5,2425.266404136767,17290.0,0,0,0,0,0,1,1,0,0,0
1038,2,2013-03-04,0.7818314824680298,0.6234898018587336,1.0,6.123233995736766e-17,0.8840675099433636,0.46735921715800227,0.0,3941.0,9343.0,5105.0,5770.0,2533.2757449594797,4830.7,5276.5,2485.30235654503,17290.0,1,0,0,0,0,1,1,0,0,8160
1038,2,2013-03-05,0.9749279121818236,-0.22252093395631434,1.0,6.123233995736766e-17,0.8919813464595485,0.45207220393230435,8160.0,4966.0,5461.0,5245.571428571428,5835.0,2551.5125486099987,5029.033333333334,5375.0,2318.30937930228,17290.0,1,0,0,0,0,1,1,0,0,5950
1038,2,2013-03-06,0.43388373911755823,-0.900968867902419,1.0,6.123233995736766e-17,0.8996308696522433,0.43665123195606403,5950.0,4553.0,5237.0,5441.428571428572,5924.0,2542.091911342761,4987.933333333333,5375.0,2290.0402034316635,17290.0,1,0,0,0,0,1,1,0,0,5924
1038,2,2013-03-07,-0.433883739117558,-0.9009688679024191,1.0,6.123233995736766e-17,0.9070138128026359,0.4211008707960896,5924.0,5835.0,5838.0,5574.571428571428,5950.0,2590.0945836746887,4986.2,5375.0,2288.625719238212,17290.0,1,0,0,0,0,1,1,0,0,6767
1038,2,2013-03-08,-0.9749279121818236,-0.2225209339563146,1.0,6.123233995736766e-17,0.9141279881853337,0.40542572835999735,6767.0,6451.0,6652.0,5524.285714285715,5950.0,2573.6076309521704,4966.033333333334,5375.0,2275.5954807377398,17290.0,1,0,0,0,0,1,1,0,0,6099
1038,2,2013-03-09,-0.7818314824680299,0.6234898018587334,1.0,6.123233995736766e-17,0.9209712877166346,0.38963044953078796,6099.0,5770.0,4512.0,5522.285714285715,5950.0,2573.390287427964,4956.366666666667,5375.0,2271.461818291037,17290.0,0,0,0,0,0,1,1,0,0,5756
1038,2,2013-03-10,-2.4492935982947064e-16,1.0,1.0,6.123233995736766e-17,0.9275416835791966,0.37371971479046906,5756.0,0.0,0.0,5522.285714285715,5950.0,2573.390287427964,4722.966666666666,5276.5,2409.5593599650965,17290.0,0,0,0,0,0,1,1,0,0,0
1038,2,2013-03-11,0.7818314824680298,0.6234898018587336,1.0,6.123233995736766e-17,0.9338372288229252,0.35769823883312546,0.0,8160.0,3941.0,4978.285714285715,5924.0,2312.087996760052,4691.733333333334,5250.5,2408.0416271653035,17290.0,0,0,0,0,0,1,1,0,0,4352
1038,2,2013-03-12,0.9749279121818236,-0.22252093395631434,1.0,6.123233995736766e-17,0.9398560579418954,0.3415707691678556,4352.0,5950.0,4966.0,4736.0,5756.0,2281.9563974800235,4833.533333333334,5250.5,2241.745790339696,17290.0,0,0,0,0,0,1,1,0,0,4254
1038,2,2013-03-13,0.43388373911755823,-0.900968867902419,1.0,6.123233995736766e-17,0.9455963874271426,0.3253420847119801,4254.0,5924.0,4553.0,4454.285714285715,4352.0,2232.029025668927,4811.966666666666,5250.5,2247.1855421659207,17290.0,0,0,0,0,0,1,1,0,0,3952
1038,2,2013-03-14,-0.433883739117558,-0.9009688679024191,1.0,6.123233995736766e-17,0.9510565162951535,0.30901699437494745,3952.0,6767.0,5835.0,4134.571428571428,4352.0,1993.03519429896,4824.833333333333,5250.5,2244.326411249016,17290.0,0,0,0,0,0,1,1,0,0,4529
1038,2,2013-03-15,-0.9749279121818236,-0.2225209339563146,1.0,6.123233995736766e-17,0.9562348265919056,0.29260033563334836,4529.0,6099.0,6451.0,4079.5714285714284,4352.0,1934.2343754177327,4857.8,5362.5,2250.0657216455124,17290.0,0,0,0,0,0,1,1,0,0,5714
1038,2,2013-03-16,-0.7818314824680299,0.6234898018587334,1.0,6.123233995736766e-17,0.9611297838723007,0.27609697309746883,5714.0,5756.0,5770.0,4063.5714285714284,4352.0,1918.4545739685786,4870.466666666666,5533.5,2253.498241942244,17290.0,0,0,0,0,0,1,1,0,0,5644
1038,2,2013-03-17,-2.4492935982947064e-16,1.0,1.0,6.123233995736766e-17,0.9657399376548549,0.2595117970697999,5644.0,0.0,0.0,4063.5714285714284,4352.0,1918.4545739685786,4683.6,5349.0,2416.9105186523598,17290.0,0,0,0,0,0,1,1,0,0,0
1038,2,2013-03-18,0.7818314824680298,0.6234898018587336,1.0,6.123233995736766e-17,0.970063921851507,0.2428497220959356,0.0,4352.0,8160.0,4596.0,4529.0,2454.211414419441,4791.3,5552.5,2495.209011354526,17290.0,1,0,0,0,0,1,1,0,0,8079
1038,2,2013-03-19,0.9749279121818236,-0.22252093395631434,1.0,6.123233995736766e-17,0.9741004551724205,0.22611568550828828,8079.0,4254.0,5950.0,4841.571428571428,5644.0,2499.8649868304806,4990.4,5679.0,2332.725261325814,17290.0,1,0,0,0,0,1,1,0,0,5973
1038,2,2013-03-20,0.43388373911755823,-0.900968867902419,1.0,6.123233995736766e-17,0.9778483415056568,0.20931464596304847,5973.0,3952.0,5924.0,5163.142857142857,5714.0,2511.1167123129003,4885.733333333334,5679.0,2197.2021854345044,17290.0,1,0,0,0,0,1,1,0,0,6203
1038,2,2013-03-21,-0.433883739117558,-0.9009688679024191,1.0,6.123233995736766e-17,0.9813064702716093,0.19245158197082998,6203.0,4529.0,6767.0,5379.142857142857,5973.0,2512.5069438425735,4905.066666666667,5735.0,2204.976517715815,17290.0,1,0,0,0,0,1,1,0,0,6041
1038,2,2013-03-22,-0.9749279121818236,-0.2225209339563146,1.0,6.123233995736766e-17,0.9844738167520922,0.1755314904214282,6041.0,5714.0,6099.0,5524.0,6041.0,2563.7390662858043,4954.766666666666,5763.0,2229.3846790373427,17290.0,1,0,0,0,0,1,1,0,0,6728
1038,2,2013-03-23,-0.7818314824680299,0.6234898018587334,1.0,6.123233995736766e-17,0.9873494423939864,0.15855938510313478,6728.0,5644.0,5756.0,5536.714285714285,6041.0,2564.653889207777,4951.266666666666,5744.5,2228.0322528052034,17290.0,0,0,0,0,0,1,1,0,0,5733
1038,2,2013-03-24,-2.4492935982947064e-16,1.0,1.0,6.123233995736766e-17,0.989932495087353,0.141540295217043,5733.0,0.0,0.0,5536.714285714285,6041.0,2564.653889207777,4729.533333333334,5723.5,2378.838324626675,17290.0,0,0,0,0,0,1,1,0,0,0
1038,2,2013-03-25,0.7818314824680298,0.6234898018587336,1.0,6.123233995736766e-17,0.9922222094179323,0.12447926388678915,0.0,8079.0,4352.0,5516.714285714285,6041.0,2541.969624411074,4843.766666666666,5744.5,2449.2726532350493,17290.0,1,0,0,0,0,1,1,0,0,7939
1038,2,2013-03-26,0.9749279121818236,-0.22252093395631434,1.0,6.123233995736766e-17,0.994217906893952,0.10738134666416309,7939.0,5973.0,4254.0,5599.857142857143,6203.0,2568.7580934874245,5062.266666666666,5763.0,2289.4295017925665,17290.0,1,0,0,0,0,1,1,0,0,6555
1038,2,2013-03-27,0.43388373911755823,-0.900968867902419,1.0,6.123233995736766e-17,0.995918996147179,0.09025161003104117,6555.0,6203.0,3952.0,5803.142857142857,6555.0,2678.4108116923517,5185.1,5802.5,2325.762646145753,17290.0,1,0,0,0,0,1,1,0,0,7626
1038,2,2013-03-28,-0.433883739117558,-0.9009688679024191,1.0,6.123233995736766e-17,0.9973249731081555,0.07309512989807777,7626.0,6041.0,4529.0,6206.857142857143,6728.0,2922.1297842824297,5315.133333333333,5879.5,2420.224465698959,17290.0,1,0,0,0,0,1,1,0,0,8867
1038,2,2013-03-29,-0.9749279121818236,-0.2225209339563146,1.0,6.123233995736766e-17,0.9984354211555643,0.055916990100603484,8867.0,6728.0,5714.0,5245.714285714285,6555.0,3719.766377712707,5163.366666666667,5879.5,2605.3387427295925,17290.0,1,0,0,0,0,1,1,0,0,0
1038,2,2013-03-30,-0.7818314824680299,0.6234898018587334,1.0,6.123233995736766e-17,0.9992500112396835,0.03872228089217446,0.0,5733.0,5644.0,5650.142857142857,7626.0,3929.559068927515,5254.333333333333,5937.0,2676.2742802240027,17290.0,0,0,0,0,0,1,1,0,0,8564
1038,2,2013-03-31,-2.4492935982947064e-16,1.0,1.0,6.123233995736766e-17,0.9997685019798909,0.021516097436222254,8564.0,0.0,0.0,5650.142857142857,7626.0,3929.559068927515,5039.3,5847.0,2831.471557822649,17290.0,0,0,0,0,0,1,1,0,0,0
1038,2,2013-04-01,0.7818314824680298,0.6234898018587336,0.8660254037844387,-0.49999999999999983,0.9999907397361901,0.004303538296244289,0.0,7939.0,8079.0,4516.0,6555.0,4288.159939492308,4846.966666666666,5840.0,2972.5790669375647,17290.0,0,0,0,0,0,1,1,0,0,0
1038,2,2013-04-02,0.9749279121818236,-0.22252093395631434,0.8660254037844387,-0.49999999999999983,0.9999166586547379,-0.01291029607500882,0.0,6555.0,5973.0,4383.714285714285,5629.0,4228.645280082253,5034.6,5840.0,2830.333629657891,17290.0,0,0,0,0,0,1,1,0,0,5629
1038,2,2013-04-03,0.43388373911755823,-0.900968867902419,0.8660254037844387,-0.49999999999999983,0.9995462806873573,-0.030120304846908114,5629.0,7626.0,6203.0,4017.8571428571427,5065.0,4006.3162393305674,4931.433333333333,5744.5,2768.208454420735,17290.0,0,0,0,0,0,1,1,0,0,5065
1038,2,2013-04-04,-0.433883739117558,-0.9009688679024191,0.8660254037844387,-0.49999999999999983,0.9988797155850336,-0.04732138832243185,5065.0,8867.0,6041.0,3484.4285714285716,5065.0,3465.0866683313466,4904.2,5723.5,2761.8538551562388,17290.0,0,0,0,0,0,1,1,0,0,5133
1038,2,2013-04-05,-0.9749279121818236,-0.2225209339563146,0.8660254037844387,-0.49999999999999983,0.9979171608653922,-0.06450844944931623,5133.0,0.0,6728.0,4263.428571428572,5133.0,3149.790937884761,4888.5,5679.0,2757.1915965344156,17290.0,0,0,0,0,0,1,1,0,0,5453
1038,2,2013-04-06,-0.7818314824680299,0.6234898018587334,0.8660254037844387,-0.49999999999999983,0.9966589017541702,-0.08167639533042241,5453.0,8564.0,5733.0,3857.5714285714284,5133.0,2646.0502550747146,4853.7,5679.0,2739.1941698244027,17290.0,0,0,0,0,0,1,1,0,0,5723
1038,2,2013-04-07,-2.4492935982947064e-16,1.0,0.8660254037844387,-0.49999999999999983,0.9951053111006976,-0.09882013873287143,5723.0,0.0,0.0,3857.5714285714284,5133.0,2646.0502550747146,4650.4,5636.5,2866.9343304603985,17290.0,0,0,0,0,0,1,1,0,0,0
1038,2,2013-04-08,0.7818314824680298,0.6234898018587336,0.8660254037844387,-0.49999999999999983,0.9932568492674143,-0.11593459959550041,0.0,0.0,7939.0,5042.857142857143,5453.0,2483.372869611774,4735.1,5636.5,2937.393746867779,17290.0,1,0,0,0,0,1,1,0,0,8297
1038,2,2013-04-09,0.9749279121818236,-0.22252093395631434,0.8660254037844387,-0.49999999999999983,0.9911140639934547,-0.1330147065341959,8297.0,5629.0,6555.0,5042.428571428572,5453.0,2483.2551122228583,4922.633333333333,5636.5,2801.0936716702754,17290.0,1,0,0,0,0,1,1,0,0,5626
1038,2,2013-04-10,0.43388373911755823,-0.900968867902419,0.8660254037844387,-0.49999999999999983,0.9886775902323405,-0.1500553983446526,5626.0,5065.0,7626.0,5082.285714285715,5453.0,2485.9153722713986,4955.7,5636.5,2799.9801249294605,17290.0,1,0,0,0,0,1,1,0,0,5344
1038,2,2013-04-11,-0.433883739117558,-0.9009688679024191,0.8660254037844387,-0.49999999999999983,0.9859481499638304,-0.16705162550211924,5344.0,5133.0,8867.0,5291.714285714285,5626.0,2551.779752400648,5033.866666666667,5679.0,2812.4202576690286,17290.0,1,0,0,0,0,1,1,0,0,6599
1038,2,2013-04-12,-0.9749279121818236,-0.2225209339563146,0.8660254037844387,-0.49999999999999983,0.9829265519799822,-0.18399835165768005,6599.0,5453.0,0.0,5477.0,5723.0,2611.824011427009,5127.133333333333,5718.5,2821.6847588206797,17290.0,1,0,0,0,0,1,1,0,0,6750
1038,2,2013-04-13,-0.7818314824680299,0.6234898018587334,0.8660254037844387,-0.49999999999999983,0.9796136916454901,-0.20089055513063506,6750.0,5723.0,8564.0,5492.714285714285,5833.0,2613.8808767989494,5170.6,5728.0,2822.196779473211,17290.0,0,0,0,0,0,1,1,0,0,5833
1038,2,2013-04-14,-2.4492935982947064e-16,1.0,0.8660254037844387,-0.49999999999999983,0.9760105506323683,-0.21772323039653177,5833.0,0.0,0.0,5492.714285714285,5833.0,2613.8808767989494,4980.133333333333,5728.0,2973.04290576847,17290.0,0,0,0,0,0,1,1,0,0,0
1038,2,2013-04-15,0.7818314824680298,0.6234898018587336,0.8660254037844387,-0.49999999999999983,0.9721181966290613,-0.23449138957040985,0.0,8297.0,0.0,4892.0,5626.0,2329.7431188867167,4928.4,5728.0,2974.5953720777225,17290.0,0,0,0,0,0,1,1,0,0,4092
1038,2,2013-04-16,0.9749279121818236,-0.22252093395631434,0.8660254037844387,-0.49999999999999983,0.9679377830240642,-0.25119006388481935,4092.0,5626.0,5629.0,4673.428571428572,5344.0,2321.158608478596,5064.933333333333,5728.0,2831.125241548549,17290.0,0,0,0,0,0,1,1,0,0,4096
1038,2,2013-04-17,0.43388373911755823,-0.900968867902419,0.8660254037844387,-0.49999999999999983,0.9634705485641488,-0.2678143051621742,4096.0,5344.0,5065.0,4507.571428571428,4183.0,2306.691632124739,4935.066666666667,5676.0,2776.9375458107324,17290.0,0,0,0,0,0,1,1,0,0,4183
1038,2,2013-04-18,-0.433883739117558,-0.9009688679024191,0.8660254037844387,-0.49999999999999983,0.9587178169872964,-0.2843591872810034,4183.0,6599.0,5133.0,4087.5714285714284,4096.0,2122.740277498473,4857.933333333333,5627.5,2779.249687053775,17290.0,0,0,0,0,0,1,1,0,0,3659
1038,2,2013-04-19,-0.9749279121818236,-0.2225209339563146,0.8660254037844387,-0.49999999999999983,0.9536809966304457,-0.30081980763566735,3659.0,6750.0,5453.0,3928.8571428571427,4096.0,1922.5950716476461,4839.133333333333,5627.5,2771.73475783959,17290.0,0,0,0,0,0,1,1,0,0,5639
1038,2,2013-04-20,-0.7818314824680299,0.6234898018587334,0.8660254037844387,-0.49999999999999983,0.9483615800121715,-0.3171912885891061,5639.0,5833.0,5723.0,3889.285714285714,4096.0,1879.2331516060603,4822.966666666666,5591.0,2765.8911824822994,17290.0,0,0,0,0,0,1,1,0,0,5556
1038,2,2013-04-21,-2.4492935982947064e-16,1.0,0.8660254037844387,-0.49999999999999983,0.9427611433904207,-0.3334687789181868,5556.0,0.0,0.0,3889.285714285714,4096.0,1879.2331516060603,4598.7,5504.5,2876.6446947789714,17290.0,0,0,0,0,0,1,1,0,0,0
1038,2,2013-04-22,0.7818314824680298,0.6234898018587336,0.8660254037844387,-0.49999999999999983,0.9368813462954315,-0.3496474552512284,0.0,4092.0,8297.0,4429.571428571428,4183.0,2414.6289471430096,4670.066666666667,5504.5,2931.78546203543,17290.0,1,0,0,0,0,1,1,0,0,7874
1038,2,2013-04-23,0.9749279121818236,-0.22252093395631434,0.8660254037844387,-0.49999999999999983,0.9307239310379795,-0.36572252349726897,7874.0,4096.0,5626.0,4525.142857142857,4765.0,2412.4642607764818,4828.9,5504.5,2795.9839591814543,17290.0,1,0,0,0,0,1,1,0,0,4765
1038,2,2013-04-24,0.43388373911755823,-0.900968867902419,0.8660254037844387,-0.49999999999999983,0.9242907221930934,-0.3816892202666588,4765.0,4183.0,5344.0,4707.714285714285,5461.0,2430.5466953126497,4746.3,5457.0,2736.915003152776,17290.0,1,0,0,0,0,1,1,0,0,5461
1038,2,2013-04-25,-0.433883739117558,-0.9009688679024191,0.8660254037844387,-0.49999999999999983,0.9175836260593937,-0.39754281428255595,5461.0,3659.0,6599.0,4965.285714285715,5462.0,2396.180552065149,4709.866666666667,5457.0,2719.2254061028857,17290.0,1,0,0,0,0,1,1,0,0,5462
1038,2,2013-04-26,-0.9749279121818236,-0.2225209339563146,0.8660254037844387,-0.49999999999999983,0.9106046300942163,-0.4132786077829042,5462.0,5639.0,6750.0,5031.0,5462.0,2423.8837980948406,4658.966666666666,5457.0,2676.7166645535817,17290.0,1,0,0,0,0,1,1,0,0,6099
1038,2,2013-04-27,-0.7818314824680299,0.6234898018587334,0.8660254037844387,-0.49999999999999983,0.9033558023246845,-0.4288919379124835,6099.0,5556.0,5833.0,5095.714285714285,5462.0,2446.1813583819253,4563.7,5457.0,2570.53814505298,17290.0,0,0,0,0,0,1,1,0,0,6009
1038,2,2013-04-28,-2.4492935982947064e-16,1.0,0.8660254037844387,-0.49999999999999983,0.895839290734909,-0.4443781781046132,6009.0,0.0,0.0,5095.714285714285,5462.0,2446.1813583819253,4563.7,5457.0,2570.53814505298,17290.0,0,0,0,0,0,1,1,0,0,0
1038,2,2013-04-29,0.7818314824680298,0.6234898018587336,0.8660254037844387,-0.49999999999999983,0.8880573226294932,-0.45973273945210397,0.0,7874.0,4092.0,5149.142857142857,5462.0,2519.949432599223,4553.166666666667,5457.0,2554.176175752489,17290.0,1,0,0,0,0,1,1,0,0,8248
1038,2,2013-04-30,0.9749279121818236,-0.22252093395631434,0.8660254037844387,-0.49999999999999983,0.8800122039735357,-0.47495107206704995,8248.0,4765.0,4096.0,5744.714285714285,6009.0,2880.8422214279467,4850.966666666666,5461.5,2525.664753510734,17290.0,1,0,0,0,0,1,1,0,0,8934
1038,2,2013-05-01,0.43388373911755823,-0.900968867902419,0.49999999999999994,-0.8660254037844387,0.8717063187093218,-0.49002866642905923,8934.0,5461.0,4183.0,4964.571428571428,6009.0,3616.084431957808,4850.966666666666,5461.5,2525.664753510734,17290.0,1,0,0,0,0,1,1,0,0,0
1038,2,2013-05-02,-0.433883739117558,-0.9009688679024191,0.49999999999999994,-0.8660254037844387,0.8631421280499114,-0.5049610547215204,0.0,5462.0,3659.0,5307.857142857143,6099.0,3781.45771841898,4925.5,5461.5,2581.785639089135,17290.0,1,0,0,0,0,1,1,0,0,7865
1038,2,2013-05-03,-0.9749279121818236,-0.2225209339563146,0.49999999999999994,-0.8660254037844387,0.854322169749827,-0.5197438121555155,7865.0,6099.0,5639.0,5416.857142857143,6862.0,3818.874634783195,4985.4,5509.0,2605.8675648461567,17290.0,1,0,0,0,0,1,1,0,0,6862
1038,2,2013-05-04,-0.7818314824680299,0.6234898018587334,0.49999999999999994,-0.8660254037844387,0.8452490573530633,-0.5343725582809787,6862.0,6009.0,5556.0,5338.428571428572,6862.0,3810.3147664002277,4996.3,5509.0,2607.18980897057,17290.0,0,0,0,0,0,1,1,0,0,5460
1038,2,2013-05-05,-2.4492935982947064e-16,1.0,0.49999999999999994,-0.8660254037844387,0.835925479418637,-0.548842958284719,5460.0,0.0,0.0,5338.428571428572,6862.0,3810.3147664002277,4814.533333333334,5509.0,2759.866235305908,17290.0,0,0,0,0,0,1,1,0,0,0
1038,2,2013-05-06,0.7818314824680298,0.6234898018587336,0.49999999999999994,-0.8660254037844387,0.8263541987239096,-0.5631507242749186,0.0,8248.0,7874.0,4858.857142857143,5460.0,3587.8418967661437,4786.8,5461.5,2754.597716420738,17290.0,0,0,0,0,0,1,1,0,0,4891
1038,2,2013-05-07,0.9749279121818236,-0.22252093395631434,0.49999999999999994,-0.8660254037844387,0.8165380514459161,-0.5772916165517272,4891.0,8934.0,4765.0,4329.428571428572,5228.0,3130.576936026482,4961.066666666667,5461.5,2602.496055624336,17290.0,0,0,0,0,0,1,1,0,0,5228
1038,2,2013-05-08,0.43388373911755823,-0.900968867902419,0.49999999999999994,-0.8660254037844387,0.8064799463209448,-0.5912614448635781,5228.0,0.0,5461.0,5287.0,5460.0,2558.461777448839,4907.933333333333,5461.5,2547.7357890045646,17290.0,0,0,0,0,0,1,1,0,0,6703
1038,2,2013-05-09,-0.433883739117558,-0.9009688679024191,0.49999999999999994,-0.8660254037844387,0.7961828637826158,-0.6050560696488488,6703.0,7865.0,5462.0,4163.428571428572,5228.0,2936.657842806051,4720.4,5460.5,2695.813479683151,17290.0,0,0,0,0,0,1,1,0,0,0
1038,2,2013-05-10,-0.9749279121818236,-0.2225209339563146,0.49999999999999994,-0.8660254037844387,0.7856498550787145,-0.6186714032625031,0.0,6862.0,6099.0,4318.571428571428,5228.0,3125.5923095813837,4807.2,5461.5,2757.7939509437733,17290.0,0,0,0,0,0,1,1,0,0,7948
1038,2,2013-05-11,-0.7818314824680299,0.6234898018587334,0.49999999999999994,-0.8660254037844387,0.7748840413670407,-0.6321034111873487,7948.0,5460.0,6009.0,4459.857142857143,5228.0,3207.0780797361035,4802.2,5461.5,2754.5674095569166,17290.0,0,0,0,0,0,1,1,0,0,6449
1038,2,2013-05-12,-2.4492935982947064e-16,1.0,0.49999999999999994,-0.8660254037844387,0.7638886127905428,-0.6453481132295501,6449.0,0.0,0.0,4459.857142857143,5228.0,3207.0780797361035,4577.2,5460.5,2863.5043445111937,17290.0,0,0,0,0,0,1,1,0,0,0
1038,2,2013-05-13,0.7818314824680298,0.6234898018587336,0.49999999999999994,-0.8660254037844387,0.7526668275320084,-0.6584015846980488,0.0,4891.0,8248.0,4879.0,6449.0,3454.963482682078,4643.6,5460.5,2916.2384794398267,17290.0,1,0,0,0,0,1,1,0,0,7825
1038,2,2013-05-14,0.9749279121818236,-0.22252093395631434,0.49999999999999994,-0.8660254037844387,0.741222010848596,-0.6712599575675313,7825.0,5228.0,8934.0,5134.0,6703.0,3549.5919014256656,4877.366666666667,5461.5,2810.3294012763267,17290.0,1,0,0,0,0,1,1,0,0,7013
1038,2,2013-05-15,0.43388373911755823,-0.900968867902419,0.49999999999999994,-0.8660254037844387,0.7295575540864875,-0.6839194216246106,7013.0,6703.0,0.0,4965.285714285715,6449.0,3490.1563343345015,4925.033333333334,5492.0,2808.676071517084,17290.0,1,0,0,0,0,1,1,0,0,5522
1038,2,2013-05-16,-0.433883739117558,-0.9009688679024191,0.49999999999999994,-0.8660254037844387,0.717676913675962,-0.6963762255968722,5522.0,0.0,7865.0,5921.142857142857,6691.0,2739.0854573848455,5011.533333333334,5539.0,2822.1907085458092,17290.0,1,0,0,0,0,1,1,0,0,6691
1038,2,2013-05-17,-0.9749279121818236,-0.2225209339563146,0.49999999999999994,-0.8660254037844387,0.705583610107178,-0.7086266782644596,6691.0,7948.0,6862.0,5864.142857142857,6691.0,2693.6518228711648,5123.733333333334,5597.5,2854.8365244982406,17290.0,1,0,0,0,0,1,1,0,0,7549
1038,2,2013-05-18,-0.7818314824680299,0.6234898018587334,0.49999999999999994,-0.8660254037844387,0.6932812268869777,-0.7206671495538609,7549.0,6449.0,5460.0,5897.285714285715,6691.0,2703.456720218625,5224.466666666666,5824.0,2854.6868628726106,17290.0,0,0,0,0,0,1,1,0,0,6681
1038,2,2013-05-19,-2.4492935982947064e-16,1.0,0.49999999999999994,-0.8660254037844387,0.6807734094770161,-0.7324940716135789,6681.0,0.0,0.0,5897.285714285715,6691.0,2703.456720218625,5036.5,5782.5,3007.984463803421,17290.0,0,0,0,0,0,1,1,0,0,0
1038,2,2013-05-20,0.7818314824680298,0.6234898018587336,0.49999999999999994,-0.8660254037844387,0.6680638642135335,-0.7441039398713607,0.0,7825.0,4891.0,4779.428571428572,6681.0,3320.8114900398905,4851.3,5765.5,3142.910063224406,17290.0,0,0,0,0,0,1,1,0,0,0
1038,2,2013-05-21,0.9749279121818236,-0.22252093395631434,0.49999999999999994,-0.8660254037844387,0.6551563572090853,-0.7554933140726803,0.0,7013.0,5228.0,4684.571428571428,6349.0,3255.2127865493353,5062.933333333333,6054.0,3016.1802737366606,17290.0,0,0,0,0,0,1,1,0,0,6349
1038,2,2013-05-22,0.43388373911755823,-0.900968867902419,0.49999999999999994,-0.8660254037844387,0.6420547132365637,-0.766658819300159,6349.0,5522.0,6703.0,4772.571428571428,6349.0,3289.7675124109132,5005.066666666667,6054.0,2976.7847493021995,17290.0,0,0,0,0,0,1,1,0,0,6138
1038,2,2013-05-23,-0.433883739117558,-0.9009688679024191,0.49999999999999994,-0.8660254037844387,0.6287628145958344,-0.777597146973627,6138.0,6691.0,0.0,4496.428571428572,6138.0,3181.233558288507,5004.833333333333,6054.0,2976.804489929489,17290.0,0,0,0,0,0,1,1,0,0,4758
1038,2,2013-05-24,-0.9749279121818236,-0.2225209339563146,0.49999999999999994,-0.8660254037844387,0.6152845999633276,-0.7883050558305255,4758.0,7549.0,7948.0,4157.0,5173.0,2917.034910087068,4995.233333333334,6054.0,2975.7468570883616,17290.0,0,0,0,0,0,1,1,0,0,5173
1038,2,2013-05-25,-0.7818314824680299,0.6234898018587334,0.49999999999999994,-0.8660254037844387,0.6016240632249226,-0.7987793728863649,5173.0,6681.0,6449.0,4002.8571428571427,5173.0,2787.0439793546757,4999.9,6054.0,2976.6137477758634,17290.0,0,0,0,0,0,1,1,0,0,5602
1038,2,2013-05-26,-2.4492935982947064e-16,1.0,0.49999999999999994,-0.8660254037844387,0.5877852522924732,-0.8090169943749473,5602.0,0.0,0.0,4002.8571428571427,5173.0,2787.0439793546757,4796.6,5805.5,3104.4889923219685,17290.0,0,0,0,0,0,1,1,0,0,0
1038,2,2013-05-27,0.7818314824680298,0.6234898018587336,0.49999999999999994,-0.8660254037844387,0.5737722679043246,-0.8190148866680801,0.0,0.0,7825.0,5112.142857142857,5602.0,2453.6685071250245,4855.133333333333,5870.0,3144.433535228764,17290.0,1,0,0,0,0,1,1,0,0,7765
1038,2,2013-05-28,0.9749279121818236,-0.22252093395631434,0.49999999999999994,-0.8660254037844387,0.5595892624101765,-0.8287700871745037,7765.0,6349.0,7013.0,5156.428571428572,5602.0,2482.342902524607,5077.1,6243.5,3022.5585456809536,17290.0,1,0,0,0,0,1,1,0,0,6659
1038,2,2013-05-29,0.43388373911755823,-0.900968867902419,0.49999999999999994,-0.8660254037844387,0.545240438540651,-0.8382797052177743,6659.0,6138.0,5522.0,5480.714285714285,5602.0,2764.2136744642667,5082.433333333333,6243.5,3028.4819195071323,17290.0,1,0,0,0,0,1,1,0,0,8408
1038,2,2013-05-30,-0.433883739117558,-0.9009688679024191,0.49999999999999994,-0.8660254037844387,0.5307300481619334,-0.8475409228928311,8408.0,4758.0,6691.0,4801.0,5602.0,3467.1577216311734,4784.633333333333,5870.0,3075.5733806138046,17290.0,1,0,0,0,0,1,1,0,0,0
1038,2,2013-05-31,-0.9749279121818236,-0.2225209339563146,0.49999999999999994,-0.8660254037844387,0.5160623910158528,-0.8565509959010036,0.0,5173.0,7549.0,5367.428571428572,6659.0,3841.709509109318,5089.233333333334,6243.5,3037.643411495545,17290.0,1,0,0,0,0,1,1,0,0,9138
1038,2,2013-06-01,-0.7818314824680299,0.6234898018587334,1.2246467991473532e-16,-1.0,0.5012418134457758,-0.865307254363206,9138.0,5602.0,6681.0,5465.0,6659.0,3857.301820357507,5036.566666666667,6211.5,3001.3376981207753,17290.0,0,0,0,0,0,1,1,0,0,6285
1038,2,2013-06-02,-2.4492935982947064e-16,1.0,1.2246467991473532e-16,-1.0,0.48627270710869,-0.8738071036110808,6285.0,0.0,0.0,5465.0,6659.0,3857.301820357507,4807.833333333333,5870.0,3116.685021459259,17290.0,0,0,0,0,0,1,1,0,0,0
1038,2,2013-06-03,0.7818314824680298,0.6234898018587336,1.2246467991473532e-16,-1.0,0.4711595076738638,-0.8820480249558537,0.0,7765.0,0.0,5539.571428571428,6659.0,3913.809348837475,4902.066666666667,6211.5,3179.193792113983,17290.0,1,0,0,0,0,1,1,0,0,8287
1038,2,2013-06-04,0.9749279121818236,-0.22252093395631434,1.2246467991473532e-16,-1.0,0.4559066935084588,-0.8900275764346767,8287.0,6659.0,6349.0,5498.285714285715,6370.0,3901.5377615450434,5114.4,6317.0,3050.6241825974353,17290.0,1,0,0,0,0,1,1,0,0,6370
1038,2,2013-06-05,0.43388373911755823,-0.900968867902419,1.2246467991473532e-16,-1.0,0.440518784350495,-0.8977433935342337,6370.0,8408.0,6138.0,5015.714285714285,6285.0,3684.533200388064,5119.033333333334,6317.0,3050.378727004389,17290.0,1,0,0,0,0,1,1,0,0,5030
1038,2,2013-06-06,-0.433883739117558,-0.9009688679024191,1.2246467991473532e-16,-1.0,0.42500033996955416,-0.9051931898913974,5030.0,0.0,4758.0,5905.285714285715,6285.0,2950.2873144992573,5152.333333333333,6317.0,3057.0548745070187,17290.0,1,0,0,0,0,1,1,0,0,6227
1038,2,2013-06-07,-0.9749279121818236,-0.2225209339563146,1.2246467991473532e-16,-1.0,0.4093559588156213,-0.9123747579707273,6227.0,9138.0,5173.0,5579.714285714285,6285.0,2643.9340457158237,5157.533333333334,6317.0,3059.914825649544,17290.0,1,0,0,0,0,1,1,0,0,6859
1038,2,2013-06-08,-0.7818314824680299,0.6234898018587334,1.2246467991473532e-16,-1.0,0.39359027665646673,-0.9192859697186104,6859.0,6285.0,5602.0,5486.857142857143,6227.0,2626.391531396353,5345.366666666667,6317.0,2901.2403231452013,17290.0,0,0,0,0,0,1,1,0,0,5635
1038,2,2013-06-09,-2.4492935982947064e-16,1.0,1.2246467991473532e-16,-1.0,0.3777079652039649,-0.9259247771938498,5635.0,0.0,0.0,5486.857142857143,6227.0,2626.391531396353,5080.433333333333,6256.0,3016.004558252904,17290.0,0,0,0,0,0,1,1,0,0,0
1038,2,2013-06-10,0.7818314824680298,0.6234898018587336,1.2246467991473532e-16,-1.0,0.36171373072976765,-0.9322892131745133,0.0,8287.0,7765.0,5111.857142857143,5662.0,2330.704287590015,5054.2,6182.5,3007.099764408132,17290.0,0,0,0,0,0,1,1,0,0,5662
1038,2,2013-06-11,0.9749279121818236,-0.22252093395631434,1.2246467991473532e-16,-1.0,0.3456123126707335,-0.9383773917408641,5662.0,6370.0,6659.0,4861.714285714285,5635.0,2266.240625226848,5208.166666666667,6182.5,2853.7338527443035,17290.0,0,0,0,0,0,1,1,0,0,4619
1038,2,2013-06-12,0.43388373911755823,-0.900968867902419,1.2246467991473532e-16,-1.0,0.3294084822245304,-0.9441875088341993,4619.0,5030.0,8408.0,4756.428571428572,5635.0,2274.225132299121,5090.433333333333,5900.0,2814.641456719675,17290.0,0,0,0,0,0,1,1,0,0,4293
1038,2,2013-06-13,-0.433883739117558,-0.9009688679024191,1.2246467991473532e-16,-1.0,0.3131070409358269,-0.9497178427914316,4293.0,6227.0,0.0,4596.857142857143,5110.0,2191.5287988503546,5027.0,5648.5,2791.164606767032,17290.0,0,0,0,0,0,1,1,0,0,5110
1038,2,2013-06-14,-0.9749279121818236,-0.2225209339563146,1.2246467991473532e-16,-1.0,0.29671281927349075,-0.9549667548552551,5110.0,6859.0,9138.0,4547.428571428572,5110.0,2135.181558021305,5060.033333333334,5900.0,2803.063785406509,17290.0,0,0,0,0,0,1,1,0,0,6513
1038,2,2013-06-15,-0.7818314824680299,0.6234898018587334,1.2246467991473532e-16,-1.0,0.28023067519921585,-0.9599326896597447,6513.0,5635.0,6285.0,4594.571428571428,5110.0,2166.6080138581337,5035.833333333333,5813.5,2791.607954434928,17290.0,0,0,0,0,0,1,1,0,0,5965
1038,2,2013-06-16,-2.4492935982947064e-16,1.0,1.2246467991473532e-16,-1.0,0.26366549272800704,-0.9646141756912435,5965.0,0.0,0.0,4594.571428571428,5110.0,2166.6080138581337,4784.2,5648.5,2895.5566721062996,17290.0,0,0,0,0,0,1,1,0,0,0
1038,2,2013-06-17,0.7818314824680298,0.6234898018587336,1.2246467991473532e-16,-1.0,0.24702218048093552,-0.9690098257244062,0.0,5662.0,8287.0,4949.0,5110.0,2540.923257400743,4832.933333333333,5648.5,2940.53504319025,17290.0,1,0,0,0,0,1,1,0,0,8143
1038,2,2013-06-18,0.9749279121818236,-0.22252093395631434,1.2246467991473532e-16,-1.0,0.23030567023061221,-0.9731183372332619,8143.0,4619.0,6370.0,5225.714285714285,5965.0,2603.692871947184,5051.466666666666,5813.5,2809.6794114991653,17290.0,1,0,0,0,0,1,1,0,0,6556
1038,2,2013-06-19,0.43388373911755823,-0.900968867902419,1.2246467991473532e-16,-1.0,0.21352091543979612,-0.9769384927771817,6556.0,4293.0,5030.0,5532.714285714285,6442.0,2602.080943801565,5266.2,6051.5,2652.0493624157248,17290.0,1,0,0,0,0,1,1,0,0,6442
1038,2,2013-06-20,-0.433883739117558,-0.9009688679024191,1.2246467991473532e-16,-1.0,0.19667288979357647,-0.980469160361632,6442.0,5110.0,6227.0,5680.857142857143,6442.0,2603.5228331737644,5259.466666666666,6051.5,2649.460592249874,17290.0,1,0,0,0,0,1,1,0,0,6147
1038,2,2013-06-21,-0.9749279121818236,-0.2225209339563146,1.2246467991473532e-16,-1.0,0.1797665857255624,-0.9837092937736097,6147.0,6513.0,6859.0,5726.714285714285,6442.0,2623.37389089481,5282.666666666667,6056.0,2660.4432393653983,17290.0,1,0,0,0,0,1,1,0,0,6834
1038,2,2013-06-22,-0.7818314824680299,0.6234898018587334,1.2246467991473532e-16,-1.0,0.16280701293851715,-0.986657932891657,6834.0,5965.0,5635.0,5763.714285714285,6442.0,2629.114978738772,5331.533333333334,6185.5,2663.935275869702,17290.0,0,0,0,0,0,1,1,0,0,6224
1038,2,2013-06-23,-2.4492935982947064e-16,1.0,1.2246467991473532e-16,-1.0,0.1457991969198751,-0.9893142039703663,6224.0,0.0,0.0,5763.714285714285,6442.0,2629.114978738772,5159.1,6185.5,2836.389768824033,17290.0,0,0,0,0,0,1,1,0,0,0
1038,2,2013-06-24,0.7818314824680298,0.6234898018587336,1.2246467991473532e-16,-1.0,0.12874817745258132,-0.99167731989929,0.0,8143.0,5662.0,5346.428571428572,6224.0,2411.3286695058714,5146.433333333333,6185.5,2835.1919193487106,17290.0,0,0,0,0,0,1,1,0,0,5222
1038,2,2013-06-25,0.9749279121818236,-0.22252093395631434,1.2246467991473532e-16,-1.0,0.11165900712169512,-0.993746580436178,5222.0,6556.0,4619.0,5046.857142857143,6147.0,2365.843783837769,5295.066666666667,6185.5,2668.0427791293682,17290.0,0,0,0,0,0,1,1,0,0,4459
1038,2,2013-06-26,0.43388373911755823,-0.900968867902419,1.2246467991473532e-16,-1.0,0.09453674981719912,-0.9955213724144752,4459.0,6442.0,4293.0,4824.428571428572,5222.0,2284.613523636099,5199.066666666667,6056.0,2627.6134436395696,17290.0,0,0,0,0,0,1,1,0,0,4885
1038,2,2013-06-27,-0.433883739117558,-0.9009688679024191,1.2246467991473532e-16,-1.0,0.07738647923346301,-0.9970011699250151,4885.0,6147.0,5110.0,4665.285714285715,5033.0,2214.86551241723,5144.866666666667,5813.5,2613.1910962934035,17290.0,0,0,0,0,0,1,1,0,0,5033
1038,2,2013-06-28,-0.9749279121818236,-0.2225209339563146,1.2246467991473532e-16,-1.0,0.06021327736579302,-0.9981855344718586,5033.0,6834.0,6513.0,4547.142857142857,5033.0,2098.9261880440545,5064.833333333333,5813.5,2545.7018418927396,17290.0,0,0,0,0,0,1,1,0,0,6007
1038,2,2013-06-29,-0.7818314824680299,0.6234898018587334,1.2246467991473532e-16,-1.0,0.04302223300453059,-0.99907411510223,6007.0,6224.0,5965.0,4672.285714285715,5033.0,2237.131773371558,5301.5,5986.0,2383.4658298513446,17290.0,0,0,0,0,0,1,1,0,0,7100
1038,2,2013-06-30,-2.4492935982947064e-16,1.0,1.2246467991473532e-16,-1.0,0.02581844022713308,-0.9996666485105112,7100.0,0.0,0.0,4672.285714285715,5033.0,2237.131773371558,4996.9,5813.5,2458.9744617316123,17290.0,0,0,0,0,0,1,1,0,0,0
1038,2,2013-07-01,0.7818314824680298,0.6234898018587336,-0.4999999999999998,-0.8660254037844388,0.008606996888688698,-0.9999629591162655,0.0,5222.0,8143.0,5123.285714285715,5033.0,2647.0829677392508,5066.7,5813.5,2525.6159665208056,17290.0,1,0,0,0,0,1,1,0,0,8379
1038,2,2013-07-02,0.9749279121818236,-0.22252093395631434,-0.4999999999999998,-0.8660254037844388,-0.008606996888688009,-0.9999629591162655,8379.0,4459.0,6556.0,5435.571428571428,6007.0,2684.3364081986733,5288.2,5986.0,2351.3096776052266,17290.0,1,0,0,0,0,1,1,0,0,6645
1038,2,2013-07-03,0.43388373911755823,-0.900968867902419,-0.4999999999999998,-0.8660254037844388,-0.02581844022713239,-0.9996666485105112,6645.0,4885.0,6442.0,5699.428571428572,6645.0,2711.832889218586,5236.366666666667,5986.0,2299.4918101740363,17290.0,1,0,0,0,0,1,1,0,0,6732
1038,2,2013-07-04,-0.433883739117558,-0.9009688679024191,-0.4999999999999998,-0.8660254037844388,-0.04302223300453034,-0.99907411510223,6732.0,5033.0,6147.0,5851.142857142857,6645.0,2698.00713049289,5227.2,5986.0,2295.3612952783847,17290.0,1,0,0,0,0,1,1,0,0,6095
1038,2,2013-07-05,-0.9749279121818236,-0.2225209339563146,-0.4999999999999998,-0.8660254037844388,-0.060213277365792774,-0.9981855344718586,6095.0,6007.0,6834.0,5880.428571428572,6645.0,2701.091684062999,5266.6,6051.0,2301.9945864102424,17290.0,1,0,0,0,0,1,1,0,0,6212
1038,2,2013-07-06,-0.7818314824680299,0.6234898018587334,-0.4999999999999998,-0.8660254037844388,-0.07738647923346322,-0.9970011699250151,6212.0,7100.0,6224.0,5657.857142857143,6212.0,2647.5079747170694,5243.766666666666,5986.0,2295.5281066686466,17290.0,0,0,0,0,0,1,1,0,0,5542
1038,2,2013-07-07,-2.4492935982947064e-16,1.0,-0.4999999999999998,-0.8660254037844388,-0.09453674981719933,-0.9955213724144752,5542.0,0.0,0.0,5657.857142857143,6212.0,2647.5079747170694,5015.133333333333,5813.5,2464.4642942171545,17290.0,0,0,0,0,0,1,1,0,0,0
1038,2,2013-07-08,0.7818314824680298,0.6234898018587336,-0.4999999999999998,-0.8660254037844388,-0.11165900712169444,-0.9937465804361781,0.0,8379.0,5222.0,5258.0,6095.0,2364.2487883751432,5013.3,5813.5,2464.0076851369167,17290.0,0,0,0,0,0,1,1,0,0,5580
1038,2,2013-07-09,0.9749279121818236,-0.22252093395631434,-0.4999999999999998,-0.8660254037844388,-0.12874817745258066,-0.99167731989929,5580.0,6645.0,4459.0,4894.857142857143,5580.0,2310.3095339926076,5150.066666666667,5813.5,2283.3958216132637,17290.0,0,0,0,0,0,1,1,0,0,4103
1038,2,2013-07-10,0.43388373911755823,-0.900968867902419,-0.4999999999999998,-0.8660254037844388,-0.14579919691987442,-0.9893142039703664,4103.0,6732.0,4885.0,4650.285714285715,5542.0,2169.7558014890137,5128.666666666667,5772.5,2281.440112846651,17290.0,0,0,0,0,0,1,1,0,0,5020
1038,2,2013-07-11,-0.433883739117558,-0.9009688679024191,-0.4999999999999998,-0.8660254037844388,-0.16280701293851646,-0.9866579328916572,5020.0,6095.0,5033.0,4587.142857142857,5542.0,2126.7098555101034,5163.133333333333,5809.0,2281.285386814185,17290.0,0,0,0,0,0,1,1,0,0,5653
1038,2,2013-07-12,-0.9749279121818236,-0.2225209339563146,-0.4999999999999998,-0.8660254037844388,-0.17976658572556214,-0.9837092937736098,5653.0,6212.0,6007.0,4485.857142857143,5503.0,2051.998654042071,5203.466666666666,5809.0,2276.061339900245,17290.0,0,0,0,0,0,1,1,0,0,5503
1038,2,2013-07-13,-0.7818314824680299,0.6234898018587334,-0.4999999999999998,-0.8660254037844388,-0.19667288979357622,-0.9804691603616321,5503.0,5542.0,7100.0,4499.0,5503.0,2060.1689251126945,5220.933333333333,5809.0,2277.329590631933,17290.0,0,0,0,0,0,1,1,0,0,5634
1038,2,2013-07-14,-2.4492935982947064e-16,1.0,-0.4999999999999998,-0.8660254037844388,-0.2135209154397959,-0.9769384927771817,5634.0,0.0,0.0,4499.0,5503.0,2060.1689251126945,5003.833333333333,5643.5,2453.536561969178,17290.0,0,0,0,0,0,1,1,0,0,0
1038,2,2013-07-15,0.7818314824680298,0.6234898018587336,-0.4999999999999998,-0.8660254037844388,-0.23030567023061196,-0.973118337233262,0.0,5580.0,8379.0,5083.571428571428,5503.0,2847.9547548572964,5127.4,5643.5,2592.9964373554244,17290.0,1,0,0,0,0,1,1,0,0,9672
1038,2,2013-07-16,0.9749279121818236,-0.22252093395631434,-0.4999999999999998,-0.8660254037844388,-0.24702218048093527,-0.9690098257244063,9672.0,4103.0,6645.0,5472.428571428572,5634.0,2877.431195652519,5354.9,5830.0,2421.343405262229,17290.0,1,0,0,0,0,1,1,0,0,6825
1038,2,2013-07-17,0.43388373911755823,-0.900968867902419,-0.4999999999999998,-0.8660254037844388,-0.2636654927280072,-0.9646141756912435,6825.0,5020.0,6732.0,5656.142857142857,5653.0,2884.774828218627,5293.666666666667,5830.0,2371.1107295851903,17290.0,1,0,0,0,0,1,1,0,0,6306
1038,2,2013-07-18,-0.433883739117558,-0.9009688679024191,-0.4999999999999998,-0.8660254037844388,-0.2802306751992161,-0.9599326896597445,6306.0,5653.0,6095.0,5866.857142857143,6306.0,2937.8877008587556,5312.733333333334,5830.0,2383.87690513805,17290.0,1,0,0,0,0,1,1,0,0,7128
1038,2,2013-07-19,-0.9749279121818236,-0.2225209339563146,-0.4999999999999998,-0.8660254037844388,-0.2967128192734901,-0.9549667548552553,7128.0,5503.0,6212.0,6040.571428571428,6719.0,2948.7179054148746,5321.966666666666,5830.0,2388.932736503944,17290.0,1,0,0,0,0,1,1,0,0,6719
1038,2,2013-07-20,-0.7818314824680299,0.6234898018587334,-0.4999999999999998,-0.8660254037844388,-0.3131070409358267,-0.9497178427914317,6719.0,5634.0,5542.0,6060.571428571428,6719.0,2945.974194113206,5309.533333333334,5713.5,2385.4588618563907,17290.0,0,0,0,0,0,1,1,0,0,5774
1038,2,2013-07-21,-2.4492935982947064e-16,1.0,-0.4999999999999998,-0.8660254037844388,-0.3294084822245302,-0.9441875088341994,5774.0,0.0,0.0,6060.571428571428,6719.0,2945.974194113206,5081.733333333334,5643.5,2555.1325349704193,17290.0,0,0,0,0,0,1,1,0,0,0
1038,2,2013-07-22,0.7818314824680298,0.6234898018587336,-0.4999999999999998,-0.8660254037844388,-0.3456123126707333,-0.9383773917408642,0.0,9672.0,5580.0,5440.142857142857,6306.0,2478.9393853401243,5051.9,5607.0,2546.546225637842,17290.0,0,0,0,0,0,1,1,0,0,5329
1038,2,2013-07-23,0.9749279121818236,-0.22252093395631434,-0.4999999999999998,-0.8660254037844388,-0.3617137307297674,-0.9322892131745134,5329.0,6825.0,4103.0,5120.571428571428,5774.0,2413.996676132954,5204.833333333333,5607.0,2363.908833111878,17290.0,0,0,0,0,0,1,1,0,0,4588
1038,2,2013-07-24,0.43388373911755823,-0.900968867902419,-0.4999999999999998,-0.8660254037844388,-0.37770796520396466,-0.9259247771938499,4588.0,6306.0,5020.0,4906.285714285715,5329.0,2357.1368730082763,5190.966666666666,5607.0,2365.0245239427363,17290.0,0,0,0,0,0,1,1,0,0,4806
1038,2,2013-07-25,-0.433883739117558,-0.9009688679024191,-0.4999999999999998,-0.8660254037844388,-0.39359027665646645,-0.9192859697186105,4806.0,7128.0,5653.0,4580.857142857143,4850.0,2147.183925406439,5204.0,5607.0,2361.927004040088,17290.0,0,0,0,0,0,1,1,0,0,4850
1038,2,2013-07-26,-0.9749279121818236,-0.2225209339563146,-0.4999999999999998,-0.8660254037844388,-0.4093559588156211,-0.9123747579707274,4850.0,6719.0,5503.0,4469.714285714285,4850.0,2035.2828398272393,5239.2,5643.5,2364.875974002397,17290.0,0,0,0,0,0,1,1,0,0,5941
1038,2,2013-07-27,-0.7818314824680299,0.6234898018587334,-0.4999999999999998,-0.8660254037844388,-0.42500033996955394,-0.9051931898913975,5941.0,5774.0,5634.0,4388.142857142857,4850.0,1985.120771185086,5244.866666666667,5643.5,2364.568499431924,17290.0,0,0,0,0,0,1,1,0,0,5203
1038,2,2013-07-28,-2.4492935982947064e-16,1.0,-0.4999999999999998,-0.8660254037844388,-0.4405187843504952,-0.8977433935342336,5203.0,0.0,0.0,4388.142857142857,4850.0,1985.120771185086,5044.633333333333,5607.0,2545.2411237760784,17290.0,0,0,0,0,0,1,1,0,0,0
1038,2,2013-07-29,0.7818314824680298,0.6234898018587336,-0.4999999999999998,-0.8660254037844388,-0.455906693508459,-0.8900275764346766,0.0,5329.0,9672.0,4821.857142857143,4850.0,2491.9086010908327,5086.8,5607.0,2590.5416874628277,17290.0,1,0,0,0,0,1,1,0,0,8365
1038,2,2013-07-30,0.9749279121818236,-0.22252093395631434,-0.4999999999999998,-0.8660254037844388,-0.47115950767386394,-0.8820480249558535,8365.0,4588.0,6825.0,5391.142857142857,5203.0,2857.8963958694876,5372.566666666667,5643.5,2480.5759854397174,17290.0,1,0,0,0,0,1,1,0,0,8573
1038,2,2013-07-31,0.43388373911755823,-0.900968867902419,-0.4999999999999998,-0.8660254037844388,-0.4862727071086902,-0.8738071036110807,8573.0,4806.0,6306.0,5845.857142857143,5941.0,2999.014973207671,5359.566666666667,5643.5,2465.2514131189646,17290.0,1,0,0,0,0,1,1,0,0,7989
1038,2,2013-08-01,-0.433883739117558,-0.9009688679024191,-0.8660254037844384,-0.5000000000000004,-0.5012418134457756,-0.8653072543632061,7989.0,4850.0,7128.0,6172.857142857143,7139.0,2997.1244234305336,5376.033333333334,5643.5,2475.760983440532,17290.0,1,0,0,0,0,1,1,0,0,7139
1038,2,2013-08-02,-0.9749279121818236,-0.2225209339563146,-0.8660254037844384,-0.5000000000000004,-0.5160623910158526,-0.8565509959010037,7139.0,5941.0,6719.0,6373.0,7342.0,3025.702838460292,5396.366666666667,5643.5,2489.7469540903735,17290.0,1,0,0,0,0,1,1,0,0,7342
1038,2,2013-08-03,-0.7818314824680299,0.6234898018587334,-0.8660254037844384,-0.5000000000000004,-0.5307300481619331,-0.8475409228928312,7342.0,5203.0,5774.0,6524.714285714285,7342.0,2983.591499869786,5402.033333333334,5643.5,2491.5846568597353,17290.0,0,0,0,0,0,1,1,0,0,6265
1038,2,2013-08-04,-2.4492935982947064e-16,1.0,-0.8660254037844384,-0.5000000000000004,-0.5452404385406507,-0.8382797052177745,6265.0,0.0,0.0,6524.714285714285,7342.0,2983.591499869786,5194.966666666666,5607.0,2673.4418534312945,17290.0,0,0,0,0,0,1,1,0,0,0
1038,2,2013-08-05,0.7818314824680298,0.6234898018587336,-0.8660254037844384,-0.5000000000000004,-0.5595892624101763,-0.828770087174504,0.0,8365.0,5329.0,6196.714285714285,7139.0,2871.66750131265,5212.533333333334,5643.5,2677.5290556179134,17290.0,0,0,0,0,0,1,1,0,0,6069
1038,2,2013-08-06,0.9749279121818236,-0.22252093395631434,-0.8660254037844384,-0.5000000000000004,-0.5737722679043243,-0.8190148866680802,6069.0,8573.0,4588.0,5661.857142857143,6265.0,2698.7728339976684,5373.5,5643.5,2492.0907957943173,17290.0,0,0,0,0,0,1,1,0,0,4829
1038,2,2013-08-07,0.43388373911755823,-0.900968867902419,-0.8660254037844384,-0.5000000000000004,-0.5877852522924734,-0.8090169943749472,4829.0,7989.0,4806.0,5423.0,6265.0,2527.004089166985,5398.066666666667,5713.5,2497.822664715774,17290.0,0,0,0,0,0,1,1,0,0,6317
1038,2,2013-08-08,-0.433883739117558,-0.9009688679024191,-0.8660254037844384,-0.5000000000000004,-0.6016240632249227,-0.7987793728863648,6317.0,7139.0,4850.0,5148.428571428572,6069.0,2411.2428231891013,5435.2,5713.5,2486.159237000746,17290.0,0,0,0,0,0,1,1,0,0,5217
1038,2,2013-08-09,-0.9749279121818236,-0.2225209339563146,-0.8660254037844384,-0.5000000000000004,-0.6152845999633277,-0.7883050558305253,5217.0,7342.0,5941.0,4966.857142857143,6069.0,2261.752891643368,5470.233333333334,5857.5,2487.511395688099,17290.0,0,0,0,0,0,1,1,0,0,6071
1038,2,2013-08-10,-0.7818314824680299,0.6234898018587334,-0.8660254037844384,-0.5000000000000004,-0.6287628145958345,-0.7775971469736268,6071.0,6265.0,5203.0,4779.857142857143,5217.0,2189.494494822295,5447.0,5857.5,2489.000034635152,17290.0,0,0,0,0,0,1,1,0,0,4956
1038,2,2013-08-11,-2.4492935982947064e-16,1.0,-0.8660254037844384,-0.5000000000000004,-0.6420547132365636,-0.7666588193001592,4956.0,0.0,0.0,4779.857142857143,5217.0,2189.494494822295,5263.566666666667,5857.5,2680.168248492971,17290.0,0,0,0,0,0,1,1,0,0,0
1038,2,2013-08-12,0.7818314824680298,0.6234898018587336,-0.8660254037844384,-0.5000000000000004,-0.655156357209085,-0.7554933140726804,0.0,6069.0,8365.0,5271.571428571428,5217.0,2822.3116918076717,5392.8,6005.0,2789.8719832204874,17290.0,1,0,0,0,0,1,1,0,0,9511
1038,2,2013-08-13,0.9749279121818236,-0.22252093395631434,-0.8660254037844384,-0.5000000000000004,-0.6680638642135333,-0.7441039398713608,9511.0,4829.0,8573.0,5634.428571428572,6071.0,2917.600032969041,5638.433333333333,6070.0,2617.7852403067386,17290.0,1,0,0,0,0,1,1,0,0,7369
1038,2,2013-08-14,0.43388373911755823,-0.900968867902419,-0.8660254037844384,-0.5000000000000004,-0.6807734094770159,-0.7324940716135792,7369.0,6317.0,7989.0,6003.0,6071.0,3170.2232834087044,5612.6,6070.0,2580.1614704884455,17290.0,1,0,0,0,0,1,1,0,0,8897
1038,2,2013-08-15,-0.433883739117558,-0.9009688679024191,-0.8660254037844384,-0.5000000000000004,-0.6932812268869771,-0.7206671495538615,8897.0,5217.0,7139.0,5257.714285714285,6071.0,3912.2020957633613,5385.1,6005.0,2763.920508238626,17290.0,1,0,0,0,0,1,1,0,0,0
1038,2,2013-08-16,-0.9749279121818236,-0.2225209339563146,-0.8660254037844384,-0.5000000000000004,-0.7055836101071774,-0.7086266782644601,0.0,6071.0,7342.0,5671.285714285715,7369.0,4157.816162133102,5473.766666666666,6005.0,2836.202994575102,17290.0,1,0,0,0,0,1,1,0,0,8966
1038,2,2013-08-17,-0.7818314824680299,0.6234898018587334,-0.8660254037844384,-0.5000000000000004,-0.7176769136759615,-0.6963762255968726,8966.0,4956.0,6265.0,5660.285714285715,7369.0,4160.125146927101,5398.8,5857.5,2820.6506635025253,17290.0,0,0,0,0,0,1,1,0,0,4879
1038,2,2013-08-18,-2.4492935982947064e-16,1.0,-0.8660254037844384,-0.5000000000000004,-0.7295575540864876,-0.6839194216246105,4879.0,0.0,0.0,5660.285714285715,7369.0,4160.125146927101,5174.833333333333,5551.5,2974.751894416294,17290.0,0,0,0,0,0,1,1,0,0,0
1038,2,2013-08-19,0.7818314824680298,0.6234898018587336,-0.8660254037844384,-0.5000000000000004,-0.7412220108485957,-0.6712599575675315,0.0,9511.0,6069.0,5083.285714285715,5472.0,3801.6837372531704,5164.766666666666,5400.5,2973.1649418194684,17290.0,0,0,0,0,0,1,1,0,0,5472
1038,2,2013-08-20,0.9749279121818236,-0.22252093395631434,-0.8660254037844384,-0.5000000000000004,-0.7526668275320083,-0.6584015846980489,5472.0,7369.0,4829.0,4766.714285714285,5153.0,3669.5967859464567,5336.533333333334,5400.5,2808.8026254092224,17290.0,0,0,0,0,0,1,1,0,0,5153
1038,2,2013-08-21,0.43388373911755823,-0.900968867902419,-0.8660254037844384,-0.5000000000000004,-0.7638886127905429,-0.64534811322955,5153.0,8897.0,6317.0,4146.857142857143,4879.0,3190.8824499695693,5310.833333333333,5344.5,2812.3988788973343,17290.0,0,0,0,0,0,1,1,0,0,4558
1038,2,2013-08-22,-0.433883739117558,-0.9009688679024191,-0.8660254037844384,-0.5000000000000004,-0.7748840413670406,-0.6321034111873488,4558.0,0.0,5217.0,4838.142857142857,4879.0,2614.953500451548,5319.2,5344.5,2810.5470985385464,17290.0,0,0,0,0,0,1,1,0,0,4839
1038,2,2013-08-23,-0.9749279121818236,-0.2225209339563146,-0.8660254037844384,-0.5000000000000004,-0.7856498550787144,-0.6186714032625032,4839.0,8966.0,6071.0,4413.285714285715,4879.0,2002.3547566374357,5358.733333333334,5706.5,2811.420513858985,17290.0,0,0,0,0,0,1,1,0,0,5992
1038,2,2013-08-24,-0.7818314824680299,0.6234898018587334,-0.8660254037844384,-0.5000000000000004,-0.7961828637826154,-0.6050560696488494,5992.0,4879.0,4956.0,4454.0,5153.0,2016.2517203960404,5369.2,5706.5,2810.0453966145237,17290.0,0,0,0,0,0,1,1,0,0,5164
1038,2,2013-08-25,-2.4492935982947064e-16,1.0,-0.8660254037844384,-0.5000000000000004,-0.8064799463209447,-0.5912614448635782,5164.0,0.0,0.0,4454.0,5153.0,2016.2517203960404,5171.166666666667,5344.5,2972.9767745979525,17290.0,0,0,0,0,0,1,1,0,0,0
1038,2,2013-08-26,0.7818314824680298,0.6234898018587336,-0.8660254037844384,-0.5000000000000004,-0.8165380514459157,-0.5772916165517278,0.0,5472.0,9511.0,5006.0,5153.0,2740.3253456478474,5308.933333333333,5732.0,3068.721905506155,17290.0,1,0,0,0,0,1,1,0,0,9336
1038,2,2013-08-27,0.9749279121818236,-0.22252093395631434,-0.8660254037844384,-0.5000000000000004,-0.8263541987239095,-0.5631507242749187,9336.0,5153.0,7369.0,5280.428571428572,5164.0,2851.4363548419383,5544.733333333334,6030.5,2914.631388929538,17290.0,1,0,0,0,0,1,1,0,0,7074
1038,2,2013-08-28,0.43388373911755823,-0.900968867902419,-0.8660254037844384,-0.5000000000000004,-0.8359254794186365,-0.5488429582847199,7074.0,4558.0,8897.0,5408.571428571428,5455.0,2833.6596982902306,5447.733333333334,5732.0,2865.544937443093,17290.0,1,0,0,0,0,1,1,0,0,5455
1038,2,2013-08-29,-0.433883739117558,-0.9009688679024191,-0.8660254037844384,-0.5000000000000004,-0.8452490573530634,-0.5343725582809785,5455.0,4839.0,0.0,5560.285714285715,5901.0,2826.5030641109456,5358.666666666667,5686.5,2805.9619941552437,17290.0,1,0,0,0,0,1,1,0,0,5901
1038,2,2013-08-30,-0.9749279121818236,-0.2225209339563146,-0.8660254037844384,-0.5000000000000004,-0.8543221697498269,-0.5197438121555157,5901.0,5992.0,8966.0,5701.0,5901.0,2875.66850198929,5324.933333333333,5686.5,2779.2052316337176,17290.0,1,0,0,0,0,1,1,0,0,6977
1038,2,2013-08-31,-0.7818314824680299,0.6234898018587334,-0.8660254037844384,-0.5000000000000004,-0.8631421280499115,-0.5049610547215202,6977.0,5164.0,4879.0,5778.857142857143,5901.0,2866.0681213450716,5277.266666666666,5590.5,2759.2101310205485,17290.0,0,0,0,0,0,1,1,0,0,5709
1038,2,2013-09-01,-2.4492935982947064e-16,1.0,-1.0,-1.8369701987210297e-16,-0.8717063187093218,-0.4900286664290594,5709.0,0.0,0.0,5778.857142857143,5901.0,2866.0681213450716,5032.533333333334,5463.5,2892.1627956914194,17290.0,0,0,0,0,0,1,1,0,0,0
1038,2,2013-09-02,0.7818314824680298,0.6234898018587336,-1.0,-1.8369701987210297e-16,-0.8800122039735356,-0.4749510720670502,0.0,9336.0,5472.0,5246.142857142857,5709.0,2404.019441724727,5010.6,5463.5,2884.9799449491184,17290.0,0,0,0,0,0,1,1,0,0,5607
1038,2,2013-09-03,0.9749279121818236,-0.22252093395631434,-1.0,-1.8369701987210297e-16,-0.888057322629493,-0.4597327394521046,5607.0,7074.0,5153.0,4871.142857142857,5607.0,2272.5117109028215,5158.9,5463.5,2728.645392738005,17290.0,0,0,0,0,0,1,1,0,0,4449
1038,2,2013-09-04,0.43388373911755823,-0.900968867902419,-1.0,-1.8369701987210297e-16,-0.8958392907349089,-0.44437817810461344,4449.0,5455.0,4558.0,4661.285714285715,5607.0,2277.4315001982454,5089.466666666666,5336.0,2731.1892538287934,17290.0,0,0,0,0,0,1,1,0,0,3986
1038,2,2013-09-05,-0.433883739117558,-0.9009688679024191,-1.0,-1.8369701987210297e-16,-0.9033558023246842,-0.4288919379124841,3986.0,5901.0,4839.0,4504.285714285715,4802.0,2214.7434549916984,5088.566666666667,5336.0,2731.282491271533,17290.0,0,0,0,0,0,1,1,0,0,4802
1038,2,2013-09-06,-0.9749279121818236,-0.2225209339563146,-1.0,-1.8369701987210297e-16,-0.9106046300942162,-0.41327860778290443,4802.0,6977.0,5992.0,4267.142857142857,4802.0,1982.5515065668455,5055.233333333334,5267.0,2721.8592616499996,17290.0,0,0,0,0,0,1,1,0,0,5317
1038,2,2013-09-07,-0.7818314824680299,0.6234898018587334,-1.0,-1.8369701987210297e-16,-0.9175836260593934,-0.3975428142825566,5317.0,5709.0,5164.0,4156.142857142857,4802.0,1908.7473578738673,5045.733333333334,5240.5,2721.7725453288235,17290.0,0,0,0,0,0,1,1,0,0,4932
1038,2,2013-09-08,-2.4492935982947064e-16,1.0,-1.0,-1.8369701987210297e-16,-0.9242907221930934,-0.3816892202666586,4932.0,0.0,0.0,4156.142857142857,4802.0,1908.7473578738673,4843.366666666667,5158.5,2864.84646616754,17290.0,0,0,0,0,0,1,1,0,0,0
1038,2,2013-09-09,0.7818314824680298,0.6234898018587336,-1.0,-1.8369701987210297e-16,-0.9307239310379793,-0.3657225234972692,0.0,5607.0,9336.0,4726.0,4802.0,2801.0057122398007,4998.033333333334,5240.5,2993.4998370991507,17290.0,1,0,0,0,0,1,1,0,0,9596
1038,2,2013-09-10,0.9749279121818236,-0.22252093395631434,-1.0,-1.8369701987210297e-16,-0.9368813462954315,-0.34964745525122826,9596.0,4449.0,7074.0,5115.142857142857,4932.0,2941.7923351006843,5237.133333333333,5386.0,2864.19800092552,17290.0,1,0,0,0,0,1,1,0,0,7173
1038,2,2013-09-11,0.43388373911755823,-0.900968867902419,-1.0,-1.8369701987210297e-16,-0.9427611433904206,-0.33346877891818705,7173.0,3986.0,5455.0,5377.571428571428,5317.0,2905.9958050636637,5114.2,5386.0,2751.3582902594326,17290.0,1,0,0,0,0,1,1,0,0,5823
1038,2,2013-09-12,-0.433883739117558,-0.9009688679024191,-1.0,-1.8369701987210297e-16,-0.9483615800121716,-0.31719128858910595,5823.0,4802.0,5901.0,5670.571428571428,5823.0,2941.4716757173796,5097.0,5386.0,2738.358607280822,17290.0,1,0,0,0,0,1,1,0,0,6853
1038,2,2013-09-13,-0.9749279121818236,-0.2225209339563146,-1.0,-1.8369701987210297e-16,-0.9536809966304455,-0.300819807635668,6853.0,5317.0,6977.0,5876.857142857143,6761.0,2963.09744628665,5025.8,5386.0,2662.87659340874,17290.0,1,0,0,0,0,1,1,0,0,6761
1038,2,2013-09-14,-0.7818314824680299,0.6234898018587334,-1.0,-1.8369701987210297e-16,-0.9587178169872964,-0.2843591872810036,6761.0,4932.0,5709.0,5840.285714285715,6761.0,2978.24387373307,5181.666666666667,5386.0,2489.781202592229,17290.0,0,0,0,0,0,1,1,0,0,4676
1038,2,2013-09-15,-2.4492935982947064e-16,1.0,-1.0,-1.8369701987210297e-16,-0.9634705485641486,-0.26781430516217486,4676.0,0.0,0.0,5840.285714285715,6761.0,2978.24387373307,4882.8,5240.5,2557.0737235336424,17290.0,0,0,0,0,0,1,1,0,0,0
1038,2,2013-09-16,0.7818314824680298,0.6234898018587336,-1.0,-1.8369701987210297e-16,-0.9679377830240642,-0.25119006388481957,0.0,9596.0,5607.0,5163.714285714285,5823.0,2478.9429006659066,4882.166666666667,5240.5,2557.077050115988,17290.0,0,0,0,0,0,1,1,0,0,4860
1038,2,2013-09-17,0.9749279121818236,-0.22252093395631434,-1.0,-1.8369701987210297e-16,-0.9721181966290612,-0.23449138957041052,4860.0,7173.0,4449.0,4827.428571428572,4860.0,2315.2008449335335,5042.8,5240.5,2385.4081903277597,17290.0,0,0,0,0,0,1,1,0,0,4819
1038,2,2013-09-18,0.43388373911755823,-0.900968867902419,-1.0,-1.8369701987210297e-16,-0.9760105506323682,-0.21772323039653224,4819.0,5823.0,3986.0,4502.285714285715,4819.0,2311.8981893879395,4978.633333333333,5158.5,2399.3151247420774,17290.0,0,0,0,0,0,1,1,0,0,3547
1038,2,2013-09-19,-0.433883739117558,-0.9009688679024191,-1.0,-1.8369701987210297e-16,-0.9796136916454901,-0.20089055513063528,3547.0,6853.0,4802.0,4219.857142857143,4819.0,2086.6513387539867,4969.4,5048.0,2399.1539543246745,17290.0,0,0,0,0,0,1,1,0,0,4876
1038,2,2013-09-20,-0.9749279121818236,-0.2225209339563146,-1.0,-1.8369701987210297e-16,-0.9829265519799822,-0.18399835165767986,4876.0,6761.0,5317.0,4065.0,4819.0,1898.362276630393,5006.7,5240.5,2401.2350292125175,17290.0,0,0,0,0,0,1,1,0,0,5677
1038,2,2013-09-21,-0.7818314824680299,0.6234898018587334,-1.0,-1.8369701987210297e-16,-0.9859481499638303,-0.1670516255021195,5677.0,4676.0,4932.0,4196.571428571428,4860.0,1978.0125426921877,5031.966666666666,5386.0,2403.3965833340126,17290.0,0,0,0,0,0,1,1,0,0,5597
1038,2,2013-09-22,-2.4492935982947064e-16,1.0,-1.0,-1.8369701987210297e-16,-0.9886775902323404,-0.15005539834465262,5597.0,0.0,0.0,4196.571428571428,4860.0,1978.0125426921877,4832.233333333334,5240.5,2564.447654225831,17290.0,0,0,0,0,0,1,1,0,0,0
1038,2,2013-09-23,0.7818314824680298,0.6234898018587336,-1.0,-1.8369701987210297e-16,-0.9911140639934546,-0.13301470653419636,0.0,4860.0,9596.0,4592.428571428572,4876.0,2371.1264451833044,4914.466666666666,5386.0,2614.5185979163684,17290.0,1,0,0,0,0,1,1,0,0,7631
1038,2,2013-09-24,0.9749279121818236,-0.22252093395631434,-1.0,-1.8369701987210297e-16,-0.9932568492674143,-0.11593459959550066,7631.0,4819.0,7173.0,4811.428571428572,5597.0,2464.4970316572944,5126.2,5526.0,2455.1501590428784,17290.0,1,0,0,0,0,1,1,0,0,6352
1038,2,2013-09-25,0.43388373911755823,-0.900968867902419,-1.0,-1.8369701987210297e-16,-0.9951053111006974,-0.09882013873287211,6352.0,3547.0,5823.0,5029.142857142857,5597.0,2400.669172583026,4984.033333333334,5386.0,2322.895020166138,17290.0,1,0,0,0,0,1,1,0,0,5071
1038,2,2013-09-26,-0.433883739117558,-0.9009688679024191,-1.0,-1.8369701987210297e-16,-0.99665890175417,-0.08167639533042288,5071.0,4876.0,6853.0,5197.142857142857,5677.0,2429.1456267977164,4949.966666666666,5386.0,2298.5540654842166,17290.0,1,0,0,0,0,1,1,0,0,6052
1038,2,2013-09-27,-0.9749279121818236,-0.2225209339563146,-1.0,-1.8369701987210297e-16,-0.9979171608653922,-0.06450844944931625,6052.0,5677.0,6761.0,5323.571428571428,6052.0,2480.7651277474083,4986.866666666667,5457.0,2315.7624607702405,17290.0,1,0,0,0,0,1,1,0,0,6562
1038,2,2013-09-28,-0.7818314824680299,0.6234898018587334,-1.0,-1.8369701987210297e-16,-0.9988797155850335,-0.04732138832243232,6562.0,5597.0,4676.0,5411.857142857143,6215.0,2503.01467758191,4997.333333333333,5457.0,2320.74083494657,17290.0,0,0,0,0,0,1,1,0,0,6215
1038,2,2013-09-29,-2.4492935982947064e-16,1.0,-1.0,-1.8369701987210297e-16,-0.9995462806873573,-0.03012030484690836,6215.0,0.0,0.0,5411.857142857143,6215.0,2503.01467758191,4764.766666666666,5194.0,2460.87274514878,17290.0,0,0,0,0,0,1,1,0,0,0
1038,2,2013-09-30,0.7818314824680298,0.6234898018587336,-1.0,-1.8369701987210297e-16,-0.9999166586547379,-0.012910296075008843,0.0,7631.0,4860.0,5086.285714285715,6052.0,2306.783670993425,4752.866666666667,5194.0,2457.0094204040042,17290.0,0,0,0,0,0,1,1,0,0,5352
1038,2,2013-10-01,0.9749279121818236,-0.22252093395631434,-0.8660254037844386,0.5000000000000001,-0.9999907397361901,0.004303538296243821,5352.0,6352.0,4819.0,4890.714285714285,5352.0,2238.615771281121,4918.966666666666,5194.0,2287.1870011350006,17290.0,0,0,0,0,0,1,1,0,0,4983
1038,2,2013-10-02,0.43388373911755823,-0.900968867902419,-0.8660254037844386,0.5000000000000001,-0.9997685019798909,0.021516097436222233,4983.0,5071.0,3547.0,5072.0,6052.0,2306.0166955163177,4943.4,5194.0,2298.676854792474,17290.0,0,0,0,0,0,1,1,0,0,6340
1038,2,2013-10-03,-0.433883739117558,-0.9009688679024191,-0.8660254037844386,0.5000000000000001,-0.9992500112396835,0.03872228089217399,6340.0,6052.0,4876.0,4207.428571428572,5352.0,2927.9878106043434,4795.1,5194.0,2468.885890716562,17290.0,0,0,0,0,0,1,1,0,0,0
1038,2,2013-10-04,-0.9749279121818236,-0.2225209339563146,-0.8660254037844386,0.5000000000000001,-0.9984354211555643,0.05591699010060302,0.0,6562.0,5677.0,4315.142857142857,5352.0,3040.7419285744186,4906.1,5334.5,2505.8358967377153,17290.0,0,0,0,0,0,1,1,0,0,7316
1038,2,2013-10-05,-0.7818314824680299,0.6234898018587334,-0.8660254037844386,0.5000000000000001,-0.9973249731081555,0.07309512989807776,7316.0,6215.0,5597.0,4152.714285714285,5078.0,2951.397449474046,4915.3,5334.5,2505.947176563013,17290.0,0,0,0,0,0,1,1,0,0,5078
1038,2,2013-10-06,-2.4492935982947064e-16,1.0,-0.8660254037844386,0.5000000000000001,-0.9959189961471792,0.0902516100310407,5078.0,0.0,0.0,4152.714285714285,5078.0,2951.397449474046,4738.066666666667,5215.0,2659.853689693234,17290.0,0,0,0,0,0,1,1,0,0,0
1038,2,2013-10-07,0.7818314824680298,0.6234898018587336,-0.8660254037844386,0.5000000000000001,-0.994217906893952,0.10738134666416306,0.0,5352.0,7631.0,4602.857142857143,5078.0,3374.72914609807,4857.1,5474.5,2747.298815702183,17290.0,1,0,0,0,0,1,1,0,0,8503
1038,2,2013-10-08,0.9749279121818236,-0.22252093395631434,-0.8660254037844386,0.5000000000000001,-0.9922222094179324,0.12447926388678869,8503.0,4983.0,6352.0,4773.285714285715,6176.0,3426.8481492612473,5062.966666666666,5637.0,2598.13273111782,17290.0,1,0,0,0,0,1,1,0,0,6176
1038,2,2013-10-09,0.43388373911755823,-0.900968867902419,-0.8660254037844386,0.5000000000000001,-0.989932495087353,0.141540295217043,6176.0,6340.0,5071.0,4707.0,5876.0,3395.8395623664746,4938.966666666666,5637.0,2459.3934559692484,17290.0,1,0,0,0,0,1,1,0,0,5876
1038,2,2013-10-10,-0.433883739117558,-0.9009688679024191,-0.8660254037844386,0.5000000000000001,-0.9873494423939864,0.15855938510313475,5876.0,0.0,6052.0,5653.142857142857,6176.0,2721.496550832,4920.633333333333,5637.0,2444.1686335429886,17290.0,1,0,0,0,0,1,1,0,0,6623
1038,2,2013-10-11,-0.9749279121818236,-0.2225209339563146,-0.8660254037844386,0.5000000000000001,-0.9844738167520923,0.17553149042142777,6623.0,7316.0,6562.0,5702.142857142857,6176.0,2759.251796445999,4981.833333333333,5637.0,2490.096744877711,17290.0,1,0,0,0,0,1,1,0,0,7659
1038,2,2013-10-12,-0.7818314824680299,0.6234898018587334,-0.8660254037844386,0.5000000000000001,-0.9813064702716093,0.19245158197082995,7659.0,5078.0,6215.0,5776.0,6176.0,2746.6514158152645,4939.9,5596.0,2467.993941058901,17290.0,0,0,0,0,0,1,1,0,0,5595
1038,2,2013-10-13,-2.4492935982947064e-16,1.0,-0.8660254037844386,0.5000000000000001,-0.9778483415056568,0.20931464596304888,5595.0,0.0,0.0,5776.0,6176.0,2746.6514158152645,4714.533333333334,5473.5,2601.0696172965054,17290.0,0,0,0,0,0,1,1,0,0,0
1038,2,2013-10-14,0.7818314824680298,0.6234898018587336,-0.8660254037844386,0.5000000000000001,-0.9741004551724206,0.22611568550828803,0.0,8503.0,5352.0,5206.714285714285,5876.0,2488.0378958988085,4709.266666666666,5473.5,2601.3102790355656,17290.0,0,0,0,0,0,1,1,0,0,4518
1038,2,2013-10-15,0.9749279121818236,-0.22252093395631434,-0.8660254037844386,0.5000000000000001,-0.970063921851507,0.2428497220959358,4518.0,6176.0,4983.0,4938.0,5595.0,2467.3957931389923,4852.433333333333,5473.5,2446.793562354946,17290.0,0,0,0,0,0,1,1,0,0,4295
1038,2,2013-10-16,0.43388373911755823,-0.900968867902419,-0.8660254037844386,0.5000000000000001,-0.965739937654855,0.25951179706979943,4295.0,5876.0,6340.0,4681.714285714285,4518.0,2446.8131459979877,4826.5,5473.5,2450.8302428586,17290.0,0,0,0,0,0,1,1,0,0,4082
1038,2,2013-10-17,-0.433883739117558,-0.9009688679024191,-0.8660254037844386,0.5000000000000001,-0.9611297838723007,0.27609697309746883,4082.0,6623.0,0.0,4260.285714285715,4295.0,2306.7678480423433,4788.3,5473.5,2459.865613794996,17290.0,0,0,0,0,0,1,1,0,0,3673
1038,2,2013-10-18,-0.9749279121818236,-0.2225209339563146,-0.8660254037844386,0.5000000000000001,-0.9562348265919058,0.2926003356333479,3673.0,7659.0,7316.0,3765.285714285714,4194.0,1763.7567589556966,4809.866666666667,5473.5,2451.429136074588,17290.0,0,0,0,0,0,1,1,0,0,4194
1038,2,2013-10-19,-0.7818314824680299,0.6234898018587334,-0.8660254037844386,0.5000000000000001,-0.9510565162951536,0.30901699437494723,4194.0,5595.0,5078.0,3665.1428571428573,4194.0,1659.365785329988,4810.466666666666,5473.5,2451.4480834288793,17290.0,0,0,0,0,0,1,1,0,0,4894
1038,2,2013-10-20,-2.4492935982947064e-16,1.0,-0.8660254037844386,0.5000000000000001,-0.9455963874271428,0.3253420847119795,4894.0,0.0,0.0,3665.1428571428573,4194.0,1659.365785329988,4621.233333333334,5215.0,2597.0391985587307,17290.0,0,0,0,0,0,1,1,0,0,0
1038,2,2013-10-21,0.7818314824680298,0.6234898018587336,-0.8660254037844386,0.5000000000000001,-0.9398560579418953,0.341570769167856,0.0,4518.0,8503.0,4126.714285714285,4194.0,2272.302629073697,4692.966666666666,5215.0,2654.015818409494,17290.0,1,0,0,0,0,1,1,0,0,7749
1038,2,2013-10-22,0.9749279121818236,-0.22252093395631434,-0.8660254037844386,0.5000000000000001,-0.9338372288229252,0.35769823883312546,7749.0,4295.0,6176.0,4258.571428571428,4194.0,2310.1600130108486,4866.9,5285.0,2502.5114192443307,17290.0,1,0,0,0,0,1,1,0,0,5218
1038,2,2013-10-23,0.43388373911755823,-0.900968867902419,-0.8660254037844386,0.5000000000000001,-0.9275416835791965,0.3737197147904692,5218.0,4082.0,5876.0,4398.571428571428,4894.0,2327.3073036696906,4781.266666666666,5148.0,2448.0263821732174,17290.0,1,0,0,0,0,1,1,0,0,5062
1038,2,2013-10-24,-0.433883739117558,-0.9009688679024191,-0.8660254037844386,0.5000000000000001,-0.9209712877166346,0.38963044953078774,5062.0,3673.0,6623.0,4598.571428571428,5062.0,2314.683409391938,4738.633333333333,5075.5,2430.804740925471,17290.0,1,0,0,0,0,1,1,0,0,5073
1038,2,2013-10-25,-0.9749279121818236,-0.2225209339563146,-0.8660254037844386,0.5000000000000001,-0.9141279881853337,0.4054257283599973,5073.0,4194.0,7659.0,4807.142857142857,5073.0,2337.8156776908527,4758.066666666667,5148.0,2435.8786410704015,17290.0,1,0,0,0,0,1,1,0,0,5654
1038,2,2013-10-26,-0.7818314824680299,0.6234898018587334,-0.8660254037844386,0.5000000000000001,-0.9070138128026362,0.42110087079608916,5654.0,4894.0,5595.0,4813.0,5073.0,2338.1208979292182,4720.833333333333,5075.5,2423.9259275602562,17290.0,0,0,0,0,0,1,1,0,0,4935
1038,2,2013-10-27,-2.4492935982947064e-16,1.0,-0.8660254037844386,0.5000000000000001,-0.8996308696522434,0.4366512319560638,4935.0,0.0,0.0,4813.0,5073.0,2338.1208979292182,4502.1,5067.5,2545.097618207776,17290.0,0,0,0,0,0,1,1,0,0,0
1038,2,2013-10-28,0.7818314824680298,0.6234898018587336,-0.8660254037844386,0.5000000000000001,-0.8919813464595487,0.45207220393230374,0.0,7749.0,4518.0,4246.714285714285,5062.0,1957.5830092476888,4421.1,5022.5,2527.3095323710927,17290.0,0,0,0,0,0,1,1,0,0,3785
1038,2,2013-10-29,0.9749279121818236,-0.22252093395631434,-0.8660254037844386,0.5000000000000001,-0.8840675099433637,0.46735921715800205,3785.0,5218.0,4295.0,4073.1428571428573,4935.0,1910.4056662195617,4554.533333333334,5022.5,2387.6554613886083,17290.0,0,0,0,0,0,1,1,0,0,4003
1038,2,2013-10-30,0.43388373911755823,-0.900968867902419,-0.8660254037844386,0.5000000000000001,-0.8758917051442433,0.48250774176121763,4003.0,5062.0,4082.0,4031.714285714286,4772.0,1888.4052985068033,4535.2,4959.0,2383.319799977652,17290.0,0,0,0,0,0,1,1,0,0,4772
1038,2,2013-10-31,-0.433883739117558,-0.9009688679024191,-0.8660254037844386,0.5000000000000001,-0.867456354729597,0.4975132889071803,4772.0,5073.0,3673.0,4172.714285714285,4772.0,2011.9206175762922,4571.1,4998.5,2398.361586583641,17290.0,0,0,0,0,0,1,1,0,0,6060
1038,2,2013-11-01,-0.9749279121818236,-0.2225209339563146,-0.5000000000000004,0.8660254037844384,-0.858763958275803,0.5123714121284235,6060.0,5654.0,4194.0,3365.0,4003.0,2413.070934169431,4359.766666666666,4914.5,2513.6736776024177,17290.0,0,0,0,0,0,1,1,0,0,0
1038,2,2013-11-02,-0.7818314824680299,0.6234898018587334,-0.5000000000000004,0.8660254037844384,-0.8498170915275277,0.5270777086423724,0.0,4935.0,4894.0,3678.0,4003.0,2766.8244734111095,4597.3,4998.5,2422.523081275046,17290.0,0,0,0,0,0,1,1,0,0,7126
1038,2,2013-11-03,-2.4492935982947064e-16,1.0,-0.5000000000000004,0.8660254037844384,-0.8406184056344783,0.5416278206559811,7126.0,0.0,0.0,3678.0,4003.0,2766.8244734111095,4353.433333333333,4914.5,2506.1966882569063,17290.0,0,0,0,0,0,1,1,0,0,0
1038,2,2013-11-04,0.7818314824680298,0.6234898018587336,-0.5000000000000004,0.8660254037844384,-0.8311706263658079,0.5560174366570446,0.0,3785.0,7749.0,4337.571428571428,4772.0,3296.245129291957,4464.233333333334,4914.5,2610.6362638825904,17290.0,1,0,0,0,0,1,1,0,0,8402
1038,2,2013-11-05,0.9749279121818236,-0.22252093395631434,-0.5000000000000004,0.8660254037844384,-0.8214765533024145,0.5702422926917867,8402.0,4003.0,5218.0,4715.714285714285,6060.0,3401.613230722824,4685.9,4998.5,2498.422555437178,17290.0,1,0,0,0,0,1,1,0,0,6650
1038,2,2013-11-06,0.43388373911755823,-0.900968867902419,-0.5000000000000004,0.8660254037844384,-0.8115390590073611,0.5842981736283683,6650.0,4772.0,5062.0,4844.571428571428,6060.0,3421.129192588458,4591.6,4998.5,2400.866633760286,17290.0,1,0,0,0,0,1,1,0,0,5674
1038,2,2013-11-07,-0.433883739117558,-0.9009688679024191,-0.5000000000000004,0.8660254037844384,-0.8013610881746769,0.5981809144059159,5674.0,6060.0,5073.0,4842.428571428572,6045.0,3420.2455982547444,4587.233333333334,4998.5,2398.003000822564,17290.0,1,0,0,0,0,1,1,0,0,6045
1038,2,2013-11-08,-0.9749279121818236,-0.2225209339563146,-0.5000000000000004,0.8660254037844384,-0.7909456567567774,0.6118864012687242,6045.0,0.0,5654.0,5789.857142857143,6632.0,2697.4860165576038,4612.433333333333,4998.5,2415.9187112856735,17290.0,1,0,0,0,0,1,1,0,0,6632
1038,2,2013-11-09,-0.7818314824680299,0.6234898018587334,-0.5000000000000004,0.8660254037844384,-0.780295851070776,0.6254105729852457,6632.0,7126.0,4935.0,5555.0,6045.0,2632.551930478612,4574.4,4998.5,2392.0385563724535,17290.0,0,0,0,0,0,1,1,0,0,5482
1038,2,2013-11-10,-2.4492935982947064e-16,1.0,-0.5000000000000004,0.8660254037844384,-0.7694148268839381,0.6387494220515268,5482.0,0.0,0.0,5555.0,6045.0,2632.551930478612,4319.1,4914.5,2459.2446324164184,17290.0,0,0,0,0,0,1,1,0,0,0
1038,2,2013-11-11,0.7818314824680298,0.6234898018587336,-0.5000000000000004,0.8660254037844384,-0.7583058084785625,0.6518989958787125,0.0,8402.0,3785.0,5036.428571428572,5674.0,2316.8672712050106,4291.666666666667,4833.0,2449.090335464245,17290.0,0,0,0,0,0,1,1,0,0,4772
1038,2,2013-11-12,0.9749279121818236,-0.22252093395631434,-0.5000000000000004,0.8660254037844384,-0.7469720876965551,0.6648553979642867,4772.0,6650.0,4003.0,4643.142857142857,5482.0,2229.3202572810865,4421.566666666667,4833.0,2313.1885693715644,17290.0,0,0,0,0,0,1,1,0,0,3897
1038,2,2013-11-13,0.43388373911755823,-0.900968867902419,-0.5000000000000004,0.8660254037844384,-0.7354170229639858,0.6776147890466887,3897.0,5674.0,4772.0,4390.428571428572,4772.0,2192.956517059626,4401.133333333333,4833.0,2315.0140795480593,17290.0,0,0,0,0,0,1,1,0,0,3905
1038,2,2013-11-14,-0.433883739117558,-0.9009688679024191,-0.5000000000000004,0.8660254037844384,-0.7236440382959123,0.690173388242972,3905.0,6045.0,6060.0,4141.857142857143,4305.0,2069.280344191464,4401.466666666666,4833.0,2314.998990590878,17290.0,0,0,0,0,0,1,1,0,0,4305
1038,2,2013-11-15,-0.9749279121818236,-0.2225209339563146,-0.5000000000000004,0.8660254037844384,-0.7116566222817751,0.7025274741691566,4305.0,6632.0,0.0,3968.714285714286,4305.0,1867.017024943418,4446.066666666667,4914.5,2321.511590401353,17290.0,0,0,0,0,0,1,1,0,0,5420
1038,2,2013-11-16,-0.7818314824680299,0.6234898018587334,-0.5000000000000004,0.8660254037844384,-0.6994583270516471,0.7146733860429608,5420.0,5482.0,7126.0,3926.285714285714,4305.0,1829.9012463596418,4496.466666666666,4998.5,2320.5621455294768,17290.0,0,0,0,0,0,1,1,0,0,5185
1038,2,2013-11-17,-2.4492935982947064e-16,1.0,-0.5000000000000004,0.8660254037844384,-0.6870527672236675,0.726607524768565,5185.0,0.0,0.0,3926.285714285714,4305.0,1829.901246359642,4356.666666666667,4998.5,2461.466178342989,17290.0,0,0,0,0,0,1,1,0,0,0
1038,2,2013-11-18,0.7818314824680298,0.6234898018587336,-0.5000000000000004,0.8660254037844384,-0.6744436188329457,0.7383263540031063,0.0,4772.0,8402.0,4387.714285714285,4305.0,2397.812594448373,4460.266666666666,5067.5,2548.721084743502,17290.0,1,0,0,0,0,1,1,0,0,8002
1038,2,2013-11-19,0.9749279121818236,-0.22252093395631434,-0.5000000000000004,0.8660254037844384,-0.661634618242279,0.749826401204568,8002.0,3897.0,6650.0,4670.285714285715,5185.0,2446.4029181831916,4656.1,5129.0,2416.469116222091,17290.0,1,0,0,0,0,1,1,0,0,5875
1038,2,2013-11-20,0.43388373911755823,-0.900968867902419,-0.5000000000000004,0.8660254037844384,-0.6486295610349818,0.7611042586607742,5875.0,3905.0,5674.0,4841.714285714285,5185.0,2425.7962070411513,4567.966666666666,5089.0,2346.9923744544053,17290.0,1,0,0,0,0,1,1,0,0,5105
1038,2,2013-11-21,-0.433883739117558,-0.9009688679024191,-0.5000000000000004,0.8660254037844384,-0.6354323008901775,0.7721565844991641,5105.0,4305.0,6045.0,5015.714285714285,5420.0,2424.564546077344,4578.133333333333,5089.0,2350.5631567824316,17290.0,1,0,0,0,0,1,1,0,0,5523
1038,2,2013-11-22,-0.9749279121818236,-0.2225209339563146,-0.5000000000000004,0.8660254037844384,-0.622046748440868,0.7829801036770625,5523.0,5420.0,6632.0,5113.571428571428,5523.0,2457.2051777811075,4612.9,5145.0,2365.6318008602652,17290.0,1,0,0,0,0,1,1,0,0,6105
1038,2,2013-11-23,-0.7818314824680299,0.6234898018587334,-0.5000000000000004,0.8660254037844384,-0.6084768701151264,0.7935716089521472,6105.0,5185.0,5482.0,5089.714285714285,5523.0,2457.206795956587,4611.066666666667,5145.0,2365.284220485598,17290.0,0,0,0,0,0,1,1,0,0,5018
1038,2,2013-11-24,-2.4492935982947064e-16,1.0,-0.5000000000000004,0.8660254037844384,-0.594726686960764,0.8039279618328208,5018.0,0.0,0.0,5089.714285714285,5523.0,2457.206795956587,4422.6,5061.5,2500.6974833930385,17290.0,0,0,0,0,0,1,1,0,0,0
1038,2,2013-11-25,0.7818314824680298,0.6234898018587336,-0.5000000000000004,0.8660254037844384,-0.5808002734538014,0.8140460935082175,0.0,8002.0,4772.0,4492.571428571428,5105.0,2115.6884503743977,4385.5,5061.5,2501.08957980455,17290.0,0,0,0,0,0,1,1,0,0,3822
1038,2,2013-11-26,0.9749279121818236,-0.22252093395631434,-0.5000000000000004,0.8660254037844384,-0.5667017562911184,0.8239230057575536,3822.0,5875.0,3897.0,4272.428571428572,5018.0,2026.1466594781057,4529.966666666666,5061.5,2360.245070316645,17290.0,0,0,0,0,0,1,1,0,0,4334
1038,2,2013-11-27,0.43388373911755823,-0.900968867902419,-0.5000000000000004,0.8660254037844384,-0.5524353131676203,0.8335557718385695,4334.0,5105.0,3905.0,4185.714285714285,4498.0,1997.3604844298652,4553.733333333334,5061.5,2356.0710125316587,17290.0,0,0,0,0,0,1,1,0,0,4498
1038,2,2013-11-28,-0.433883739117558,-0.9009688679024191,-0.5000000000000004,0.8660254037844384,-0.5380051715382992,0.8429415373547832,4498.0,5523.0,4305.0,4109.428571428572,4498.0,1947.3439909393567,4586.6,5061.5,2355.000484662078,17290.0,0,0,0,0,0,1,1,0,0,4989
1038,2,2013-11-29,-0.9749279121818236,-0.2225209339563146,-0.5000000000000004,0.8660254037844384,-0.5234156073655503,0.8520775211013093,4989.0,6105.0,5420.0,4142.714285714285,4498.0,1988.691421872326,4638.8,5145.0,2376.509137949741,17290.0,0,0,0,0,0,1,1,0,0,6338
1038,2,2013-11-30,-0.7818314824680299,0.6234898018587334,-0.5000000000000004,0.8660254037844384,-0.5086709438521042,0.8609610158889945,6338.0,5018.0,5185.0,4446.857142857143,4498.0,2285.5141236762925,4675.033333333334,5145.0,2407.015228284899,17290.0,0,0,0,0,0,1,1,0,0,7147
1038,2,2013-12-01,-2.4492935982947064e-16,1.0,-2.4492935982947064e-16,1.0,-0.4937755501599774,0.8695893893466109,7147.0,0.0,0.0,4446.857142857143,4498.0,2285.5141236762925,4675.033333333334,5145.0,2407.015228284899,17290.0,0,0,0,0,0,1,1,0,0,0
1038,2,2013-12-02,0.7818314824680298,0.6234898018587336,-2.4492935982947064e-16,1.0,-0.4787338401157883,0.8779600847008883,0.0,3822.0,8002.0,5169.0,4989.0,2796.6270160081535,4733.4,5145.0,2488.3524060212467,17290.0,1,0,0,0,0,1,1,0,0,8877
1038,2,2013-12-03,0.9749279121818236,-0.22252093395631434,-2.4492935982947064e-16,1.0,-0.4635502709028512,0.8860706215341377,8877.0,4334.0,5875.0,5476.857142857143,6338.0,2807.9790733177624,4949.7,5302.5,2340.3397800761536,17290.0,1,0,0,0,0,1,1,0,0,6489
1038,2,2013-12-04,0.43388373911755823,-0.900968867902419,-2.4492935982947064e-16,1.0,-0.4482293417404106,0.893918596519257,6489.0,4498.0,5105.0,5757.285714285715,6461.0,2791.9041718443536,4885.0,5302.5,2267.2981642292316,17290.0,1,0,0,0,0,1,1,0,0,6461
1038,2,2013-12-05,-0.433883739117558,-0.9009688679024191,-2.4492935982947064e-16,1.0,-0.4327755925504317,0.9015016841318838,6461.0,4989.0,5523.0,6120.571428571428,6489.0,2840.3017948299594,4914.4,5302.5,2296.5043991188904,17290.0,1,0,0,0,0,1,1,0,0,7532
1038,2,2013-12-06,-0.9749279121818236,-0.2225209339563146,-2.4492935982947064e-16,1.0,-0.41719360261231697,0.9088176373395028,7532.0,6338.0,6105.0,6091.714285714285,6489.0,2838.750295129045,4929.8,5302.5,2303.312762687391,17290.0,1,0,0,0,0,1,1,0,0,6136
1038,2,2013-12-07,-0.7818314824680299,0.6234898018587334,-2.4492935982947064e-16,1.0,-0.4014879892059737,0.9158642882672868,6136.0,7147.0,5018.0,5951.0,6461.0,2801.8960247185005,4933.7,5302.5,2305.364286420576,17290.0,0,0,0,0,0,1,1,0,0,6162
1038,2,2013-12-08,-2.4492935982947064e-16,1.0,-2.4492935982947064e-16,1.0,-0.38566340624360745,0.9226395488404875,6162.0,0.0,0.0,5951.0,6461.0,2801.8960247185005,4712.633333333333,5145.0,2450.3165802969547,17290.0,0,0,0,0,0,1,1,0,0,0
1038,2,2013-12-09,0.7818314824680298,0.6234898018587336,-2.4492935982947064e-16,1.0,-0.3697245428906732,0.9291414114031743,0.0,8877.0,3822.0,5547.571428571428,6162.0,2497.1107876332376,4731.666666666667,5145.0,2458.702199483933,17290.0,0,0,0,0,0,1,1,0,0,6053
1038,2,2013-12-10,0.9749279121818236,-0.22252093395631434,-2.4492935982947064e-16,1.0,-0.3536761221763721,0.935367949313148,6053.0,6489.0,4334.0,5283.285714285715,6136.0,2478.69789165506,4886.3,5145.0,2291.0158287506897,17290.0,0,0,0,0,0,1,1,0,0,4639
1038,2,2013-12-11,0.43388373911755823,-0.900968867902419,-2.4492935982947064e-16,1.0,-0.33752289959411347,0.941317317512847,4639.0,6461.0,4498.0,5046.142857142857,6053.0,2426.093940787086,4887.266666666666,5145.0,2290.972055901063,17290.0,0,0,0,0,0,1,1,0,0,4801
1038,2,2013-12-12,-0.433883739117558,-0.9009688679024191,-2.4492935982947064e-16,1.0,-0.32126966169236515,0.946987753076075,4801.0,7532.0,4989.0,4862.714285714285,6053.0,2248.890223664828,4965.633333333333,5302.5,2296.1344049831073,17290.0,0,0,0,0,0,1,1,0,0,6248
1038,2,2013-12-13,-0.9749279121818236,-0.2225209339563146,-2.4492935982947064e-16,1.0,-0.3049212246562894,0.9523775757303973,6248.0,6136.0,6338.0,4884.714285714285,6053.0,2264.1239449498435,5045.133333333333,5471.5,2299.4314099784333,17290.0,0,0,0,0,0,1,1,0,0,6290
1038,2,2013-12-14,-0.7818314824680299,0.6234898018587334,-2.4492935982947064e-16,1.0,-0.2884824328806098,0.9574851883550389,6290.0,6162.0,7147.0,4973.571428571428,6053.0,2333.741692157529,5127.766666666666,5699.0,2316.397108521727,17290.0,0,0,0,0,0,1,1,0,0,6784
1038,2,2013-12-15,-2.4492935982947064e-16,1.0,-2.4492935982947064e-16,1.0,-0.27195815753410524,0.9623090774541487,6784.0,0.0,0.0,4973.571428571428,6053.0,2333.741692157529,4947.1,5699.0,2497.1331748834405,17290.0,0,0,0,0,0,1,1,0,0,0
1038,2,2013-12-16,0.7818314824680298,0.6234898018587336,-2.4492935982947064e-16,1.0,-0.2553532951161881,0.9668478136052773,0.0,6053.0,8877.0,6018.142857142857,6248.0,3964.2381121123144,5219.766666666666,5964.0,2932.626099629799,17290.0,1,0,0,0,0,1,1,0,0,13365
1038,2,2013-12-17,0.9749279121818236,-0.22252093395631434,-2.4492935982947064e-16,1.0,-0.23867276600594997,0.9711000518829505,13365.0,4639.0,6489.0,6760.0,6290.0,4144.918776847944,5547.5,6079.0,2878.056321487676,17290.0,1,0,0,0,0,1,1,0,0,9832
1038,2,2013-12-18,0.43388373911755823,-0.900968867902419,-2.4492935982947064e-16,1.0,-0.22192151300416674,0.9750645322571945,9832.0,4801.0,6461.0,7408.0,6784.0,4142.18199342649,5592.0,6079.0,2927.2169317488656,17290.0,1,0,0,0,0,1,1,0,0,9337
1038,2,2013-12-19,-0.433883739117558,-0.9009688679024191,-2.4492935982947064e-16,1.0,-0.20510449986861926,0.9787400799669153,9337.0,6248.0,7532.0,7941.857142857143,9337.0,4208.054476381035,5729.0,6120.5,3035.108701115367,17290.0,1,0,0,0,0,1,1,0,0,9985
1038,2,2013-12-20,-0.9749279121818236,-0.2225209339563146,-2.4492935982947064e-16,1.0,-0.1882267098432439,0.9821256058680006,9985.0,6290.0,6136.0,8574.714285714286,9832.0,4251.121879938897,5916.166666666667,6149.0,3165.62585284962,17290.0,1,0,0,0,0,1,1,0,0,10720
1038,2,2013-12-21,-0.7818314824680299,0.6234898018587334,-2.4492935982947064e-16,1.0,-0.1712931441814778,0.9852201067560606,10720.0,6784.0,6162.0,8972.0,9832.0,4185.319183367817,6050.9,6205.0,3233.6017961186976,17290.0,0,0,0,0,0,1,1,0,0,9565
1038,2,2013-12-22,-2.4492935982947064e-16,1.0,-2.4492935982947064e-16,1.0,-0.154308820664281,0.9880226656636976,9565.0,0.0,0.0,8972.0,9832.0,4185.319183367817,5847.4,6205.0,3416.9826031668385,17290.0,0,0,0,0,0,1,1,0,0,0
1038,2,2013-12-23,0.7818314824680298,0.6234898018587336,-2.4492935982947064e-16,1.0,-0.13727877211326517,0.9905324521322227,0.0,13365.0,6053.0,8881.714285714286,9832.0,4080.257169766209,6104.566666666667,6269.0,3635.7272922591646,17290.0,0,0,0,0,0,1,1,0,0,12733
1038,2,2013-12-24,0.9749279121818236,-0.22252093395631434,-2.4492935982947064e-16,1.0,-0.12020804489935275,0.9927487224577402,12733.0,9832.0,4639.0,8262.857142857143,9565.0,4237.590723849712,6287.9,6269.0,3451.278167527962,17290.0,0,0,0,0,0,1,1,0,0,5500
1038,2,2013-12-25,0.43388373911755823,-0.900968867902419,-2.4492935982947064e-16,1.0,-0.10310169744743544,0.9946708199115211,5500.0,9337.0,4801.0,6929.0,9565.0,5202.721275127725,6160.5,6269.0,3612.2321377842504,17290.0,0,0,0,0,0,1,1,0,0,0
1038,2,2013-12-26,-0.433883739117558,-0.9009688679024191,-2.4492935982947064e-16,1.0,-0.0859647987374467,0.9962981749346077,0.0,9985.0,6248.0,5502.571428571428,5500.0,5580.30566239111,6016.033333333334,6269.0,3770.9778708312315,17290.0,0,0,0,0,0,1,1,0,0,0
1038,2,2013-12-27,-0.9749279121818236,-0.2225209339563146,-2.4492935982947064e-16,1.0,-0.06880242680232064,0.9976303053065857,0.0,10720.0,6290.0,4880.0,5500.0,5125.796816105765,6078.166666666667,6314.0,3760.444765361317,17290.0,0,0,0,0,0,1,1,0,0,6362
1038,2,2013-12-28,-0.7818314824680299,0.6234898018587334,-2.4492935982947064e-16,1.0,-0.05161966722325418,0.9986668162884759,6362.0,9565.0,6784.0,4407.428571428572,5500.0,4761.41428069234,6120.433333333333,6314.0,3754.9025579287973,17290.0,0,0,0,0,0,1,1,0,0,6257
1038,2,2013-12-29,-2.4492935982947064e-16,1.0,-2.4492935982947064e-16,1.0,-0.034421611622745804,0.9994074007397048,6257.0,0.0,0.0,4407.428571428572,5500.0,4761.41428069234,5909.166666666667,6273.5,3917.039980986111,17290.0,0,0,0,0,0,1,1,0,0,0
1038,2,2013-12-30,0.7818314824680298,0.6234898018587336,-2.4492935982947064e-16,1.0,-0.01721335615583528,0.9998518392091162,0.0,12733.0,13365.0,3652.5714285714284,5500.0,3463.470025718084,5919.233333333334,6273.5,3920.717208169543,17290.0,0,0,0,0,0,1,1,0,0,7449
1038,2,2013-12-31,0.9749279121818236,-0.22252093395631434,-2.4492935982947064e-16,1.0,6.432490598706546e-16,1.0,7449.0,5500.0,9832.0,3478.4285714285716,4281.0,3384.853460990735,6061.933333333333,6273.5,3772.9722385201394,17290.0,0,0,0,0,0,1,1,0,0,4281
1038,2,2014-01-01,0.43388373911755823,-0.900968867902419,0.49999999999999994,0.8660254037844387,0.017213356155834685,0.9998518392091162,4281.0,0.0,9337.0,3478.4285714285716,4281.0,3384.853460990735,5766.033333333334,6252.5,3890.838031203235,17290.0,0,0,0,0,0,1,1,0,0,0
1038,2,2014-01-02,-0.433883739117558,-0.9009688679024191,0.49999999999999994,0.8660254037844387,0.03442161162274574,0.9994074007397048,0.0,0.0,9985.0,4277.857142857143,5596.0,3072.849894835489,5736.266666666666,6205.0,3888.5315279264687,17290.0,0,0,0,0,0,1,1,0,0,5596
1038,2,2014-01-03,-0.9749279121818236,-0.2225209339563146,0.49999999999999994,0.8660254037844387,0.051619667223253764,0.998666816288476,5596.0,6362.0,10720.0,4184.428571428572,5596.0,3008.183109294981,5711.166666666667,6149.0,3886.1216645846303,17290.0,0,0,0,0,0,1,1,0,0,5708
1038,2,2014-01-04,-0.7818314824680299,0.6234898018587334,0.49999999999999994,0.8660254037844387,0.06880242680231986,0.9976303053065857,5708.0,6257.0,9565.0,4100.428571428572,5596.0,2948.2763810483607,5649.066666666667,6094.5,3870.8769293661153,17290.0,0,0,0,0,0,1,1,0,0,5669
1038,2,2014-01-05,-2.4492935982947064e-16,1.0,0.49999999999999994,0.8660254037844387,0.08596479873744647,0.9962981749346078,5669.0,0.0,0.0,4100.428571428572,5596.0,2948.2763810483607,5444.533333333334,5880.5,4004.0789180046377,17290.0,0,0,0,0,0,1,1,0,0,0
1038,2,2014-01-06,0.7818314824680298,0.6234898018587336,0.49999999999999994,0.8660254037844387,0.10310169744743485,0.9946708199115211,0.0,7449.0,12733.0,3036.285714285714,4281.0,2881.7756513583618,5239.133333333333,5688.5,4122.308114212928,17290.0,1,0,0,0,0,1,1,0,0,0
1038,2,2014-01-07,0.9749279121818236,-0.22252093395631434,0.49999999999999994,0.8660254037844387,0.1202080448993527,0.9927487224577402,0.0,4281.0,5500.0,3862.5714285714284,5596.0,3934.930319465342,5574.633333333333,5880.5,4090.6662679925316,17290.0,1,0,0,0,0,1,1,0,0,10065
1038,2,2014-01-08,0.43388373911755823,-0.900968867902419,0.49999999999999994,0.8660254037844387,0.13727877211326478,0.9905324521322229,10065.0,0.0,0.0,4846.0,5669.0,3659.273835066186,5602.333333333333,5978.0,4096.826158712698,17290.0,1,0,0,0,0,1,1,0,0,6884
1038,2,2014-01-09,-0.433883739117558,-0.9009688679024191,0.49999999999999994,0.8660254037844387,0.15430882066428117,0.9880226656636976,6884.0,5596.0,0.0,4940.571428571428,5708.0,3690.3104592587165,5656.3,6252.5,4094.3614225689316,17290.0,1,0,0,0,0,1,1,0,0,6258
1038,2,2014-01-10,-0.9749279121818236,-0.2225209339563146,0.49999999999999994,0.8660254037844387,0.1712931441814776,0.9852201067560606,6258.0,5708.0,6362.0,5045.142857142857,6258.0,3725.881123017364,5710.933333333333,6257.5,4093.490087791904,17290.0,1,0,0,0,0,1,1,0,0,6440
1038,2,2014-01-11,-0.7818314824680299,0.6234898018587334,0.49999999999999994,0.8660254037844387,0.1882267098432442,0.9821256058680006,6440.0,5669.0,6257.0,5016.285714285715,6258.0,3721.023099197571,5684.9,6257.5,4092.440055803484,17290.0,0,0,0,0,0,1,1,0,0,5467
1038,2,2014-01-12,-2.4492935982947064e-16,1.0,0.49999999999999994,0.8660254037844387,0.2051044998686192,0.9787400799669153,5467.0,0.0,0.0,5016.285714285715,6258.0,3721.023099197571,5475.233333333334,5982.5,4219.5237571059615,17290.0,0,0,0,0,0,1,1,0,0,0
1038,2,2014-01-13,0.7818314824680298,0.6234898018587336,0.49999999999999994,0.8660254037844387,0.22192151300416552,0.9750645322571948,0.0,0.0,7449.0,5575.428571428572,6258.0,3080.5709350239404,5379.566666666667,5688.5,4221.362165212203,17290.0,0,0,0,0,0,1,1,0,0,3914
1038,2,2014-01-14,0.9749279121818236,-0.22252093395631434,0.49999999999999994,0.8660254037844387,0.2386727660059501,0.9711000518829505,3914.0,10065.0,4281.0,4698.428571428572,5467.0,2384.6720149839502,5510.433333333333,5688.5,4108.176847780981,17290.0,0,0,0,0,0,1,1,0,0,3926
1038,2,2014-01-15,0.43388373911755823,-0.900968867902419,0.49999999999999994,0.8660254037844387,0.255353295116187,0.9668478136052775,3926.0,6884.0,0.0,4302.428571428572,4112.0,2182.8661477625274,5202.0,5632.5,3836.502798661553,17290.0,0,0,0,0,0,1,1,0,0,4112
1038,2,2014-01-16,-0.433883739117558,-0.9009688679024191,0.49999999999999994,0.8660254037844387,0.2719581575341055,0.9623090774541486,4112.0,6258.0,5596.0,4049.1428571428573,4112.0,2014.5067575440085,5023.766666666666,5548.0,3736.899108041072,17290.0,0,0,0,0,0,1,1,0,0,4485
1038,2,2014-01-17,-0.9749279121818236,-0.2225209339563146,0.49999999999999994,0.8660254037844387,0.288482432880609,0.9574851883550393,4485.0,6440.0,5708.0,3931.714285714286,4112.0,1870.7402023696138,4899.8,5548.0,3649.5447651869467,17290.0,0,0,0,0,0,1,1,0,0,5618
1038,2,2014-01-18,-0.7818314824680299,0.6234898018587334,0.49999999999999994,0.8660254037844387,0.30492122465628907,0.9523775757303974,5618.0,5467.0,5669.0,3899.8571428571427,4112.0,1841.914803365547,4741.766666666666,5483.5,3522.1765966744083,17290.0,0,0,0,0,0,1,1,0,0,5244
1038,2,2014-01-19,-2.4492935982947064e-16,1.0,0.49999999999999994,0.8660254037844387,0.3212696616923644,0.9469877530760753,5244.0,0.0,0.0,3899.8571428571427,4112.0,1841.914803365547,4384.433333333333,5355.5,3437.5240456421266,17290.0,0,0,0,0,0,1,1,0,0,0
1038,2,2014-01-20,0.7818314824680298,0.6234898018587336,0.49999999999999994,0.8660254037844387,0.3375228995941133,0.9413173175128471,0.0,3914.0,0.0,4499.857142857143,4485.0,2435.662156962073,4336.066666666667,5355.5,3371.6965537507535,17290.0,1,0,0,0,0,1,1,0,0,8114
1038,2,2014-01-21,0.9749279121818236,-0.22252093395631434,0.49999999999999994,0.8660254037844387,0.3536761221763716,0.9353679493131483,8114.0,3926.0,10065.0,4865.714285714285,5244.0,2525.772668200478,4552.3,5483.5,3291.075321071445,17290.0,1,0,0,0,0,1,1,0,0,6487
1038,2,2014-01-22,0.43388373911755823,-0.900968867902419,0.49999999999999994,0.8660254037844387,0.3697245428906731,0.9291414114031743,6487.0,4112.0,6884.0,5030.714285714285,5267.0,2505.977368498878,4303.433333333333,5367.0,2911.5289937778725,17290.0,1,0,0,0,0,1,1,0,0,5267
1038,2,2014-01-23,-0.433883739117558,-0.9009688679024191,0.49999999999999994,0.8660254037844387,0.38566340624360707,0.9226395488404876,5267.0,4485.0,6258.0,5295.142857142857,5618.0,2536.271701308267,4331.3,5367.0,2927.3342604516124,17290.0,1,0,0,0,0,1,1,0,0,6336
1038,2,2014-01-24,-0.9749279121818236,-0.2225209339563146,0.49999999999999994,0.8660254037844387,0.401487989205973,0.9158642882672872,6336.0,5618.0,6440.0,5439.285714285715,6336.0,2585.8657940353155,4552.2,5531.5,2837.893006658527,17290.0,1,0,0,0,0,1,1,0,0,6627
1038,2,2014-01-25,-0.7818314824680299,0.6234898018587334,0.49999999999999994,0.8660254037844387,0.4171936026123168,0.9088176373395029,6627.0,5244.0,5467.0,5398.0,6336.0,2591.803619103883,4717.366666666667,5531.5,2704.8920366412135,17290.0,0,0,0,0,0,1,1,0,0,4955
1038,2,2014-01-26,-2.4492935982947064e-16,1.0,0.49999999999999994,0.8660254037844387,0.4327755925504312,0.901501684131884,4955.0,0.0,0.0,5398.0,6336.0,2591.803619103883,4505.3,5367.0,2818.512375410976,17290.0,0,0,0,0,0,1,1,0,0,0
1038,2,2014-01-27,0.7818314824680298,0.6234898018587336,0.49999999999999994,0.8660254037844387,0.4482293417404106,0.893918596519257,0.0,8114.0,3914.0,4715.285714285715,5267.0,2377.71940552887,4407.9,5255.5,2806.3529818290294,17290.0,0,0,0,0,0,1,1,0,0,3335
1038,2,2014-01-28,0.9749279121818236,-0.22252093395631434,0.49999999999999994,0.8660254037844387,0.4635502709028509,0.886070621534138,3335.0,6487.0,3926.0,4309.857142857143,4955.0,2264.5339791791907,4529.533333333334,5255.5,2685.1789991490805,17290.0,0,0,0,0,0,1,1,0,0,3649
1038,2,2014-01-29,0.43388373911755823,-0.900968867902419,0.49999999999999994,0.8660254037844387,0.47873384011578846,0.8779600847008882,3649.0,5267.0,4112.0,4196.428571428572,4473.0,2228.194923934532,4430.333333333333,5099.5,2627.96691226393,17290.0,0,0,0,0,0,1,1,0,0,4473
1038,2,2014-01-30,-0.433883739117558,-0.9009688679024191,0.49999999999999994,0.8660254037844387,0.4937755501599772,0.869589389346611,4473.0,6336.0,4485.0,3976.4285714285716,4473.0,2050.692391782416,4447.5,5099.5,2628.639765590061,17290.0,0,0,0,0,0,1,1,0,0,4796
1038,2,2014-01-31,-0.9749279121818236,-0.2225209339563146,0.49999999999999994,0.8660254037844387,0.5086709438521044,0.8609610158889943,4796.0,6627.0,5618.0,3900.1428571428573,4473.0,1942.7491198961186,4650.6,5255.5,2505.6666068788113,17290.0,0,0,0,0,0,1,1,0,0,6093
1038,2,2014-02-01,-0.7818314824680299,0.6234898018587334,0.8660254037844386,0.5000000000000001,0.5234156073655503,0.8520775211013093,6093.0,4955.0,5244.0,4139.571428571428,4473.0,2182.8582071176656,4685.1,5255.5,2526.173914208516,17290.0,0,0,0,0,0,1,1,0,0,6631
1038,2,2014-02-02,-2.4492935982947064e-16,1.0,0.8660254037844386,0.5000000000000001,0.5380051715382996,0.8429415373547828,6631.0,0.0,0.0,4139.571428571428,4473.0,2182.8582071176656,4494.833333333333,5099.5,2657.9930214917495,17290.0,0,0,0,0,0,1,1,0,0,0
1038,2,2014-02-03,0.7818314824680298,0.6234898018587336,0.8660254037844386,0.5000000000000001,0.5524353131676196,0.8335557718385699,0.0,3335.0,8114.0,4846.428571428572,4796.0,2633.513360332089,4581.966666666666,5099.5,2739.4100356971303,17290.0,1,0,0,0,0,1,1,0,0,8283
1038,2,2014-02-04,0.9749279121818236,-0.22252093395631434,0.8660254037844386,0.5000000000000001,0.5667017562911176,0.8239230057575542,8283.0,3649.0,6487.0,5256.857142857143,6093.0,2639.66218978688,4799.366666666667,5255.5,2619.41083772317,17290.0,1,0,0,0,0,1,1,0,0,6522
1038,2,2014-02-05,0.43388373911755823,-0.900968867902419,0.8660254037844386,0.5000000000000001,0.5808002734538009,0.8140460935082178,6522.0,4473.0,5267.0,5430.142857142857,6093.0,2619.3648993965053,4988.9,5367.0,2461.094462870615,17290.0,1,0,0,0,0,1,1,0,0,5686
1038,2,2014-02-06,-0.433883739117558,-0.9009688679024191,0.8660254037844386,0.5000000000000001,0.5947266869607634,0.8039279618328213,5686.0,4796.0,6336.0,5700.428571428572,6522.0,2640.553026491661,4876.333333333333,5367.0,2292.360661479524,17290.0,1,0,0,0,0,1,1,0,0,6688
1038,2,2014-02-07,-0.9749279121818236,-0.2225209339563146,0.8660254037844386,0.5000000000000001,0.6084768701151261,0.7935716089521474,6688.0,6093.0,6627.0,5768.571428571428,6570.0,2658.4663409030163,4865.866666666667,5367.0,2283.577799816788,17290.0,1,0,0,0,0,1,1,0,0,6570
1038,2,2014-02-08,-0.7818314824680299,0.6234898018587334,0.8660254037844386,0.5000000000000001,0.6220467484408675,0.7829801036770629,6570.0,6631.0,4955.0,5615.571428571428,6522.0,2631.2391160277075,4842.6,5367.0,2272.4333395632552,17290.0,0,0,0,0,0,1,1,0,0,5560
1038,2,2014-02-09,-2.4492935982947064e-16,1.0,0.8660254037844386,0.5000000000000001,0.6354323008901774,0.7721565844991642,5560.0,0.0,0.0,5615.571428571428,6522.0,2631.2391160277075,4627.933333333333,5255.5,2415.976135034752,17290.0,0,0,0,0,0,1,1,0,0,0
1038,2,2014-02-10,0.7818314824680298,0.6234898018587336,0.8660254037844386,0.5000000000000001,0.6486295610349814,0.7611042586607747,0.0,8283.0,3335.0,5020.0,5686.0,2387.3667502082694,4582.833333333333,5099.5,2412.398678713255,17290.0,0,0,0,0,0,1,1,0,0,4114
1038,2,2014-02-11,0.9749279121818236,-0.22252093395631434,0.8660254037844386,0.5000000000000001,0.6616346182422783,0.7498264012045686,4114.0,6522.0,3649.0,4678.285714285715,5560.0,2306.3620498009195,4720.5,5099.5,2254.5317389801708,17290.0,0,0,0,0,0,1,1,0,0,4130
1038,2,2014-02-12,0.43388373911755823,-0.900968867902419,0.8660254037844386,0.5000000000000001,0.6744436188329455,0.7383263540031065,4130.0,5686.0,4473.0,4485.428571428572,4336.0,2264.1094538576567,4734.566666666667,5099.5,2250.639367905885,17290.0,0,0,0,0,0,1,1,0,0,4336
1038,2,2014-02-13,-0.433883739117558,-0.9009688679024191,0.8660254037844386,0.5000000000000001,0.6870527672236669,0.7266075247685656,4336.0,6688.0,4796.0,4214.0,4336.0,2060.8114906511946,4763.3,5099.5,2245.4571479875235,17290.0,0,0,0,0,0,1,1,0,0,4788
1038,2,2014-02-14,-0.9749279121818236,-0.2225209339563146,0.8660254037844386,0.5000000000000001,0.6994583270516471,0.7146733860429609,4788.0,6570.0,6093.0,4122.714285714285,4336.0,1950.2429518981917,4823.933333333333,5255.5,2251.813796634311,17290.0,0,0,0,0,0,1,1,0,0,5931
1038,2,2014-02-15,-0.7818314824680299,0.6234898018587334,0.8660254037844386,0.5000000000000001,0.7116566222817746,0.702527474169157,5931.0,5560.0,6631.0,4150.428571428572,4336.0,1975.2895025913592,4866.233333333334,5413.5,2257.1401295373316,17290.0,0,0,0,0,0,1,1,0,0,5754
1038,2,2014-02-16,-2.4492935982947064e-16,1.0,0.8660254037844386,0.5000000000000001,0.7236440382959124,0.6901733882429719,5754.0,0.0,0.0,4150.428571428572,4336.0,1975.2895025913592,4678.966666666666,5255.5,2419.8088765128873,17290.0,0,0,0,0,0,1,1,0,0,0
1038,2,2014-02-17,0.7818314824680298,0.6234898018587336,0.8660254037844386,0.5000000000000001,0.7354170229639855,0.6776147890466889,0.0,4114.0,8283.0,4661.142857142857,4788.0,2384.147956019188,4760.466666666666,5413.5,2479.92314582436,17290.0,1,0,0,0,0,1,1,0,0,7689
1038,2,2014-02-18,0.9749279121818236,-0.22252093395631434,0.8660254037844386,0.5000000000000001,0.7469720876965552,0.6648553979642865,7689.0,4130.0,6522.0,5009.857142857143,5754.0,2470.4655046213056,4979.5,5623.0,2330.6597075535888,17290.0,1,0,0,0,0,1,1,0,0,6571
1038,2,2014-02-19,0.43388373911755823,-0.900968867902419,0.8660254037844386,0.5000000000000001,0.7583058084785625,0.6518989958787126,6571.0,4336.0,5686.0,5173.428571428572,5754.0,2456.277729759865,4891.733333333334,5520.5,2256.963079057757,17290.0,1,0,0,0,0,1,1,0,0,5481
1038,2,2014-02-20,-0.433883739117558,-0.9009688679024191,0.8660254037844386,0.5000000000000001,0.7694148268839378,0.6387494220515272,5481.0,4788.0,6688.0,5330.285714285715,5886.0,2462.6129560750223,4871.7,5520.5,2244.9501822289158,17290.0,1,0,0,0,0,1,1,0,0,5886
1038,2,2014-02-21,-0.9749279121818236,-0.2225209339563146,0.8660254037844386,0.5000000000000001,0.7802958510707755,0.6254105729852463,5886.0,5931.0,6570.0,5337.142857142857,5886.0,2464.6304272359234,4895.433333333333,5623.0,2253.022424905359,17290.0,1,0,0,0,0,1,1,0,0,5979
1038,2,2014-02-22,-0.7818314824680299,0.6234898018587334,0.8660254037844386,0.5000000000000001,0.7909456567567772,0.6118864012687243,5979.0,5754.0,5560.0,5218.142857142857,5886.0,2461.2563477874055,4848.266666666666,5520.5,2236.575830075553,17290.0,0,0,0,0,0,1,1,0,0,4921
1038,2,2014-02-23,-2.4492935982947064e-16,1.0,0.8660254037844386,0.5000000000000001,0.8013610881746766,0.5981809144059164,4921.0,0.0,0.0,5218.142857142857,5886.0,2461.2563477874055,4627.366666666667,5218.0,2377.652891974064,17290.0,0,0,0,0,0,1,1,0,0,0
1038,2,2014-02-24,0.7818314824680298,0.6234898018587336,0.8660254037844386,0.5000000000000001,0.8115390590073611,0.5842981736283683,0.0,7689.0,4114.0,4670.714285714285,5481.0,2235.938484118447,4590.766666666666,5201.0,2380.884357332059,17290.0,0,0,0,0,0,1,1,0,0,3857
1038,2,2014-02-25,0.9749279121818236,-0.22252093395631434,0.8660254037844386,0.5000000000000001,0.8214765533024142,0.5702422926917871,3857.0,6571.0,4130.0,4232.857142857143,4921.0,2097.6163796534565,4707.633333333333,5201.0,2228.9749071673273,17290.0,0,0,0,0,0,1,1,0,0,3506
1038,2,2014-02-26,0.43388373911755823,-0.900968867902419,0.8660254037844386,0.5000000000000001,0.8311706263658079,0.5560174366570446,3506.0,5481.0,4336.0,4001.0,3858.0,2025.1057585551757,4725.066666666667,5201.0,2219.895787136665,17290.0,0,0,0,0,0,1,1,0,0,3858
1038,2,2014-02-27,-0.433883739117558,-0.9009688679024191,0.8660254037844386,0.5000000000000001,0.8406184056344782,0.5416278206559814,3858.0,5886.0,4788.0,3720.285714285714,3858.0,1848.7784899121657,4734.133333333333,5201.0,2215.9011513701744,17290.0,0,0,0,0,0,1,1,0,0,3921
1038,2,2014-02-28,-0.9749279121818236,-0.2225209339563146,0.8660254037844386,0.5000000000000001,0.8498170915275278,0.5270777086423722,3921.0,5979.0,5931.0,3701.4285714285716,3858.0,1822.3851456395332,4779.933333333333,5520.5,2224.500500822804,17290.0,0,0,0,0,0,1,1,0,0,5847
1038,2,2014-03-01,-0.7818314824680299,0.6234898018587334,1.0,6.123233995736766e-17,0.8587639582758029,0.5123714121284237,5847.0,4921.0,5754.0,3822.4285714285716,3858.0,1941.1080046494806,4812.333333333333,5623.0,2231.8091985764736,17290.0,0,0,0,0,0,1,1,0,0,5768
1038,2,2014-03-02,-2.4492935982947064e-16,1.0,1.0,6.123233995736766e-17,0.8674563547295968,0.49751328890718066,5768.0,0.0,0.0,3822.4285714285716,3858.0,1941.1080046494803,4609.233333333334,5520.5,2383.34127504504,17290.0,0,0,0,0,0,1,1,0,0,0
1038,2,2014-03-03,0.7818314824680298,0.6234898018587336,1.0,6.123233995736766e-17,0.8758917051442429,0.48250774176121847,0.0,3857.0,7689.0,4427.714285714285,3921.0,2526.127914040624,4658.0,5520.5,2440.4201588505457,17290.0,1,0,0,0,0,1,1,0,0,8094
1038,2,2014-03-04,0.9749279121818236,-0.22252093395631434,1.0,6.123233995736766e-17,0.8840675099433636,0.46735921715800227,8094.0,3506.0,6571.0,4708.571428571428,5472.0,2515.8412679885587,4840.4,5520.5,2279.4539969338966,17290.0,1,0,0,0,0,1,1,0,0,5472
1038,2,2014-03-05,0.43388373911755823,-0.900968867902419,1.0,6.123233995736766e-17,0.8919813464595485,0.45207220393230435,5472.0,3858.0,5481.0,4945.285714285715,5515.0,2500.378752261724,4748.133333333333,5498.0,2189.5488550168807,17290.0,1,0,0,0,0,1,1,0,0,5515
1038,2,2014-03-06,-0.433883739117558,-0.9009688679024191,1.0,6.123233995736766e-17,0.8996308696522433,0.43665123195606403,5515.0,3921.0,5886.0,5239.571428571428,5768.0,2480.8828305761654,4730.1,5498.0,2176.625058393745,17290.0,1,0,0,0,0,1,1,0,0,5981
1038,2,2014-03-07,-0.9749279121818236,-0.2225209339563146,1.0,6.123233995736766e-17,0.9070138128026359,0.4211008707960896,5981.0,5847.0,5979.0,5303.285714285715,5768.0,2504.6957043578286,4750.333333333333,5498.0,2188.6055446071236,17290.0,1,0,0,0,0,1,1,0,0,6293
1038,2,2014-03-08,-0.7818314824680299,0.6234898018587334,1.0,6.123233995736766e-17,0.9141279881853337,0.40542572835999735,6293.0,5768.0,4921.0,5181.0,5515.0,2499.1155768924846,4691.133333333333,5476.5,2158.1943080418764,17290.0,0,0,0,0,0,1,1,0,0,4912
1038,2,2014-03-09,-2.4492935982947064e-16,1.0,1.0,6.123233995736766e-17,0.9209712877166346,0.38963044953078796,4912.0,0.0,0.0,5181.0,5515.0,2499.1155768924846,4472.133333333333,5196.5,2290.2645492927477,17290.0,0,0,0,0,0,1,1,0,0,0
1038,2,2014-03-10,0.7818314824680298,0.6234898018587336,1.0,6.123233995736766e-17,0.9275416835791966,0.37371971479046906,0.0,8094.0,3857.0,4611.857142857143,5472.0,2155.128722263198,4423.8,4916.5,2281.79937163936,17290.0,0,0,0,0,0,1,1,0,0,4110
1038,2,2014-03-11,0.9749279121818236,-0.22252093395631434,1.0,6.123233995736766e-17,0.9338372288229252,0.35769823883312546,4110.0,5472.0,3506.0,4402.285714285715,4912.0,2128.711168311764,4557.3,4916.5,2125.886121937923,17290.0,0,0,0,0,0,1,1,0,0,4005
1038,2,2014-03-12,0.43388373911755823,-0.900968867902419,1.0,6.123233995736766e-17,0.9398560579418954,0.3415707691678556,4005.0,5515.0,3858.0,4153.428571428572,4110.0,2078.173305023978,4545.933333333333,4916.5,2129.247057033317,17290.0,0,0,0,0,0,1,1,0,0,3773
1038,2,2014-03-13,-0.433883739117558,-0.9009688679024191,1.0,6.123233995736766e-17,0.9455963874271426,0.3253420847119801,3773.0,5981.0,3921.0,3820.285714285714,4005.0,1917.0449233378022,4529.9,4916.5,2134.292054959221,17290.0,0,0,0,0,0,1,1,0,0,3649
1038,2,2014-03-14,-0.9749279121818236,-0.2225209339563146,1.0,6.123233995736766e-17,0.9510565162951535,0.30901699437494745,3649.0,6293.0,5847.0,3559.714285714286,4005.0,1626.9398384990277,4534.333333333333,4916.5,2134.0135140530165,17290.0,0,0,0,0,0,1,1,0,0,4469
1038,2,2014-03-15,-0.7818314824680299,0.6234898018587334,1.0,6.123233995736766e-17,0.9562348265919056,0.29260033563334836,4469.0,4912.0,5768.0,3689.4285714285716,4005.0,1781.573916245863,4568.733333333334,5196.5,2146.524760427054,17290.0,0,0,0,0,0,1,1,0,0,5820
1038,2,2014-03-16,-2.4492935982947064e-16,1.0,1.0,6.123233995736766e-17,0.9611297838723007,0.27609697309746883,5820.0,0.0,0.0,3689.4285714285716,4005.0,1781.5739162458633,4371.033333333334,4916.5,2285.3693805919233,17290.0,0,0,0,0,0,1,1,0,0,0
1038,2,2014-03-17,0.7818314824680298,0.6234898018587336,1.0,6.123233995736766e-17,0.9657399376548549,0.2595117970697999,0.0,4110.0,8094.0,4171.857142857143,4005.0,2297.082963860283,4428.8,4916.5,2342.7144939151217,17290.0,1,0,0,0,0,1,1,0,0,7487
1038,2,2014-03-18,0.9749279121818236,-0.22252093395631434,1.0,6.123233995736766e-17,0.970063921851507,0.2428497220959356,7487.0,4005.0,5472.0,4376.714285714285,4469.0,2343.2024179375903,4610.1,5180.0,2193.8878157909185,17290.0,1,0,0,0,0,1,1,0,0,5439
1038,2,2014-03-19,0.43388373911755823,-0.900968867902419,1.0,6.123233995736766e-17,0.9741004551724205,0.22611568550828828,5439.0,3773.0,5515.0,4611.285714285715,5415.0,2354.8526290963305,4534.3,5168.0,2121.946392608313,17290.0,1,0,0,0,0,1,1,0,0,5415
1038,2,2014-03-20,-0.433883739117558,-0.9009688679024191,1.0,6.123233995736766e-17,0.9778483415056568,0.20931464596304847,5415.0,3649.0,5981.0,4879.428571428572,5439.0,2333.787683655252,4499.466666666666,5168.0,2095.7753849990227,17290.0,1,0,0,0,0,1,1,0,0,5526
1038,2,2014-03-21,-0.9749279121818236,-0.2225209339563146,1.0,6.123233995736766e-17,0.9813064702716093,0.19245158197082998,5526.0,4469.0,6293.0,5050.428571428572,5526.0,2342.5394238690933,4505.633333333333,5168.0,2099.0327079860826,17290.0,1,0,0,0,0,1,1,0,0,5666
1038,2,2014-03-22,-0.7818314824680299,0.6234898018587334,1.0,6.123233995736766e-17,0.9844738167520922,0.1755314904214282,5666.0,5820.0,4912.0,5050.714285714285,5526.0,2342.6490499920305,4503.5,5168.0,2097.61345096163,17290.0,0,0,0,0,0,1,1,0,0,5822
1038,2,2014-03-23,-2.4492935982947064e-16,1.0,1.0,6.123233995736766e-17,0.9873494423939864,0.15855938510313478,5822.0,0.0,0.0,5050.714285714285,5526.0,2342.6490499920305,4304.2,4916.5,2232.3042123670575,17290.0,0,0,0,0,0,1,1,0,0,0
1038,2,2014-03-24,0.7818314824680298,0.6234898018587336,1.0,6.123233995736766e-17,0.989932495087353,0.141540295217043,0.0,7487.0,4110.0,4584.857142857143,5439.0,2087.803185852809,4281.033333333334,4690.5,2229.286672417004,17290.0,0,0,0,0,0,1,1,0,0,4226
1038,2,2014-03-25,0.9749279121818236,-0.22252093395631434,1.0,6.123233995736766e-17,0.9922222094179323,0.12447926388678915,4226.0,5439.0,4005.0,4371.285714285715,5415.0,2062.1744764758796,4412.5,4690.5,2079.3707063635247,17290.0,0,0,0,0,0,1,1,0,0,3944
1038,2,2014-03-26,0.43388373911755823,-0.900968867902419,1.0,6.123233995736766e-17,0.994217906893952,0.10738134666416309,3944.0,5415.0,3773.0,4099.857142857143,4226.0,2026.6373157335797,4401.1,4690.5,2083.4546965110085,17290.0,0,0,0,0,0,1,1,0,0,3515
1038,2,2014-03-27,-0.433883739117558,-0.9009688679024191,1.0,6.123233995736766e-17,0.995918996147179,0.09025161003104117,3515.0,5526.0,3649.0,3831.285714285714,3944.0,1928.330081900375,4405.766666666666,4690.5,2081.5365624748283,17290.0,0,0,0,0,0,1,1,0,0,3646
1038,2,2014-03-28,-0.9749279121818236,-0.2225209339563146,1.0,6.123233995736766e-17,0.9973249731081555,0.07309512989807777,3646.0,5666.0,4469.0,3742.8571428571427,3944.0,1842.4525709473444,4445.4,4979.5,2082.066672224065,17290.0,0,0,0,0,0,1,1,0,0,5047
1038,2,2014-03-29,-0.7818314824680299,0.6234898018587334,1.0,6.123233995736766e-17,0.9984354211555643,0.055916990100603484,5047.0,5822.0,5820.0,3640.285714285714,3944.0,1723.5630453884114,4484.833333333333,5075.5,2082.9948281315956,17290.0,0,0,0,0,0,1,1,0,0,5104
1038,2,2014-03-30,-2.4492935982947064e-16,1.0,1.0,6.123233995736766e-17,0.9992500112396835,0.03872228089217446,5104.0,0.0,0.0,3640.285714285714,3944.0,1723.5630453884116,4289.933333333333,4979.5,2220.172468189292,17290.0,0,0,0,0,0,1,1,0,0,0
1038,2,2014-03-31,0.7818314824680298,0.6234898018587336,1.0,6.123233995736766e-17,0.9997685019798909,0.021516097436222254,0.0,4226.0,7487.0,4186.142857142857,3944.0,2408.815990521168,4365.9,4979.5,2309.6764118781216,17290.0,1,0,0,0,0,1,1,0,0,8047
1038,2,2014-04-01,0.9749279121818236,-0.22252093395631434,0.8660254037844387,-0.49999999999999983,0.9999907397361901,0.004303538296244289,8047.0,3944.0,5439.0,4430.285714285715,5047.0,2466.109061814157,4554.333333333333,5075.5,2167.422421685024,17290.0,1,0,0,0,0,1,1,0,0,5653
1038,2,2014-04-02,0.43388373911755823,-0.900968867902419,0.8660254037844387,-0.49999999999999983,0.9999166586547379,-0.01291029607500882,5653.0,3515.0,5415.0,4660.0,5104.0,2441.4097020642253,4455.3,5075.5,2065.594948944113,17290.0,1,0,0,0,0,1,1,0,0,5123
1038,2,2014-04-03,-0.433883739117558,-0.9009688679024191,0.8660254037844387,-0.49999999999999983,0.9995462806873573,-0.030120304846908114,5123.0,3646.0,5526.0,4961.428571428572,5123.0,2425.5547033715006,4464.766666666666,5075.5,2071.0587444562,17290.0,1,0,0,0,0,1,1,0,0,5756
1038,2,2014-04-04,-0.9749279121818236,-0.2225209339563146,0.8660254037844387,-0.49999999999999983,0.9988797155850336,-0.04732138832243185,5756.0,5047.0,5666.0,5111.0,5653.0,2463.69262152025,4484.066666666667,5075.5,2083.8416270045013,17290.0,1,0,0,0,0,1,1,0,0,6094
1038,2,2014-04-05,-0.7818314824680299,0.6234898018587334,0.8660254037844387,-0.49999999999999983,0.9979171608653922,-0.06450844944931623,6094.0,5104.0,5822.0,5136.714285714285,5653.0,2464.546592126408,4460.833333333333,5075.5,2070.418683017638,17290.0,0,0,0,0,0,1,1,0,0,5284
1038,2,2014-04-06,-2.4492935982947064e-16,1.0,0.8660254037844387,-0.49999999999999983,0.9966589017541702,-0.08167639533042241,5284.0,0.0,0.0,5136.714285714285,5653.0,2464.546592126408,4251.066666666667,4979.5,2193.521101559885,17290.0,0,0,0,0,0,1,1,0,0,0
1038,2,2014-04-07,0.7818314824680298,0.6234898018587336,0.8660254037844387,-0.49999999999999983,0.9951053111006976,-0.09882013873287143,0.0,8047.0,4226.0,4639.0,5284.0,2104.3323565127876,4239.433333333333,4805.0,2190.8187681121935,17290.0,0,0,0,0,0,1,1,0,0,4563
1038,2,2014-04-08,0.9749279121818236,-0.22252093395631434,0.8660254037844387,-0.49999999999999983,0.9932568492674143,-0.11593459959550041,4563.0,5653.0,3944.0,4451.571428571428,5123.0,2056.8580292234437,4384.133333333333,4805.0,2039.2721611218112,17290.0,0,0,0,0,0,1,1,0,0,4341
1038,2,2014-04-09,0.43388373911755823,-0.900968867902419,0.8660254037844387,-0.49999999999999983,0.9911140639934547,-0.1330147065341959,4341.0,5123.0,3515.0,4282.714285714285,4563.0,2041.0074076532005,4378.5,4805.0,2040.2887177368118,17290.0,0,0,0,0,0,1,1,0,0,3941
1038,2,2014-04-10,-0.433883739117558,-0.9009688679024191,0.8660254037844387,-0.49999999999999983,0.9886775902323405,-0.1500553983446526,3941.0,5756.0,3646.0,4132.285714285715,4563.0,1951.1507471477541,4401.766666666666,4875.0,2039.862413942685,17290.0,0,0,0,0,0,1,1,0,0,4703
1038,2,2014-04-11,-0.9749279121818236,-0.2225209339563146,0.8660254037844387,-0.49999999999999983,0.9859481499638304,-0.16705162550211924,4703.0,6094.0,5047.0,4013.5714285714284,4563.0,1833.6428093772668,4451.433333333333,5075.5,2042.1632661829738,17290.0,0,0,0,0,0,1,1,0,0,5263
1038,2,2014-04-12,-0.7818314824680299,0.6234898018587334,0.8660254037844387,-0.49999999999999983,0.9829265519799822,-0.18399835165768005,5263.0,5284.0,5104.0,4000.8571428571427,4563.0,1823.6469348141777,4502.966666666666,5113.5,2040.721770275935,17290.0,0,0,0,0,0,1,1,0,0,5195
1038,2,2014-04-13,-2.4492935982947064e-16,1.0,0.8660254037844387,-0.49999999999999983,0.9796136916454901,-0.20089055513063506,5195.0,0.0,0.0,4000.8571428571427,4563.0,1823.646934814178,4354.0,5113.5,2200.169570267487,17290.0,0,0,0,0,0,1,1,0,0,0
1038,2,2014-04-14,0.7818314824680298,0.6234898018587336,0.8660254037844387,-0.49999999999999983,0.9760105506323683,-0.21772323039653177,0.0,4563.0,8047.0,4485.857142857143,4703.0,2368.210606384169,4425.266666666666,5113.5,2282.383281501629,17290.0,1,0,0,0,0,1,1,0,0,7958
1038,2,2014-04-15,0.9749279121818236,-0.22252093395631434,0.8660254037844387,-0.49999999999999983,0.9721181966290613,-0.23449138957040985,7958.0,4341.0,5653.0,4820.0,5195.0,2505.4024294179417,4647.933333333333,5159.0,2158.24285063077,17290.0,1,0,0,0,0,1,1,0,0,6680
1038,2,2014-04-16,0.43388373911755823,-0.900968867902419,0.8660254037844387,-0.49999999999999983,0.9679377830240642,-0.25119006388481935,6680.0,3941.0,5123.0,5320.285714285715,5263.0,2646.3098655981103,4646.466666666666,5159.0,2156.2610316892506,17290.0,1,0,0,0,0,1,1,0,0,7443
1038,2,2014-04-17,-0.433883739117558,-0.9009688679024191,0.8660254037844387,-0.49999999999999983,0.9634705485641488,-0.2678143051621742,7443.0,4703.0,5756.0,5698.142857142857,6680.0,2730.9609681435923,4710.1,5159.0,2208.0033475424357,17290.0,1,0,0,0,0,1,1,0,0,7348
1038,2,2014-04-18,-0.9749279121818236,-0.2225209339563146,0.8660254037844387,-0.49999999999999983,0.9587178169872964,-0.2843591872810034,7348.0,5263.0,6094.0,4946.285714285715,6680.0,3489.779014698289,4529.6,5113.5,2364.200201569958,17290.0,1,0,0,0,0,1,1,0,0,0
1038,2,2014-04-19,-0.7818314824680299,0.6234898018587334,0.8660254037844387,-0.49999999999999983,0.9536809966304457,-0.30081980763566735,0.0,5195.0,5284.0,5265.428571428572,7348.0,3616.176427164601,4593.033333333334,5113.5,2416.8005993009833,17290.0,0,0,0,0,0,1,1,0,0,7429
1038,2,2014-04-20,-2.4492935982947064e-16,1.0,0.8660254037844387,-0.49999999999999983,0.9483615800121715,-0.3171912885891061,7429.0,0.0,0.0,5265.428571428572,7348.0,3616.176427164601,4404.166666666667,5075.5,2547.8957387228943,17290.0,0,0,0,0,0,1,1,0,0,0
1038,2,2014-04-21,0.7818314824680298,0.6234898018587336,0.8660254037844387,-0.49999999999999983,0.9427611433904207,-0.3334687789181868,0.0,7958.0,4563.0,4128.571428571428,6680.0,3870.5744559493514,4210.1,4875.0,2655.625030007058,17290.0,0,0,0,0,0,1,1,0,0,0
1038,2,2014-04-22,0.9749279121818236,-0.22252093395631434,0.8660254037844387,-0.49999999999999983,0.9368813462954315,-0.3496474552512284,0.0,6680.0,4341.0,3881.0,4947.0,3733.1638949645208,4375.0,4997.0,2536.0864773681596,17290.0,0,0,0,0,0,1,1,0,0,4947
1038,2,2014-04-23,0.43388373911755823,-0.900968867902419,0.8660254037844387,-0.49999999999999983,0.9307239310379795,-0.36572252349726897,4947.0,7443.0,3941.0,3385.4285714285716,3974.0,3396.585140850679,4366.6,4997.0,2537.0141777158083,17290.0,0,0,0,0,0,1,1,0,0,3974
1038,2,2014-04-24,-0.433883739117558,-0.9009688679024191,0.8660254037844387,-0.49999999999999983,0.9242907221930934,-0.3816892202666588,3974.0,7348.0,4703.0,2931.285714285714,3974.0,2963.3605762313027,4374.1,4997.0,2536.0541894297376,17290.0,0,0,0,0,0,1,1,0,0,4169
1038,2,2014-04-25,-0.9749279121818236,-0.2225209339563146,0.8660254037844387,-0.49999999999999983,0.9175836260593937,-0.39754281428255595,4169.0,0.0,5263.0,3594.285714285714,4169.0,2706.2501556142056,4411.633333333333,4997.0,2531.2289162453812,17290.0,0,0,0,0,0,1,1,0,0,4641
1038,2,2014-04-26,-0.7818314824680299,0.6234898018587334,0.8660254037844387,-0.49999999999999983,0.9106046300942163,-0.4132786077829042,4641.0,7429.0,5195.0,3288.714285714286,4169.0,2289.815692312793,4466.433333333333,5075.5,2531.8775734870005,17290.0,0,0,0,0,0,1,1,0,0,5290
1038,2,2014-04-27,-2.4492935982947064e-16,1.0,0.8660254037844387,-0.49999999999999983,0.9033558023246845,-0.4288919379124835,5290.0,0.0,0.0,3288.714285714286,4169.0,2289.815692312793,4298.2,5025.5,2656.57682768244,17290.0,0,0,0,0,0,1,1,0,0,0
1038,2,2014-04-28,0.7818314824680298,0.6234898018587336,0.8660254037844387,-0.49999999999999983,0.895839290734909,-0.4443781781046132,0.0,0.0,7958.0,4304.857142857143,4641.0,2161.8368292242767,4365.166666666667,5035.0,2702.513913751967,17290.0,1,0,0,0,0,1,1,0,0,7113
1038,2,2014-04-29,0.9749279121818236,-0.22252093395631434,0.8660254037844387,-0.49999999999999983,0.8880573226294932,-0.45973273945210397,7113.0,4947.0,6680.0,4576.857142857143,4641.0,2366.2149401221222,4593.533333333334,5159.0,2608.76512910813,17290.0,1,0,0,0,0,1,1,0,0,6851
1038,2,2014-04-30,0.43388373911755823,-0.900968867902419,0.8660254037844387,-0.49999999999999983,0.8800122039735357,-0.47495107206704995,6851.0,3974.0,7443.0,5042.571428571428,5290.0,2542.065489396554,4566.433333333333,5159.0,2575.666029477091,17290.0,1,0,0,0,0,1,1,0,0,7234
1038,2,2014-05-01,-0.433883739117558,-0.9009688679024191,0.49999999999999994,-0.8660254037844387,0.8717063187093218,-0.49002866642905923,7234.0,4169.0,7348.0,4447.0,5290.0,3187.3197726825797,4378.0,5035.0,2697.3427665018744,17290.0,1,0,0,0,0,1,1,0,0,0
1038,2,2014-05-02,-0.9749279121818236,-0.2225209339563146,0.49999999999999994,-0.8660254037844387,0.8631421280499114,-0.5049610547215204,0.0,4641.0,0.0,4965.428571428572,6851.0,3503.578164160312,4482.9,5071.0,2787.017938524106,17290.0,1,0,0,0,0,1,1,0,0,8270
1038,2,2014-05-03,-0.7818314824680299,0.6234898018587334,0.49999999999999994,-0.8660254037844387,0.854322169749827,-0.5197438121555155,8270.0,5290.0,7429.0,5019.714285714285,6851.0,3512.3782405603606,4480.033333333334,5071.0,2785.7072213332995,17290.0,0,0,0,0,0,1,1,0,0,5670
1038,2,2014-05-04,-2.4492935982947064e-16,1.0,0.49999999999999994,-0.8660254037844387,0.8452490573530633,-0.5343725582809787,5670.0,0.0,0.0,5019.714285714285,6851.0,3512.3782405603606,4276.9,4825.0,2884.3973415841856,17290.0,0,0,0,0,0,1,1,0,0,0
1038,2,2014-05-05,0.7818314824680298,0.6234898018587336,0.49999999999999994,-0.8660254037844387,0.835925479418637,-0.548842958284719,0.0,7113.0,0.0,5074.714285714285,6851.0,3553.3947484194923,4350.7,4825.0,2938.862871224524,17290.0,1,0,0,0,0,1,1,0,0,7498
1038,2,2014-05-06,0.9749279121818236,-0.22252093395631434,0.49999999999999994,-0.8660254037844387,0.8263541987239096,-0.5631507242749186,7498.0,6851.0,4947.0,4900.142857142857,5670.0,3480.8619827360485,4538.333333333333,5071.0,2829.1573417482105,17290.0,1,0,0,0,0,1,1,0,0,5629
1038,2,2014-05-07,0.43388373911755823,-0.900968867902419,0.49999999999999994,-0.8660254037844387,0.8165380514459161,-0.5772916165517272,5629.0,7234.0,3974.0,4729.857142857143,5670.0,3375.212804578471,4587.633333333333,5229.0,2842.457029467253,17290.0,1,0,0,0,0,1,1,0,0,6042
1038,2,2014-05-08,-0.433883739117558,-0.9009688679024191,0.49999999999999994,-0.8660254037844387,0.8064799463209448,-0.5912614448635781,6042.0,0.0,4169.0,5678.428571428572,6042.0,2687.345397546484,4664.266666666666,5276.5,2866.467836462019,17290.0,1,0,0,0,0,1,1,0,0,6640
1038,2,2014-05-09,-0.9749279121818236,-0.2225209339563146,0.49999999999999994,-0.8660254037844387,0.7961828637826158,-0.6050560696488488,6640.0,8270.0,4641.0,5505.857142857143,6042.0,2527.2024340873704,4768.3,5459.5,2895.798504016129,17290.0,1,0,0,0,0,1,1,0,0,7062
1038,2,2014-05-10,-0.7818314824680299,0.6234898018587334,0.49999999999999994,-0.8660254037844387,0.7856498550787145,-0.6186714032625031,7062.0,5670.0,5290.0,5539.857142857143,6042.0,2531.376333708034,4808.466666666666,5649.5,2903.2091130373246,17290.0,0,0,0,0,0,1,1,0,0,5908
1038,2,2014-05-11,-2.4492935982947064e-16,1.0,0.49999999999999994,-0.8660254037844387,0.7748840413670407,-0.6321034111873487,5908.0,0.0,0.0,5539.857142857143,6042.0,2531.376333708034,4633.033333333334,5649.5,3030.997997511632,17290.0,0,0,0,0,0,1,1,0,0,0
1038,2,2014-05-12,0.7818314824680298,0.6234898018587336,0.49999999999999994,-0.8660254037844387,0.7638886127905428,-0.6453481132295501,0.0,7498.0,7113.0,5045.428571428572,5908.0,2420.7518017579323,4594.433333333333,5649.5,3030.9681357991653,17290.0,0,0,0,0,0,1,1,0,0,4037
1038,2,2014-05-13,0.9749279121818236,-0.22252093395631434,0.49999999999999994,-0.8660254037844387,0.7526668275320084,-0.6584015846980488,4037.0,5629.0,6851.0,4798.142857142857,5908.0,2439.5430192675713,4724.366666666667,5649.5,2908.2877351759225,17290.0,0,0,0,0,0,1,1,0,0,3898
1038,2,2014-05-14,0.43388373911755823,-0.900968867902419,0.49999999999999994,-0.8660254037844387,0.741222010848596,-0.6712599575675313,3898.0,6042.0,7234.0,4601.857142857143,4668.0,2377.2631623060033,4614.7,5459.5,2843.4557550689033,17290.0,0,0,0,0,0,1,1,0,0,4668
1038,2,2014-05-15,-0.433883739117558,-0.9009688679024191,0.49999999999999994,-0.8660254037844387,0.7295575540864875,-0.6839194216246106,4668.0,6640.0,0.0,4328.571428571428,4668.0,2207.8315045267727,4549.6,5118.5,2816.7723348199233,17290.0,0,0,0,0,0,1,1,0,0,4727
1038,2,2014-05-16,-0.9749279121818236,-0.2225209339563146,0.49999999999999994,-0.8660254037844387,0.717676913675962,-0.6963762255968722,4727.0,7062.0,8270.0,4057.285714285714,4668.0,1912.9639928904153,4473.6,5055.0,2766.3196090311635,17290.0,0,0,0,0,0,1,1,0,0,5163
1038,2,2014-05-17,-0.7818314824680299,0.6234898018587334,0.49999999999999994,-0.8660254037844387,0.705583610107178,-0.7086266782644596,5163.0,5908.0,5670.0,4019.0,4668.0,1871.9939458591573,4416.666666666667,5055.0,2722.348584603364,17290.0,0,0,0,0,0,1,1,0,0,5640
1038,2,2014-05-18,-2.4492935982947064e-16,1.0,0.49999999999999994,-0.8660254037844387,0.6932812268869777,-0.7206671495538609,5640.0,0.0,0.0,4019.0,4668.0,1871.9939458591573,4416.666666666667,5055.0,2722.348584603364,17290.0,0,0,0,0,0,1,1,0,0,0
1038,2,2014-05-19,0.7818314824680298,0.6234898018587336,0.49999999999999994,-0.8660254037844387,0.6807734094770161,-0.7324940716135789,0.0,4037.0,7498.0,4482.714285714285,4727.0,2242.555217773222,4411.8,5055.0,2716.9028817691483,17290.0,1,0,0,0,0,1,1,0,0,7283
1038,2,2014-05-20,0.9749279121818236,-0.22252093395631434,0.49999999999999994,-0.8660254037844387,0.6680638642135335,-0.7441039398713607,7283.0,3898.0,5629.0,4690.571428571428,5163.0,2246.7531281935753,4590.233333333334,5226.5,2589.9807040065803,17290.0,1,0,0,0,0,1,1,0,0,5353
1038,2,2014-05-21,0.43388373911755823,-0.900968867902419,0.49999999999999994,-0.8660254037844387,0.6551563572090853,-0.7554933140726803,5353.0,4668.0,6042.0,4853.428571428572,5353.0,2285.821432012486,4783.833333333333,5321.5,2448.224452795199,17290.0,1,0,0,0,0,1,1,0,0,5808
1038,2,2014-05-22,-0.433883739117558,-0.9009688679024191,0.49999999999999994,-0.8660254037844387,0.6420547132365637,-0.766658819300159,5808.0,4727.0,6640.0,4994.714285714285,5640.0,2307.16967402961,4809.466666666666,5491.0,2454.0106895382096,17290.0,1,0,0,0,0,1,1,0,0,5716
1038,2,2014-05-23,-0.9749279121818236,-0.2225209339563146,0.49999999999999994,-0.8660254037844387,0.6287628145958344,-0.777597146973627,5716.0,5163.0,7062.0,5152.142857142857,5716.0,2357.6121697296044,4885.833333333333,5634.5,2462.746589555612,17290.0,1,0,0,0,0,1,1,0,0,6265
1038,2,2014-05-24,-0.7818314824680299,0.6234898018587334,0.49999999999999994,-0.8660254037844387,0.6152845999633276,-0.7883050558305255,6265.0,5640.0,5908.0,5063.0,5716.0,2347.8683949489146,4914.066666666667,5634.5,2459.0976889253793,17290.0,0,0,0,0,0,1,1,0,0,5016
1038,2,2014-05-25,-2.4492935982947064e-16,1.0,0.49999999999999994,-0.8660254037844387,0.6016240632249226,-0.7987793728863649,5016.0,0.0,0.0,5063.0,5716.0,2347.8683949489146,4759.366666666667,5634.5,2617.732665723409,17290.0,0,0,0,0,0,1,1,0,0,0
1038,2,2014-05-26,0.7818314824680298,0.6234898018587336,0.49999999999999994,-0.8660254037844387,0.5877852522924732,-0.8090169943749473,0.0,7283.0,4037.0,4633.285714285715,5353.0,2139.894056122538,4725.533333333334,5634.5,2617.197128455437,17290.0,0,0,0,0,0,1,1,0,0,4275
1038,2,2014-05-27,0.9749279121818236,-0.22252093395631434,0.49999999999999994,-0.8660254037844387,0.5737722679043246,-0.8190148866680801,4275.0,5353.0,3898.0,4440.0,5016.0,2125.1049385853867,4858.866666666667,5634.5,2465.6558438334146,17290.0,0,0,0,0,0,1,1,0,0,4000
1038,2,2014-05-28,0.43388373911755823,-0.900968867902419,0.49999999999999994,-0.8660254037844387,0.5595892624101765,-0.8287700871745037,4000.0,5808.0,4668.0,4528.285714285715,5016.0,2202.8253610825736,4835.966666666666,5634.5,2447.1190730063067,17290.0,0,0,0,0,0,1,1,0,0,6426
1038,2,2014-05-29,-0.433883739117558,-0.9009688679024191,0.49999999999999994,-0.8660254037844387,0.545240438540651,-0.8382797052177743,6426.0,5716.0,4727.0,3711.714285714286,4275.0,2693.876433338257,4607.6,5491.0,2569.21452641826,17290.0,0,0,0,0,0,1,1,0,0,0
1038,2,2014-05-30,-0.9749279121818236,-0.2225209339563146,0.49999999999999994,-0.8660254037844387,0.5307300481619334,-0.8475409228928311,0.0,6265.0,5163.0,3855.285714285714,4275.0,2873.431787618291,4608.8,5491.0,2570.4916261291305,17290.0,0,0,0,0,0,1,1,0,0,7270
1038,2,2014-05-31,-0.7818314824680299,0.6234898018587334,0.49999999999999994,-0.8660254037844387,0.5160623910158528,-0.8565509959010036,7270.0,5016.0,5640.0,4018.285714285714,4275.0,2980.612616800207,4814.033333333334,5634.5,2431.883426246118,17290.0,0,0,0,0,0,1,1,0,0,6157
1038,2,2014-06-01,-2.4492935982947064e-16,1.0,1.2246467991473532e-16,-1.0,0.5012418134457758,-0.865307254363206,6157.0,0.0,0.0,4018.285714285714,4275.0,2980.612616800207,4538.366666666667,5491.0,2494.5395606284164,17290.0,0,0,0,0,0,1,1,0,0,0
1038,2,2014-06-02,0.7818314824680298,0.6234898018587336,1.2246467991473532e-16,-1.0,0.48627270710869,-0.8738071036110808,0.0,4275.0,7283.0,4592.0,6157.0,3395.8420163488167,4625.733333333334,5491.0,2579.9744443178724,17290.0,1,0,0,0,0,1,1,0,0,8291
1038,2,2014-06-03,0.9749279121818236,-0.22252093395631434,1.2246467991473532e-16,-1.0,0.4711595076738638,-0.8820480249558537,8291.0,4000.0,5353.0,4921.857142857143,6309.0,3440.6017607666354,4836.033333333334,5634.5,2443.4357591709636,17290.0,1,0,0,0,0,1,1,0,0,6309
1038,2,2014-06-04,0.43388373911755823,-0.900968867902419,1.2246467991473532e-16,-1.0,0.4559066935084588,-0.8900275764346767,6309.0,6426.0,5808.0,4889.285714285715,6198.0,3425.033124622578,4792.7,5634.5,2405.8371852785353,17290.0,1,0,0,0,0,1,1,0,0,6198
1038,2,2014-06-05,-0.433883739117558,-0.9009688679024191,1.2246467991473532e-16,-1.0,0.440518784350495,-0.8977433935342337,6198.0,0.0,5716.0,5796.285714285715,6309.0,2672.4588998576855,4816.7,5678.0,2418.027953262452,17290.0,1,0,0,0,0,1,1,0,0,6349
1038,2,2014-06-06,-0.9749279121818236,-0.2225209339563146,1.2246467991473532e-16,-1.0,0.42500033996955416,-0.9051931898913974,6349.0,7270.0,6265.0,5818.714285714285,6309.0,2687.5048349901094,4862.866666666667,5678.0,2455.1654306693886,17290.0,1,0,0,0,0,1,1,0,0,7427
1038,2,2014-06-07,-0.7818314824680299,0.6234898018587334,1.2246467991473532e-16,-1.0,0.4093559588156213,-0.9123747579707273,7427.0,6157.0,5016.0,5737.142857142857,6309.0,2684.18935177652,4827.733333333334,5613.0,2436.326869714311,17290.0,0,0,0,0,0,1,1,0,0,5586
1038,2,2014-06-08,-2.4492935982947064e-16,1.0,1.2246467991473532e-16,-1.0,0.39359027665646673,-0.9192859697186104,5586.0,0.0,0.0,5737.142857142857,6309.0,2684.18935177652,4592.333333333333,5469.5,2551.4541943266604,17290.0,0,0,0,0,0,1,1,0,0,0
1038,2,2014-06-09,0.7818314824680298,0.6234898018587336,1.2246467991473532e-16,-1.0,0.3777079652039649,-0.9259247771938498,0.0,8291.0,4275.0,4552.714285714285,6198.0,3157.049240154785,4395.4,5258.0,2671.5790319842517,17290.0,0,0,0,0,0,1,1,0,0,0
1038,2,2014-06-10,0.9749279121818236,-0.22252093395631434,1.2246467991473532e-16,-1.0,0.36171373072976765,-0.9322892131745133,0.0,6309.0,4000.0,4541.0,6198.0,3149.5897087292706,4602.966666666666,5469.5,2557.783260119416,17290.0,0,0,0,0,0,1,1,0,0,6227
1038,2,2014-06-11,0.43388373911755823,-0.900968867902419,1.2246467991473532e-16,-1.0,0.3456123126707335,-0.9383773917408641,6227.0,6198.0,6426.0,4367.285714285715,5586.0,3075.632385612522,4634.466666666666,5469.5,2556.3914590598215,17290.0,0,0,0,0,0,1,1,0,0,4982
1038,2,2014-06-12,-0.433883739117558,-0.9009688679024191,1.2246467991473532e-16,-1.0,0.3294084822245304,-0.9441875088341993,4982.0,6349.0,0.0,4132.428571428572,4982.0,2959.668948668802,4661.366666666667,5469.5,2552.6177568613084,17290.0,0,0,0,0,0,1,1,0,0,4705
1038,2,2014-06-13,-0.9749279121818236,-0.2225209339563146,1.2246467991473532e-16,-1.0,0.3131070409358269,-0.9497178427914316,4705.0,7427.0,7270.0,3913.4285714285716,4982.0,2722.469703360222,4702.233333333334,5613.0,2562.5223522434117,17290.0,0,0,0,0,0,1,1,0,0,5894
1038,2,2014-06-14,-0.7818314824680299,0.6234898018587334,1.2246467991473532e-16,-1.0,0.29671281927349075,-0.9549667548552551,5894.0,5586.0,6157.0,3934.1428571428573,4982.0,2737.8250144090325,4735.7,5678.0,2569.403864175766,17290.0,0,0,0,0,0,1,1,0,0,5731
1038,2,2014-06-15,-2.4492935982947064e-16,1.0,1.2246467991473532e-16,-1.0,0.28023067519921585,-0.9599326896597447,5731.0,0.0,0.0,3934.1428571428573,4982.0,2737.8250144090325,4563.6,5678.0,2708.9186492539498,17290.0,0,0,0,0,0,1,1,0,0,0
1038,2,2014-06-16,0.7818314824680298,0.6234898018587336,1.2246467991473532e-16,-1.0,0.26366549272800704,-0.9646141756912435,0.0,0.0,8291.0,5089.142857142857,5731.0,2496.2663739120067,4645.1,5723.5,2778.3108282948956,17290.0,1,0,0,0,0,1,1,0,0,8085
1038,2,2014-06-17,0.9749279121818236,-0.22252093395631434,1.2246467991473532e-16,-1.0,0.24702218048093552,-0.9690098257244062,8085.0,6227.0,6309.0,5157.285714285715,5731.0,2538.655005725517,4868.566666666667,5769.5,2658.8519389641297,17290.0,1,0,0,0,0,1,1,0,0,6704
1038,2,2014-06-18,0.43388373911755823,-0.900968867902419,1.2246467991473532e-16,-1.0,0.23030567023061221,-0.9731183372332619,6704.0,4982.0,6198.0,5490.142857142857,5894.0,2661.6137603949583,4869.533333333334,5769.5,2659.7651274752275,17290.0,1,0,0,0,0,1,1,0,0,7312
1038,2,2014-06-19,-0.433883739117558,-0.9009688679024191,1.2246467991473532e-16,-1.0,0.21352091543979612,-0.9769384927771817,7312.0,4705.0,6349.0,4818.0,5894.0,3387.917600336032,4691.1,5769.5,2801.9674534770757,17290.0,1,0,0,0,0,1,1,0,0,0
1038,2,2014-06-20,-0.9749279121818236,-0.2225209339563146,1.2246467991473532e-16,-1.0,0.19667288979357647,-0.980469160361632,0.0,5894.0,7427.0,5076.714285714285,6704.0,3549.0932041056008,4754.333333333333,5812.5,2849.0518729417026,17290.0,1,0,0,0,0,1,1,0,0,7705
1038,2,2014-06-21,-0.7818314824680299,0.6234898018587334,1.2246467991473532e-16,-1.0,0.1797665857255624,-0.9837092937736097,7705.0,5731.0,5586.0,4966.714285714285,6704.0,3537.347768893416,4729.166666666667,5812.5,2843.5935749576115,17290.0,0,0,0,0,0,1,1,0,0,4961
1038,2,2014-06-22,-2.4492935982947064e-16,1.0,1.2246467991473532e-16,-1.0,0.16280701293851715,-0.986657932891657,4961.0,0.0,0.0,4966.714285714285,6704.0,3537.347768893416,4520.333333333333,5658.5,2954.789219780882,17290.0,0,0,0,0,0,1,1,0,0,0
1038,2,2014-06-23,0.7818314824680298,0.6234898018587336,1.2246467991473532e-16,-1.0,0.1457991969198751,-0.9893142039703663,0.0,8085.0,0.0,4457.428571428572,4961.0,3259.27445183448,4503.8,5658.5,2953.3074083603015,17290.0,0,0,0,0,0,1,1,0,0,4520
1038,2,2014-06-24,0.9749279121818236,-0.22252093395631434,1.2246467991473532e-16,-1.0,0.12874817745258132,-0.99167731989929,4520.0,6704.0,6227.0,4075.4285714285716,4520.0,3105.1399247668305,4638.133333333333,5658.5,2830.484444137739,17290.0,0,0,0,0,0,1,1,0,0,4030
1038,2,2014-06-25,0.43388373911755823,-0.900968867902419,1.2246467991473532e-16,-1.0,0.11165900712169512,-0.993746580436178,4030.0,7312.0,4982.0,3631.5714285714284,4205.0,2769.2867226744443,4635.8,5658.5,2830.8229508943728,17290.0,0,0,0,0,0,1,1,0,0,4205
1038,2,2014-06-26,-0.433883739117558,-0.9009688679024191,1.2246467991473532e-16,-1.0,0.09453674981719912,-0.9955213724144752,4205.0,0.0,4705.0,4237.714285714285,4243.0,2259.3274599819683,4643.9,5658.5,2829.288205233932,17290.0,0,0,0,0,0,1,1,0,0,4243
1038,2,2014-06-27,-0.9749279121818236,-0.2225209339563146,1.2246467991473532e-16,-1.0,0.07738647923346301,-0.9970011699250151,4243.0,7705.0,5894.0,3816.714285714286,4243.0,1714.4145467462781,4588.3,5284.0,2809.378863121118,17290.0,0,0,0,0,0,1,1,0,0,4758
1038,2,2014-06-28,-0.7818314824680299,0.6234898018587334,1.2246467991473532e-16,-1.0,0.06021327736579302,-0.9981855344718586,4758.0,4961.0,5731.0,3880.714285714286,4243.0,1771.6572010677587,4768.6,5497.5,2675.1183486549385,17290.0,0,0,0,0,0,1,1,0,0,5409
1038,2,2014-06-29,-2.4492935982947064e-16,1.0,1.2246467991473532e-16,-1.0,0.04302223300453059,-0.99907411510223,5409.0,0.0,0.0,3880.714285714286,4243.0,1771.6572010677587,4526.266666666666,5195.5,2768.3697920883164,17290.0,0,0,0,0,0,1,1,0,0,0
1038,2,2014-06-30,0.7818314824680298,0.6234898018587336,1.2246467991473532e-16,-1.0,0.02581844022713308,-0.9996666485105112,0.0,4520.0,8085.0,4506.285714285715,4243.0,2609.8449324487783,4617.666666666667,5195.5,2867.55425446474,17290.0,1,0,0,0,0,1,1,0,0,8899
1038,2,2015-01-01,-0.433883739117558,-0.9009688679024191,0.49999999999999994,0.8660254037844387,0.017213356155834685,0.9998518392091162,8899.0,4030.0,6704.0,3930.5714285714284,4243.0,3125.8966104219803,4617.666666666667,5195.5,2867.55425446474,17290.0,0,0,0,0,0,1,1,0,0,0
1038,2,2015-01-02,-0.9749279121818236,-0.2225209339563146,0.49999999999999994,0.8660254037844387,0.03442161162274574,0.9994074007397048,0.0,4205.0,7312.0,4110.142857142857,4758.0,3179.9271180626893,4523.366666666667,5195.5,2788.003246464902,17290.0,0,0,0,0,0,1,1,0,0,5462
1038,2,2015-01-03,-0.7818314824680299,0.6234898018587334,0.49999999999999994,0.8660254037844387,0.051619667223253764,0.998666816288476,5462.0,4243.0,0.0,4227.857142857143,5067.0,3200.847462187237,4481.966666666666,5024.5,2769.735036292163,17290.0,0,0,0,0,0,1,1,0,0,5067
1038,2,2015-01-04,-2.4492935982947064e-16,1.0,0.49999999999999994,0.8660254037844387,0.06880242680231986,0.9976303053065857,5067.0,4758.0,7705.0,3548.1428571428573,5067.0,3555.0947211277626,4275.366666666667,4971.5,2866.7792872157383,17290.0,0,0,0,0,0,1,1,0,0,0
1038,2,2015-01-05,0.7818314824680298,0.6234898018587336,0.49999999999999994,0.8660254037844387,0.08596479873744647,0.9962981749346078,0.0,5409.0,4961.0,4198.428571428572,5067.0,4292.125303278973,4395.766666666666,4971.5,3028.1772562718784,17290.0,1,0,0,0,0,1,1,0,0,9961
1038,2,2015-01-06,0.9749279121818236,-0.22252093395631434,0.49999999999999994,0.8660254037844387,0.10310169744743485,0.9946708199115211,9961.0,0.0,0.0,4198.428571428572,5067.0,4292.125303278973,4148.2,4859.5,3075.0473996907444,17290.0,1,0,0,0,0,1,1,0,0,0
1038,2,2015-01-07,0.43388373911755823,-0.900968867902419,0.49999999999999994,0.8660254037844387,0.1202080448993527,0.9927487224577402,0.0,8899.0,4520.0,3913.0,5067.0,3982.718334672104,4192.033333333334,4859.5,3105.471128490014,17290.0,1,0,0,0,0,1,1,0,0,6901
1038,2,2015-01-08,-0.433883739117558,-0.9009688679024191,0.49999999999999994,0.8660254037844387,0.13727877211326478,0.9905324521322229,6901.0,0.0,4030.0,4742.857142857143,5462.0,3620.1951802157205,4385.666666666667,4971.5,3014.8551670289075,17290.0,1,0,0,0,0,1,1,0,0,5809
1038,2,2015-01-09,-0.9749279121818236,-0.2225209339563146,0.49999999999999994,0.8660254037844387,0.15430882066428117,0.9880226656636976,5809.0,5462.0,4205.0,4893.714285714285,5809.0,3676.718179494936,4602.933333333333,5024.5,2921.3118679601876,17290.0,1,0,0,0,0,1,1,0,0,6518
1038,2,2015-01-10,-0.7818314824680299,0.6234898018587334,0.49999999999999994,0.8660254037844387,0.1712931441814776,0.9852201067560606,6518.0,5067.0,4243.0,4920.285714285715,5809.0,3678.850713392507,4570.466666666666,5024.5,2908.022194732608,17290.0,0,0,0,0,0,1,1,0,0,5253
1038,2,2015-01-11,-2.4492935982947064e-16,1.0,0.49999999999999994,0.8660254037844387,0.1882267098432442,0.9821256058680006,5253.0,0.0,4758.0,4920.285714285715,5809.0,3678.850713392507,4404.4,5014.0,3023.6633478909807,17290.0,0,0,0,0,0,1,1,0,0,0
1038,2,2015-01-12,0.7818314824680298,0.6234898018587336,0.49999999999999994,0.8660254037844387,0.2051044998686192,0.9787400799669153,0.0,9961.0,5409.0,4540.428571428572,5809.0,3174.3077385545985,4490.966666666666,5160.0,3069.3960596938855,17290.0,1,0,0,0,0,1,1,0,0,7302
1038,2,2015-01-13,0.9749279121818236,-0.22252093395631434,0.49999999999999994,0.8660254037844387,0.22192151300416552,0.9750645322571948,7302.0,0.0,0.0,5389.571428571428,5944.0,2475.3650812989717,4492.633333333333,5160.0,3070.197640311564,17290.0,1,0,0,0,0,1,1,0,0,5944
1038,2,2015-01-14,0.43388373911755823,-0.900968867902419,0.49999999999999994,0.8660254037844387,0.2386727660059501,0.9711000518829505,5944.0,6901.0,8899.0,5106.428571428572,5809.0,2385.386960721664,4465.566666666667,5014.0,3062.473371406631,17290.0,1,0,0,0,0,1,1,0,0,4919
1038,2,2015-01-15,-0.433883739117558,-0.9009688679024191,0.49999999999999994,0.8660254037844387,0.255353295116187,0.9668478136052775,4919.0,5809.0,0.0,5095.142857142857,5730.0,2381.6929852922813,4656.566666666667,5160.0,2951.0175180696583,17290.0,1,0,0,0,0,1,1,0,0,5730
1038,2,2015-01-16,-0.9749279121818236,-0.2225209339563146,0.49999999999999994,0.8660254037844387,0.2719581575341055,0.9623090774541486,5730.0,6518.0,5462.0,5116.285714285715,5730.0,2397.03669241042,4609.266666666666,5160.0,2905.186657108913,17290.0,1,0,0,0,0,1,1,0,0,6666
1038,2,2015-01-17,-0.7818314824680299,0.6234898018587334,0.49999999999999994,0.8660254037844387,0.288482432880609,0.9574851883550393,6666.0,5253.0,5067.0,5266.571428571428,5944.0,2439.6365751987732,4595.966666666666,5160.0,2896.165556366735,17290.0,0,0,0,0,0,1,1,0,0,6305
1038,2,2015-01-18,-2.4492935982947064e-16,1.0,0.49999999999999994,0.8660254037844387,0.30492122465628907,0.9523775757303974,6305.0,0.0,0.0,5266.571428571428,5944.0,2439.6365751987732,4352.233333333334,5014.0,2966.533838108654,17290.0,0,0,0,0,0,1,1,0,0,0
1038,2,2015-01-19,0.7818314824680298,0.6234898018587336,0.49999999999999994,0.8660254037844387,0.3212696616923644,0.9469877530760753,0.0,7302.0,9961.0,4848.857142857143,5730.0,2278.0164199416554,4498.166666666667,5014.0,2850.4639680819187,17290.0,0,0,0,0,0,1,1,0,0,4378
1038,2,2015-01-20,0.9749279121818236,-0.22252093395631434,0.49999999999999994,0.8660254037844387,0.3375228995941133,0.9413173175128471,4378.0,5944.0,0.0,4515.142857142857,4919.0,2261.893928294856,4361.6,4940.0,2789.0073824409874,17290.0,0,0,0,0,0,1,1,0,0,3608
1038,2,2015-01-21,0.43388373911755823,-0.900968867902419,0.49999999999999994,0.8660254037844387,0.3536761221763716,0.9353679493131483,3608.0,4919.0,6901.0,4407.0,4378.0,2257.4591173854424,4334.966666666666,4838.5,2786.9002862942743,17290.0,0,0,0,0,0,1,1,0,0,4162
1038,2,2015-01-22,-0.433883739117558,-0.9009688679024191,0.49999999999999994,0.8660254037844387,0.3697245428906731,0.9291414114031743,4162.0,5730.0,5809.0,4213.0,4372.0,2181.9018462494278,4480.7,4838.5,2663.9992770787017,17290.0,0,0,0,0,0,1,1,0,0,4372
1038,2,2015-01-23,-0.9749279121818236,-0.2225209339563146,0.49999999999999994,0.8660254037844387,0.38566340624360707,0.9226395488404876,4372.0,6666.0,6518.0,3920.4285714285716,4372.0,1919.713681528477,4483.966666666666,4838.5,2664.1092123639155,17290.0,0,0,0,0,0,1,1,0,0,4618
1038,2,2015-01-24,-0.7818314824680299,0.6234898018587334,0.49999999999999994,0.8660254037844387,0.401487989205973,0.9158642882672872,4618.0,6305.0,5253.0,3841.0,4372.0,1813.1525951594185,4541.266666666666,4993.0,2672.4816303143784,17290.0,0,0,0,0,0,1,1,0,0,5749
1038,2,2015-01-25,-2.4492935982947064e-16,1.0,0.49999999999999994,0.8660254037844387,0.4171936026123168,0.9088176373395029,5749.0,0.0,0.0,3841.0,4372.0,1813.1525951594185,4401.1,4993.0,2798.0486470099954,17290.0,0,0,0,0,0,1,1,0,0,0
1038,2,2015-01-26,0.7818314824680298,0.6234898018587336,0.49999999999999994,0.8660254037844387,0.4327755925504312,0.901501684131884,0.0,4378.0,7302.0,4150.428571428572,4372.0,2084.576364407794,4477.8,5160.0,2824.9732912988234,17290.0,1,0,0,0,0,1,1,0,0,6544
1038,2,2015-01-27,0.9749279121818236,-0.22252093395631434,0.49999999999999994,0.8660254037844387,0.4482293417404106,0.893918596519257,6544.0,3608.0,5944.0,4414.142857142857,4618.0,2120.9669515397454,4501.0,5331.0,2830.206864621685,17290.0,1,0,0,0,0,1,1,0,0,5454
1038,2,2015-01-28,0.43388373911755823,-0.900968867902419,0.49999999999999994,0.8660254037844387,0.4635502709028509,0.886070621534138,5454.0,4162.0,4919.0,4476.0,4618.0,2118.700623810104,4473.866666666667,5160.0,2825.0989696833153,17290.0,1,0,0,0,0,1,1,0,0,4595
1038,2,2015-01-29,-0.433883739117558,-0.9009688679024191,0.49999999999999994,0.8660254037844387,0.47873384011578846,0.8779600847008882,4595.0,4372.0,5730.0,4539.571428571428,4817.0,2121.733949481165,4634.433333333333,5160.0,2695.9941507576614,17290.0,1,0,0,0,0,1,1,0,0,4817
1038,2,2015-01-30,-0.9749279121818236,-0.2225209339563146,0.49999999999999994,0.8660254037844387,0.4937755501599772,0.869589389346611,4817.0,4618.0,6666.0,4779.857142857143,5454.0,2224.834333051294,4547.8,5160.0,2594.0620044167417,17290.0,1,0,0,0,0,1,1,0,0,6300
1038,2,2015-01-31,-0.7818314824680299,0.6234898018587334,0.49999999999999994,0.8660254037844387,0.5086709438521044,0.8609610158889943,6300.0,5749.0,6305.0,4855.571428571428,5454.0,2271.8344171720796,4757.1,5353.5,2464.548267344129,17290.0,0,0,0,0,0,1,1,0,0,6279
1038,2,2015-02-01,-2.4492935982947064e-16,1.0,0.8660254037844386,0.5000000000000001,0.5234156073655503,0.8520775211013093,6279.0,0.0,0.0,4855.571428571428,5454.0,2271.8344171720796,4575.033333333334,5160.0,2608.240356537573,17290.0,0,0,0,0,0,1,1,0,0,0
1038,2,2015-02-02,0.7818314824680298,0.6234898018587336,0.8660254037844386,0.5000000000000001,0.5380051715382996,0.8429415373547828,0.0,6544.0,4378.0,5024.0,5454.0,2454.2537222816463,4663.566666666667,5353.5,2669.864605676412,17290.0,1,0,0,0,0,1,1,0,0,7723
1038,2,2015-02-03,0.9749279121818236,-0.22252093395631434,0.8660254037844386,0.5000000000000001,0.5524353131676196,0.8335557718385699,7723.0,5454.0,3608.0,5088.571428571428,5906.0,2473.3245411215785,4860.433333333333,5592.0,2528.112457714363,17290.0,1,0,0,0,0,1,1,0,0,5906
1038,2,2015-02-04,0.43388373911755823,-0.900968867902419,0.8660254037844386,0.5000000000000001,0.5667017562911176,0.8239230057575542,5906.0,4595.0,4162.0,5209.714285714285,5906.0,2465.8765658676466,4709.833333333333,5448.5,2341.4732922160147,17290.0,1,0,0,0,0,1,1,0,0,5443
1038,2,2015-02-05,-0.433883739117558,-0.9009688679024191,0.8660254037844386,0.5000000000000001,0.5808002734538009,0.8140460935082178,5443.0,4817.0,4372.0,5283.428571428572,5906.0,2459.885556764975,4887.6,5448.5,2167.5522123131036,17290.0,1,0,0,0,0,1,1,0,0,5333
1038,2,2015-02-06,-0.9749279121818236,-0.2225209339563146,0.8660254037844386,0.5000000000000001,0.5947266869607634,0.8039279618328213,5333.0,6300.0,4618.0,5328.142857142857,5906.0,2484.168836758844,4878.0,5448.5,2158.9481474663207,17290.0,1,0,0,0,0,1,1,0,0,6613
1038,2,2015-02-07,-0.7818314824680299,0.6234898018587334,0.8660254037844386,0.5000000000000001,0.6084768701151261,0.7935716089521474,6613.0,6279.0,5749.0,5211.428571428572,5462.0,2451.0202540399914,4866.433333333333,5448.5,2154.7136570036732,17290.0,0,0,0,0,0,1,1,0,0,5462
1038,2,2015-02-08,-2.4492935982947064e-16,1.0,0.8660254037844386,0.5000000000000001,0.6220467484408675,0.7829801036770629,5462.0,0.0,0.0,5211.428571428572,5462.0,2451.0202540399914,4649.166666666667,5388.0,2305.7596112902697,17290.0,0,0,0,0,0,1,1,0,0,0
1038,2,2015-02-09,0.7818314824680298,0.6234898018587336,0.8660254037844386,0.5000000000000001,0.6354323008901774,0.7721565844991642,0.0,7723.0,6544.0,4688.857142857143,5443.0,2203.7748999214505,4609.566666666667,5388.0,2305.2330674797904,17290.0,0,0,0,0,0,1,1,0,0,4065
1038,2,2015-02-10,0.9749279121818236,-0.22252093395631434,0.8660254037844386,0.5000000000000001,0.6486295610349814,0.7611042586607747,4065.0,5906.0,5454.0,4479.857142857143,5333.0,2137.4823530321373,4757.666666666667,5388.0,2135.339080452032,17290.0,0,0,0,0,0,1,1,0,0,4443
1038,2,2015-02-11,0.43388373911755823,-0.900968867902419,0.8660254037844386,0.5000000000000001,0.6616346182422783,0.7498264012045686,4443.0,5443.0,4595.0,4300.142857142857,4443.0,2095.4792950994465,4653.766666666666,5126.0,2082.4469639035824,17290.0,0,0,0,0,0,1,1,0,0,4185
1038,2,2015-02-12,-0.433883739117558,-0.9009688679024191,0.8660254037844386,0.5000000000000001,0.6744436188329455,0.7383263540031065,4185.0,5333.0,4817.0,4219.285714285715,4443.0,2059.595325485544,4614.533333333334,4868.0,2068.3403097124983,17290.0,0,0,0,0,0,1,1,0,0,4767
1038,2,2015-02-13,-0.9749279121818236,-0.2225209339563146,0.8660254037844386,0.5000000000000001,0.6870527672236669,0.7266075247685656,4767.0,6613.0,6300.0,4021.285714285714,4443.0,1846.7444069935361,4624.8,5022.0,2070.666815803293,17290.0,0,0,0,0,0,1,1,0,0,5227
1038,2,2015-02-14,-0.7818314824680299,0.6234898018587334,0.8660254037844386,0.5000000000000001,0.6994583270516471,0.7146733860429609,5227.0,5462.0,6279.0,4093.714285714286,4443.0,1921.11085176309,4632.766666666666,5022.0,2075.5196554670033,17290.0,0,0,0,0,0,1,1,0,0,5969
1038,2,2015-02-15,-2.4492935982947064e-16,1.0,0.8660254037844386,0.5000000000000001,0.7116566222817746,0.702527474169157,5969.0,0.0,0.0,4093.714285714286,4443.0,1921.11085176309,4410.566666666667,4792.0,2203.234122568584,17290.0,0,0,0,0,0,1,1,0,0,0
1038,2,2015-02-16,0.7818314824680298,0.6234898018587336,0.8660254037844386,0.5000000000000001,0.7236440382959124,0.6901733882429719,0.0,4065.0,7723.0,4608.0,4767.0,2346.8358130328,4455.9,4792.0,2256.8958136770707,17290.0,1,0,0,0,0,1,1,0,0,7665
1038,2,2015-02-17,0.9749279121818236,-0.22252093395631434,0.8660254037844386,0.5000000000000001,0.7354170229639855,0.6776147890466889,7665.0,4443.0,5906.0,4686.142857142857,4990.0,2349.5313311787236,4622.233333333334,4903.5,2095.2655774936666,17290.0,1,0,0,0,0,1,1,0,0,4990
1038,2,2015-02-18,0.43388373911755823,-0.900968867902419,0.8660254037844386,0.5000000000000001,0.7469720876965552,0.6648553979642865,4990.0,4185.0,5443.0,4784.571428571428,4990.0,2339.448429091982,4638.766666666666,4932.0,2095.2288441111596,17290.0,1,0,0,0,0,1,1,0,0,4874
1038,2,2015-02-19,-0.433883739117558,-0.9009688679024191,0.8660254037844386,0.5000000000000001,0.7583058084785625,0.6518989958787126,4874.0,4767.0,5333.0,4911.428571428572,5227.0,2362.3011984886552,4707.0,5108.5,2093.834216010884,17290.0,1,0,0,0,0,1,1,0,0,5655
1038,2,2015-02-20,-0.9749279121818236,-0.2225209339563146,0.8660254037844386,0.5000000000000001,0.7694148268839378,0.6387494220515272,5655.0,5227.0,6613.0,4975.0,5655.0,2378.1433934899687,4757.333333333333,5280.0,2098.4255729135243,17290.0,1,0,0,0,0,1,1,0,0,5672
1038,2,2015-02-21,-0.7818314824680299,0.6234898018587334,0.8660254037844386,0.5000000000000001,0.7802958510707755,0.6254105729852463,5672.0,5969.0,5462.0,4904.428571428572,5475.0,2350.904000389553,4794.1,5388.0,2101.1024749747,17290.0,0,0,0,0,0,1,1,0,0,5475
1038,2,2015-02-22,-2.4492935982947064e-16,1.0,0.8660254037844386,0.5000000000000001,0.7909456567567772,0.6118864012687243,5475.0,0.0,0.0,4904.428571428572,5475.0,2350.904000389553,4640.166666666667,5388.0,2276.3085374068355,17290.0,0,0,0,0,0,1,1,0,0,0
1038,2,2015-02-23,0.7818314824680298,0.6234898018587336,0.8660254037844386,0.5000000000000001,0.8013610881746766,0.5981809144059164,0.0,7665.0,4065.0,4414.571428571428,4990.0,2012.7435552120426,4589.733333333334,5280.0,2267.638676644953,17290.0,0,0,0,0,0,1,1,0,0,4236
1038,2,2015-02-24,0.9749279121818236,-0.22252093395631434,0.8660254037844386,0.5000000000000001,0.8115390590073611,0.5842981736283683,4236.0,4990.0,4443.0,4338.714285714285,4874.0,1997.389772869056,4738.366666666667,5280.0,2096.0722954650378,17290.0,0,0,0,0,0,1,1,0,0,4459
1038,2,2015-02-25,0.43388373911755823,-0.900968867902419,0.8660254037844386,0.5000000000000001,0.8214765533024142,0.5702422926917871,4459.0,4874.0,4185.0,4204.428571428572,4459.0,1986.9754953314387,4651.366666666667,5108.5,2072.5769148130726,17290.0,0,0,0,0,0,1,1,0,0,3934
1038,2,2015-02-26,-0.433883739117558,-0.9009688679024191,0.8660254037844386,0.5000000000000001,0.8311706263658079,0.5560174366570446,3934.0,5655.0,4767.0,3992.4285714285716,4236.0,1882.8516366709,4608.6,4932.0,2068.6772318694752,17290.0,0,0,0,0,0,1,1,0,0,4171
1038,2,2015-02-27,-0.9749279121818236,-0.2225209339563146,0.8660254037844386,0.5000000000000001,0.8406184056344782,0.5416278206559814,4171.0,5672.0,5227.0,4027.5714285714284,4236.0,1921.3277403176912,4652.7,5108.5,2082.4334099549337,17290.0,0,0,0,0,0,1,1,0,0,5918
1038,2,2015-02-28,-0.7818314824680299,0.6234898018587334,0.8660254037844386,0.5000000000000001,0.8498170915275278,0.5270777086423722,5918.0,5475.0,5969.0,4107.571428571428,4236.0,2001.621081119239,4693.3,5280.0,2097.5654714207453,17290.0,0,0,0,0,0,1,1,0,0,6035
1038,2,2015-03-01,-2.4492935982947064e-16,1.0,1.0,6.123233995736766e-17,0.8587639582758029,0.5123714121284237,6035.0,0.0,0.0,4107.571428571428,4236.0,2001.621081119239,4483.3,5108.5,2241.583694315399,17290.0,0,0,0,0,0,1,1,0,0,0
1038,2,2015-03-02,0.7818314824680298,0.6234898018587336,1.0,6.123233995736766e-17,0.8674563547295968,0.49751328890718066,0.0,4236.0,7665.0,4553.571428571428,4459.0,2352.1373866579897,4519.266666666666,5108.5,2279.7215488365828,17290.0,1,0,0,0,0,1,1,0,0,7358
1038,2,2015-03-03,0.9749279121818236,-0.22252093395631434,1.0,6.123233995736766e-17,0.8758917051442429,0.48250774176121847,7358.0,4459.0,4990.0,4794.714285714285,5918.0,2426.1877994284005,4724.166666666667,5280.0,2130.9137117974574,17290.0,1,0,0,0,0,1,1,0,0,6147
1038,2,2015-03-04,0.43388373911755823,-0.900968867902419,1.0,6.123233995736766e-17,0.8840675099433636,0.46735921715800227,6147.0,3934.0,4874.0,5076.714285714285,5918.0,2424.191666946989,4663.666666666667,5280.0,2067.6628207301756,17290.0,1,0,0,0,0,1,1,0,0,5908
1038,2,2015-03-05,-0.433883739117558,-0.9009688679024191,1.0,6.123233995736766e-17,0.8919813464595485,0.45207220393230435,5908.0,4171.0,5655.0,5277.857142857143,5918.0,2394.7510259295127,4652.766666666666,5280.0,2061.741274168313,17290.0,1,0,0,0,0,1,1,0,0,5579
1038,2,2015-03-06,-0.9749279121818236,-0.2225209339563146,1.0,6.123233995736766e-17,0.8996308696522433,0.43665123195606403,5579.0,5918.0,5672.0,5325.285714285715,6035.0,2412.7621594544325,4679.666666666667,5280.0,2077.610635808108,17290.0,1,0,0,0,0,1,1,0,0,6250
1038,2,2015-03-07,-0.7818314824680299,0.6234898018587334,1.0,6.123233995736766e-17,0.9070138128026359,0.4211008707960896,6250.0,6035.0,5475.0,5253.571428571428,5908.0,2395.5506574441147,4686.333333333333,5344.5,2080.0987432353245,17290.0,0,0,0,0,0,1,1,0,0,5533
1038,2,2015-03-08,-2.4492935982947064e-16,1.0,1.0,6.123233995736766e-17,0.9141279881853337,0.40542572835999735,5533.0,0.0,0.0,5253.571428571428,5908.0,2395.5506574441147,4465.9,5108.5,2214.91389028542,17290.0,0,0,0,0,0,1,1,0,0,0
1038,2,2015-03-09,0.7818314824680298,0.6234898018587336,1.0,6.123233995736766e-17,0.9209712877166346,0.38963044953078796,0.0,7358.0,4236.0,4798.857142857143,5579.0,2225.5830268771815,4423.0,4932.0,2207.406482574138,17290.0,0,0,0,0,0,1,1,0,0,4175
1038,2,2015-03-10,0.9749279121818236,-0.22252093395631434,1.0,6.123233995736766e-17,0.9275416835791966,0.37371971479046906,4175.0,6147.0,4459.0,4542.857142857143,5533.0,2146.3180432678505,4568.166666666667,4932.0,2043.6288900458096,17290.0,0,0,0,0,0,1,1,0,0,4355
1038,2,2015-03-11,0.43388373911755823,-0.900968867902419,1.0,6.123233995736766e-17,0.9338372288229252,0.35769823883312546,4355.0,5908.0,3934.0,4323.0,4369.0,2060.2725547849236,4578.3,4932.0,2041.8007797378064,17290.0,0,0,0,0,0,1,1,0,0,4369
1038,2,2015-03-12,-0.433883739117558,-0.9009688679024191,1.0,6.123233995736766e-17,0.9398560579418954,0.3415707691678556,4369.0,5579.0,4171.0,4121.428571428572,4355.0,1984.5406569399427,4569.133333333333,4932.0,2043.046081701048,17290.0,0,0,0,0,0,1,1,0,0,4168
1038,2,2015-03-13,-0.9749279121818236,-0.2225209339563146,1.0,6.123233995736766e-17,0.9455963874271426,0.3253420847119801,4168.0,6250.0,5918.0,3999.0,4355.0,1853.4457100222824,4609.4,5108.5,2047.114345811579,17290.0,0,0,0,0,0,1,1,0,0,5393
1038,2,2015-03-14,-0.7818314824680299,0.6234898018587334,1.0,6.123233995736766e-17,0.9510565162951535,0.30901699437494745,5393.0,5533.0,6035.0,4013.714285714286,4355.0,1868.005327819465,4638.366666666667,5310.0,2055.5520692007253,17290.0,0,0,0,0,0,1,1,0,0,5636
1038,2,2015-03-15,-2.4492935982947064e-16,1.0,1.0,6.123233995736766e-17,0.9562348265919056,0.29260033563334836,5636.0,0.0,0.0,4013.714285714286,4355.0,1868.005327819465,4464.133333333333,5191.5,2218.9681779405096,17290.0,0,0,0,0,0,1,1,0,0,0
1038,2,2015-03-16,0.7818314824680298,0.6234898018587336,1.0,6.123233995736766e-17,0.9611297838723007,0.27609697309746883,0.0,4175.0,7358.0,4541.571428571428,4369.0,2374.5581243074,4527.5,5191.5,2289.448190556266,17290.0,1,0,0,0,0,1,1,0,0,7870
1038,2,2015-03-17,0.9749279121818236,-0.22252093395631434,1.0,6.123233995736766e-17,0.9657399376548549,0.2595117970697999,7870.0,4355.0,6147.0,4750.285714285715,5393.0,2419.2142466984105,4721.366666666667,5434.0,2133.8007612018814,17290.0,1,0,0,0,0,1,1,0,0,5816
1038,2,2015-03-18,0.43388373911755823,-0.900968867902419,1.0,6.123233995736766e-17,0.970063921851507,0.2428497220959356,5816.0,4369.0,5908.0,4897.0,5396.0,2423.374988179361,4645.733333333334,5394.5,2064.967277578811,17290.0,1,0,0,0,0,1,1,0,0,5396
1038,2,2015-03-19,-0.433883739117558,-0.9009688679024191,1.0,6.123233995736766e-17,0.9741004551724205,0.22611568550828828,5396.0,4168.0,5579.0,5122.428571428572,5636.0,2417.6473314045616,4670.933333333333,5435.5,2073.907039670627,17290.0,1,0,0,0,0,1,1,0,0,5746
1038,2,2015-03-20,-0.9749279121818236,-0.2225209339563146,1.0,6.123233995736766e-17,0.9778483415056568,0.20931464596304847,5746.0,5393.0,6250.0,5189.285714285715,5746.0,2432.8002188346422,4703.833333333333,5504.0,2085.038428213355,17290.0,1,0,0,0,0,1,1,0,0,5861
1038,2,2015-03-21,-0.7818314824680299,0.6234898018587334,1.0,6.123233995736766e-17,0.9813064702716093,0.19245158197082998,5861.0,5636.0,5533.0,5175.142857142857,5746.0,2430.056681682642,4699.9,5504.0,2083.292790685966,17290.0,0,0,0,0,0,1,1,0,0,5537
1038,2,2015-03-22,-2.4492935982947064e-16,1.0,1.0,6.123233995736766e-17,0.9844738167520922,0.1755314904214282,5537.0,0.0,0.0,5175.142857142857,5746.0,2430.056681682642,4510.833333333333,5435.5,2243.2646481432316,17290.0,0,0,0,0,0,1,1,0,0,0
1038,2,2015-03-23,0.7818314824680298,0.6234898018587336,1.0,6.123233995736766e-17,0.9873494423939864,0.15855938510313478,0.0,7870.0,4175.0,4628.142857142857,5537.0,2135.4396447079616,4463.033333333334,5394.5,2237.2815475457014,17290.0,0,0,0,0,0,1,1,0,0,4041
1038,2,2015-03-24,0.9749279121818236,-0.22252093395631434,1.0,6.123233995736766e-17,0.989932495087353,0.141540295217043,4041.0,5816.0,4355.0,4342.428571428572,5396.0,2083.1769693701685,4590.233333333334,5394.5,2077.5650814874784,17290.0,0,0,0,0,0,1,1,0,0,3816
1038,2,2015-03-25,0.43388373911755823,-0.900968867902419,1.0,6.123233995736766e-17,0.9922222094179323,0.12447926388678915,3816.0,5396.0,4369.0,4156.714285714285,4096.0,2030.88828794083,4585.566666666667,5394.5,2078.545208807702,17290.0,0,0,0,0,0,1,1,0,0,4096
1038,2,2015-03-26,-0.433883739117558,-0.9009688679024191,1.0,6.123233995736766e-17,0.994217906893952,0.10738134666416309,4096.0,5746.0,4168.0,3910.8571428571427,4041.0,1906.8054811273082,4571.1,5394.5,2080.9653984761867,17290.0,0,0,0,0,0,1,1,0,0,4025
1038,2,2015-03-27,-0.9749279121818236,-0.2225209339563146,1.0,6.123233995736766e-17,0.995918996147179,0.09025161003104117,4025.0,5861.0,5393.0,3806.1428571428573,4041.0,1798.9379671138788,4610.9,5394.5,2079.7779448777655,17290.0,0,0,0,0,0,1,1,0,0,5128
1038,2,2015-03-28,-0.7818314824680299,0.6234898018587334,1.0,6.123233995736766e-17,0.9973249731081555,0.07309512989807777,5128.0,5537.0,5636.0,3793.714285714286,4041.0,1785.2350652211721,4653.533333333334,5423.0,2083.555163546243,17290.0,0,0,0,0,0,1,1,0,0,5450
1038,2,2015-03-29,-2.4492935982947064e-16,1.0,1.0,6.123233995736766e-17,0.9984354211555643,0.055916990100603484,5450.0,0.0,0.0,3793.714285714286,4041.0,1785.2350652211724,4456.266666666666,5394.5,2234.401361366875,17290.0,0,0,0,0,0,1,1,0,0,0
1038,2,2015-03-30,0.7818314824680298,0.6234898018587336,1.0,6.123233995736766e-17,0.9992500112396835,0.03872228089217446,0.0,4041.0,7870.0,4426.428571428572,4096.0,2520.799863610942,4537.433333333333,5394.5,2335.6602062052084,17290.0,1,0,0,0,0,1,1,0,0,8470
1038,2,2015-03-31,0.9749279121818236,-0.22252093395631434,1.0,6.123233995736766e-17,0.9997685019798909,0.021516097436222254,8470.0,3816.0,5816.0,4913.142857142857,5128.0,2705.443428138375,4778.2,5423.0,2221.2830930141085,17290.0,1,0,0,0,0,1,1,0,0,7223
1038,2,2015-04-01,0.43388373911755823,-0.900968867902419,0.8660254037844387,-0.49999999999999983,0.9999907397361901,0.004303538296244289,7223.0,4096.0,5396.0,5541.0,5450.0,2980.2251592790712,4815.966666666666,5423.0,2275.624847624585,17290.0,1,0,0,0,0,1,1,0,0,8491
1038,2,2015-04-02,-0.433883739117558,-0.9009688679024191,0.8660254037844387,-0.49999999999999983,0.9999166586547379,-0.01291029607500882,8491.0,4025.0,5746.0,6193.428571428572,7223.0,3090.8778611230982,4897.466666666666,5423.0,2366.8915703401167,17290.0,1,0,0,0,0,1,1,0,0,8592
1038,2,2015-04-03,-0.9749279121818236,-0.2225209339563146,0.8660254037844387,-0.49999999999999983,0.9995462806873573,-0.030120304846908114,8592.0,5128.0,5861.0,5460.857142857143,7223.0,3889.900359845195,4700.533333333334,5394.5,2520.6978745404267,17290.0,1,0,0,0,0,1,1,0,0,0
1038,2,2015-04-04,-0.7818314824680299,0.6234898018587334,0.8660254037844387,-0.49999999999999983,0.9988797155850336,-0.04732138832243185,0.0,5450.0,5537.0,6003.0,8470.0,4144.275891716986,4822.733333333334,5394.5,2650.2836794594605,17290.0,0,0,0,0,0,1,1,0,0,9245
1038,2,2015-04-05,-2.4492935982947064e-16,1.0,0.8660254037844387,-0.49999999999999983,0.9979171608653922,-0.06450844944931623,9245.0,0.0,0.0,6003.0,8470.0,4144.275891716986,4614.4,5260.5,2776.8481711316563,17290.0,0,0,0,0,0,1,1,0,0,0
1038,2,2015-04-06,0.7818314824680298,0.6234898018587336,0.8660254037844387,-0.49999999999999983,0.9966589017541702,-0.08167639533042241,0.0,8470.0,4041.0,4793.0,7223.0,4523.113897895267,4429.966666666666,4748.5,2894.9663744498635,17290.0,0,0,0,0,0,1,1,0,0,0
1038,2,2015-04-07,0.9749279121818236,-0.22252093395631434,0.8660254037844387,-0.49999999999999983,0.9951053111006976,-0.09882013873287143,0.0,7223.0,3816.0,4491.285714285715,5111.0,4402.846795513318,4600.333333333333,5119.5,2773.1006961998964,17290.0,0,0,0,0,0,1,1,0,0,5111
1038,2,2015-04-08,0.43388373911755823,-0.900968867902419,0.8660254037844387,-0.49999999999999983,0.9932568492674143,-0.11593459959550041,5111.0,8491.0,4096.0,3938.5714285714284,4622.0,4045.3940828693426,4615.233333333334,5119.5,2771.9371874673407,17290.0,0,0,0,0,0,1,1,0,0,4622
1038,2,2015-04-09,-0.433883739117558,-0.9009688679024191,0.8660254037844387,-0.49999999999999983,0.9911140639934547,-0.1330147065341959,4622.0,8592.0,4025.0,3362.5714285714284,4560.0,3526.107951511738,4622.066666666667,5119.5,2771.526193936861,17290.0,0,0,0,0,0,1,1,0,0,4560
1038,2,2015-04-10,-0.9749279121818236,-0.2225209339563146,0.8660254037844387,-0.49999999999999983,0.9886775902323405,-0.1500553983446526,4560.0,0.0,5128.0,4031.4285714285716,4622.0,3212.035691849374,4632.5,5119.5,2771.129792627222,17290.0,0,0,0,0,0,1,1,0,0,4682
1038,2,2015-04-11,-0.7818314824680299,0.6234898018587334,0.8660254037844387,-0.49999999999999983,0.9859481499638304,-0.16705162550211924,4682.0,9245.0,5450.0,3423.1428571428573,4622.0,2346.7974226287965,4659.8,5119.5,2770.4300724268205,17290.0,0,0,0,0,0,1,1,0,0,4987
1038,2,2015-04-12,-2.4492935982947064e-16,1.0,0.8660254037844387,-0.49999999999999983,0.9829265519799822,-0.18399835165768005,4987.0,0.0,0.0,3423.1428571428573,4622.0,2346.7974226287965,4480.033333333334,5049.0,2893.452018793029,17290.0,0,0,0,0,0,1,1,0,0,0
1038,2,2015-04-13,0.7818314824680298,0.6234898018587336,0.8660254037844387,-0.49999999999999983,0.9796136916454901,-0.20089055513063506,0.0,0.0,8470.0,4550.571428571428,4682.0,2323.784976939047,4555.233333333334,5049.0,2953.230139021165,17290.0,1,0,0,0,0,1,1,0,0,7892
1038,2,2015-04-14,0.9749279121818236,-0.22252093395631434,0.8660254037844387,-0.49999999999999983,0.9760105506323683,-0.21772323039653177,7892.0,5111.0,7223.0,4665.714285714285,4682.0,2375.573665053396,4752.466666666666,5119.5,2833.6810923837766,17290.0,1,0,0,0,0,1,1,0,0,5917
1038,2,2015-04-15,0.43388373911755823,-0.900968867902419,0.8660254037844387,-0.49999999999999983,0.9721181966290613,-0.23449138957040985,5917.0,4622.0,8491.0,4796.142857142857,4987.0,2397.7338904732087,4674.633333333333,5119.5,2776.5912552715704,17290.0,1,0,0,0,0,1,1,0,0,5535
1038,2,2015-04-16,-0.433883739117558,-0.9009688679024191,0.8660254037844387,-0.49999999999999983,0.9679377830240642,-0.25119006388481935,5535.0,4560.0,8592.0,5032.857142857143,5535.0,2451.7205814537233,4688.0,5119.5,2783.232603311824,17290.0,1,0,0,0,0,1,1,0,0,6217
1038,2,2015-04-17,-0.9749279121818236,-0.2225209339563146,0.8660254037844387,-0.49999999999999983,0.9634705485641488,-0.2678143051621742,6217.0,4682.0,0.0,5320.857142857143,5917.0,2521.064419947212,4731.4,5119.5,2804.721740454709,17290.0,1,0,0,0,0,1,1,0,0,6698
1038,2,2015-04-18,-0.7818314824680299,0.6234898018587334,0.8660254037844387,-0.49999999999999983,0.9587178169872964,-0.2843591872810034,6698.0,4987.0,9245.0,5375.857142857143,5917.0,2516.76296252225,4718.933333333333,5119.5,2800.8850194097586,17290.0,0,0,0,0,0,1,1,0,0,5372
1038,2,2015-04-19,-2.4492935982947064e-16,1.0,0.8660254037844387,-0.49999999999999983,0.9536809966304457,-0.30081980763566735,5372.0,0.0,0.0,5375.857142857143,5917.0,2516.76296252225,4523.566666666667,5049.0,2920.337258314326,17290.0,0,0,0,0,0,1,1,0,0,0
1038,2,2015-04-20,0.7818314824680298,0.6234898018587336,0.8660254037844387,-0.49999999999999983,0.9483615800121715,-0.3171912885891061,0.0,7892.0,0.0,4934.571428571428,5535.0,2259.7431164583572,4499.1,4895.0,2914.623053051508,17290.0,0,0,0,0,0,1,1,0,0,4803
1038,2,2015-04-21,0.9749279121818236,-0.22252093395631434,0.8660254037844387,-0.49999999999999983,0.9427611433904207,-0.3334687789181868,4803.0,5917.0,5111.0,4629.142857142857,5372.0,2249.2890305287865,4625.066666666667,4895.0,2792.5789209769955,17290.0,0,0,0,0,0,1,1,0,0,3779
1038,2,2015-04-22,0.43388373911755823,-0.900968867902419,0.8660254037844387,-0.49999999999999983,0.9368813462954315,-0.3496474552512284,3779.0,5535.0,4622.0,4415.714285714285,4803.0,2219.6951528145846,4625.066666666667,4895.0,2792.5789209769955,17290.0,0,0,0,0,0,1,1,0,0,4041
1038,2,2015-04-23,-0.433883739117558,-0.9009688679024191,0.8660254037844387,-0.49999999999999983,0.9307239310379795,-0.36572252349726897,4041.0,6217.0,4560.0,4144.714285714285,4320.0,2074.15538748392,4641.866666666667,4895.0,2789.0575807081736,17290.0,0,0,0,0,0,1,1,0,0,4320
1038,2,2015-04-24,-0.9749279121818236,-0.2225209339563146,0.8660254037844387,-0.49999999999999983,0.9242907221930934,-0.3816892202666588,4320.0,6698.0,4682.0,3900.714285714286,4320.0,1806.9869686198383,4671.666666666667,4988.5,2787.7998287282844,17290.0,0,0,0,0,0,1,1,0,0,4990
1038,2,2015-04-25,-0.7818314824680299,0.6234898018587334,0.8660254037844387,-0.49999999999999983,0.9175836260593937,-0.39754281428255595,4990.0,5372.0,4987.0,3935.714285714286,4320.0,1842.2627132854616,4724.733333333334,5050.5,2790.216923137142,17290.0,0,0,0,0,0,1,1,0,0,5617
1038,2,2015-04-26,-2.4492935982947064e-16,1.0,0.8660254037844387,-0.49999999999999983,0.9106046300942163,-0.4132786077829042,5617.0,0.0,0.0,3935.714285714286,4320.0,1842.2627132854616,4553.8,4988.5,2918.773589877348,17290.0,0,0,0,0,0,1,1,0,0,0
1038,2,2015-04-27,0.7818314824680298,0.6234898018587336,0.8660254037844387,-0.49999999999999983,0.9033558023246845,-0.4288919379124835,0.0,4803.0,7892.0,4260.0,4320.0,2187.7629365785187,4607.9,4988.5,2950.822963525421,17290.0,1,0,0,0,0,1,1,0,0,7073
1038,2,2015-04-28,0.9749279121818236,-0.22252093395631434,0.8660254037844387,-0.49999999999999983,0.895839290734909,-0.4443781781046132,7073.0,3779.0,5917.0,4599.857142857143,4990.0,2283.2857485483055,4813.166666666667,5050.5,2830.9823089050406,17290.0,1,0,0,0,0,1,1,0,0,6158
1038,2,2015-04-29,0.43388373911755823,-0.900968867902419,0.8660254037844387,-0.49999999999999983,0.8880573226294932,-0.45973273945210397,6158.0,4041.0,5535.0,4780.142857142857,5303.0,2281.6270092904733,4707.6,5050.5,2747.7422782324743,17290.0,1,0,0,0,0,1,1,0,0,5303
1038,2,2015-04-30,-0.433883739117558,-0.9009688679024191,0.8660254037844387,-0.49999999999999983,0.8800122039735357,-0.47495107206704995,5303.0,4320.0,6217.0,5317.0,5617.0,2578.163170424498,4736.1,5050.5,2778.9884831814534,17290.0,1,0,0,0,0,1,1,0,0,8078
1038,2,2015-05-01,-0.9749279121818236,-0.2225209339563146,0.49999999999999994,-0.8660254037844387,0.8717063187093218,-0.49002866642905923,8078.0,4990.0,6698.0,4604.142857142857,5617.0,3278.413103345956,4453.066666666667,4988.5,2815.527548207019,17290.0,1,0,0,0,0,1,1,0,0,0
1038,2,2015-05-02,-0.7818314824680299,0.6234898018587334,0.49999999999999994,-0.8660254037844387,0.8631421280499114,-0.5049610547215204,0.0,5617.0,5372.0,4928.857142857143,6158.0,3500.4965566126643,4429.666666666667,4988.5,2782.6679127491416,17290.0,0,0,0,0,0,1,1,0,0,7890
1038,2,2015-05-03,-2.4492935982947064e-16,1.0,0.49999999999999994,-0.8660254037844387,0.854322169749827,-0.5197438121555155,7890.0,0.0,0.0,4928.857142857143,6158.0,3500.4965566126643,4429.666666666667,4988.5,2782.6679127491416,17290.0,0,0,0,0,0,1,1,0,0,0
1038,2,2015-05-04,0.7818314824680298,0.6234898018587336,0.49999999999999994,-0.8660254037844387,0.8452490573530633,-0.5343725582809787,0.0,7073.0,4803.0,5078.571428571428,6158.0,3627.5883567067335,4392.2,4988.5,2722.5138915449375,17290.0,1,0,0,0,0,1,1,0,0,8121
1038,2,2015-05-05,0.9749279121818236,-0.22252093395631434,0.49999999999999994,-0.8660254037844387,0.835925479418637,-0.548842958284719,8121.0,6158.0,3779.0,4930.714285714285,5303.0,3597.224843046171,4562.966666666666,5050.5,2595.209014017323,17290.0,1,0,0,0,0,1,1,0,0,5123
1038,2,2015-05-06,0.43388373911755823,-0.900968867902419,0.49999999999999994,-0.8660254037844387,0.8263541987239096,-0.5631507242749186,5123.0,5303.0,4041.0,5065.714285714285,6248.0,3631.09784657871,4771.233333333334,5117.0,2463.776239326787,17290.0,1,0,0,0,0,1,1,0,0,6248
1038,2,2015-05-07,-0.433883739117558,-0.9009688679024191,0.49999999999999994,-0.8660254037844387,0.8165380514459161,-0.5772916165517272,6248.0,8078.0,4320.0,4779.571428571428,6075.0,3427.3623899991862,4803.366666666667,5213.0,2474.6229038162433,17290.0,1,0,0,0,0,1,1,0,0,6075
1038,2,2015-05-08,-0.9749279121818236,-0.2225209339563146,0.49999999999999994,-0.8660254037844387,0.8064799463209448,-0.5912614448635781,6075.0,0.0,4990.0,5673.285714285715,6248.0,2714.9382874684025,4857.833333333333,5337.5,2488.4370400512107,17290.0,1,0,0,0,0,1,1,0,0,6256
1038,2,2015-05-09,-0.7818314824680299,0.6234898018587334,0.49999999999999994,-0.8660254037844387,0.7961828637826158,-0.6050560696488488,6256.0,7890.0,5617.0,5454.285714285715,6248.0,2563.9570793525127,4917.733333333334,5453.5,2502.60832117121,17290.0,0,0,0,0,0,1,1,0,0,6357
1038,2,2015-05-10,-2.4492935982947064e-16,1.0,0.49999999999999994,-0.8660254037844387,0.7856498550787145,-0.6186714032625031,6357.0,0.0,0.0,5454.285714285715,6248.0,2563.9570793525127,4761.666666666667,5453.5,2658.9227185062164,17290.0,0,0,0,0,0,1,1,0,0,0
1038,2,2015-05-11,0.7818314824680298,0.6234898018587336,0.49999999999999994,-0.8660254037844387,0.7748840413670407,-0.6321034111873487,0.0,8121.0,7073.0,4920.857142857143,6075.0,2290.5300280772976,4741.666666666667,5453.5,2659.425856281286,17290.0,0,0,0,0,0,1,1,0,0,4387
1038,2,2015-05-12,0.9749279121818236,-0.22252093395631434,0.49999999999999994,-0.8660254037844387,0.7638886127905428,-0.6453481132295501,4387.0,5123.0,6158.0,4824.285714285715,6075.0,2294.833451784367,4889.9,5453.5,2505.497835450722,17290.0,0,0,0,0,0,1,1,0,0,4447
1038,2,2015-05-13,0.43388373911755823,-0.900968867902419,0.49999999999999994,-0.8660254037844387,0.7526668275320084,-0.6584015846980488,4447.0,6248.0,5303.0,4885.428571428572,6075.0,2344.2581525323235,4849.366666666667,5453.5,2464.76076314522,17290.0,0,0,0,0,0,1,1,0,0,6676
1038,2,2015-05-14,-0.433883739117558,-0.9009688679024191,0.49999999999999994,-0.8660254037844387,0.741222010848596,-0.6712599575675313,6676.0,6075.0,8078.0,4017.5714285714284,4447.0,2891.175588876312,4652.133333333333,5337.5,2608.9092017524276,17290.0,0,0,0,0,0,1,1,0,0,0
1038,2,2015-05-15,-0.9749279121818236,-0.2225209339563146,0.49999999999999994,-0.8660254037844387,0.7295575540864875,-0.6839194216246106,0.0,6256.0,0.0,4058.714285714286,4447.0,2930.1253508047353,4685.766666666666,5337.5,2627.1236360039393,17290.0,0,0,0,0,0,1,1,0,0,6544
1038,2,2015-05-16,-0.7818314824680299,0.6234898018587334,0.49999999999999994,-0.8660254037844387,0.717676913675962,-0.6963762255968722,6544.0,6357.0,7890.0,4085.714285714286,4447.0,2955.592930602686,4696.733333333334,5337.5,2634.4126078702498,17290.0,0,0,0,0,0,1,1,0,0,6546
1038,2,2015-05-17,-2.4492935982947064e-16,1.0,0.49999999999999994,-0.8660254037844387,0.705583610107178,-0.7086266782644596,6546.0,0.0,0.0,4085.714285714286,4447.0,2955.592930602686,4473.466666666666,5213.0,2740.6427604176856,17290.0,0,0,0,0,0,1,1,0,0,0
1038,2,2015-05-18,0.7818314824680298,0.6234898018587336,0.49999999999999994,-0.8660254037844387,0.6932812268869777,-0.7206671495538609,0.0,4387.0,8121.0,4451.857142857143,6544.0,3151.4047887977094,4526.066666666667,5213.0,2773.429421136037,17290.0,1,0,0,0,0,1,1,0,0,6950
1038,2,2015-05-19,0.9749279121818236,-0.22252093395631434,0.49999999999999994,-0.8660254037844387,0.6807734094770161,-0.7324940716135789,6950.0,4447.0,5123.0,4635.285714285715,6544.0,3188.227653639018,4717.1,5460.0,2645.341935397463,17290.0,1,0,0,0,0,1,1,0,0,5731
1038,2,2015-05-20,0.43388373911755823,-0.900968867902419,0.49999999999999994,-0.8660254037844387,0.6680638642135335,-0.7441039398713607,5731.0,6676.0,6248.0,4449.857142857143,5731.0,3085.860140953216,4736.266666666666,5497.5,2648.0674401940887,17290.0,1,0,0,0,0,1,1,0,0,5378
1038,2,2015-05-21,-0.433883739117558,-0.9009688679024191,0.49999999999999994,-0.8660254037844387,0.6551563572090853,-0.7554933140726803,5378.0,0.0,6075.0,5348.571428571428,6291.0,2417.642230021001,4820.0,5674.0,2656.4564937992595,17290.0,1,0,0,0,0,1,1,0,0,6291
1038,2,2015-05-22,-0.9749279121818236,-0.2225209339563146,0.49999999999999994,-0.8660254037844387,0.6420547132365637,-0.766658819300159,6291.0,6544.0,6256.0,5343.142857142857,6291.0,2414.551333655408,4902.166666666667,5903.0,2669.6201858656946,17290.0,1,0,0,0,0,1,1,0,0,6506
1038,2,2015-05-23,-0.7818314824680299,0.6234898018587334,0.49999999999999994,-0.8660254037844387,0.6287628145958344,-0.777597146973627,6506.0,6546.0,6357.0,5199.285714285715,5731.0,2360.3311712755926,4942.8,5903.0,2669.7306644471896,17290.0,0,0,0,0,0,1,1,0,0,5539
1038,2,2015-05-24,-2.4492935982947064e-16,1.0,0.49999999999999994,-0.8660254037844387,0.6152845999633276,-0.7883050558305255,5539.0,0.0,0.0,5199.285714285715,5731.0,2360.3311712755926,4776.466666666666,5903.0,2818.017360428807,17290.0,0,0,0,0,0,1,1,0,0,0
1038,2,2015-05-25,0.7818314824680298,0.6234898018587336,0.49999999999999994,-0.8660254037844387,0.6016240632249226,-0.7987793728863649,0.0,6950.0,4387.0,4206.428571428572,5539.0,2900.982411594554,4589.233333333334,5903.0,2944.0289152830974,17290.0,0,0,0,0,0,1,1,0,0,0
1038,2,2015-05-26,0.9749279121818236,-0.22252093395631434,0.49999999999999994,-0.8660254037844387,0.5877852522924732,-0.8090169943749473,0.0,5731.0,4447.0,4262.428571428572,5539.0,2938.8537934112373,4793.333333333333,6099.0,2824.727967779199,17290.0,0,0,0,0,0,1,1,0,0,6123
1038,2,2015-05-27,0.43388373911755823,-0.900968867902419,0.49999999999999994,-0.8660254037844387,0.5737722679043246,-0.8190148866680801,6123.0,5378.0,6676.0,4233.857142857143,5539.0,2927.149547971623,4730.166666666667,5903.0,2793.00198258301,17290.0,0,0,0,0,0,1,1,0,0,5178
1038,2,2015-05-28,-0.433883739117558,-0.9009688679024191,0.49999999999999994,-0.8660254037844387,0.5595892624101765,-0.8287700871745037,5178.0,6291.0,0.0,4061.1428571428573,5178.0,2819.217529065553,4694.3,5635.0,2780.9166703779865,17290.0,0,0,0,0,0,1,1,0,0,5082
1038,2,2015-05-29,-0.9749279121818236,-0.2225209339563146,0.49999999999999994,-0.8660254037844387,0.545240438540651,-0.8382797052177743,5082.0,6506.0,6544.0,4042.0,5178.0,2800.2408824956483,4729.933333333333,5903.0,2795.794242013911,17290.0,0,0,0,0,0,1,1,0,0,6372
1038,2,2015-05-30,-0.7818314824680299,0.6234898018587334,0.49999999999999994,-0.8660254037844387,0.5307300481619334,-0.8475409228928311,6372.0,5539.0,6546.0,4281.857142857143,5178.0,3013.6174513128144,4701.266666666666,5903.0,2764.5151091114926,17290.0,0,0,0,0,0,1,1,0,0,7218
1038,2,2015-05-31,-2.4492935982947064e-16,1.0,0.49999999999999994,-0.8660254037844387,0.5160623910158528,-0.8565509959010036,7218.0,0.0,0.0,4281.857142857143,5178.0,3013.6174513128144,4701.266666666666,5903.0,2764.5151091114926,17290.0,0,0,0,0,0,1,1,0,0,0
1038,2,2015-06-01,0.7818314824680298,0.6234898018587336,1.2246467991473532e-16,-1.0,0.5012418134457758,-0.865307254363206,0.0,0.0,6950.0,5486.428571428572,6123.0,2684.0199860869607,4719.333333333333,5903.0,2787.746146031346,17290.0,1,0,0,0,0,1,1,0,0,8432
1038,2,2015-06-02,0.9749279121818236,-0.22252093395631434,1.2246467991473532e-16,-1.0,0.48627270710869,-0.8738071036110808,8432.0,6123.0,5731.0,5554.428571428572,6372.0,2708.751364075506,4939.3,6099.0,2659.9443104100383,17290.0,1,0,0,0,0,1,1,0,0,6599
1038,2,2015-06-03,0.43388373911755823,-0.900968867902419,1.2246467991473532e-16,-1.0,0.4711595076738638,-0.8820480249558537,6599.0,5178.0,5378.0,5856.428571428572,6599.0,2776.7796609947713,4911.666666666667,6099.0,2629.887126636912,17290.0,1,0,0,0,0,1,1,0,0,7292
1038,2,2015-06-04,-0.433883739117558,-0.9009688679024191,1.2246467991473532e-16,-1.0,0.4559066935084588,-0.8900275764346767,7292.0,5082.0,6291.0,5130.428571428572,6599.0,3565.3778601593212,4740.9,6099.0,2777.854870094967,17290.0,1,0,0,0,0,1,1,0,0,0
1038,2,2015-06-05,-0.9749279121818236,-0.2225209339563146,1.2246467991473532e-16,-1.0,0.440518784350495,-0.8977433935342337,0.0,6372.0,6506.0,5410.428571428572,7218.0,3751.2503629742246,4810.366666666667,6099.0,2842.1563751700082,17290.0,1,0,0,0,0,1,1,0,0,8332
1038,2,2015-06-06,-0.7818314824680299,0.6234898018587334,1.2246467991473532e-16,-1.0,0.42500033996955416,-0.9051931898913974,8332.0,7218.0,5539.0,5237.285714285715,6599.0,3681.2320724763526,4808.066666666667,6064.5,2841.125419719216,17290.0,0,0,0,0,0,1,1,0,0,6006
1038,2,2015-06-07,-2.4492935982947064e-16,1.0,1.2246467991473532e-16,-1.0,0.4093559588156213,-0.9123747579707273,6006.0,0.0,0.0,5237.285714285715,6599.0,3681.2320724763526,4599.533333333334,5868.5,2958.3559359343735,17290.0,0,0,0,0,0,1,1,0,0,0
1038,2,2015-06-08,0.7818314824680298,0.6234898018587336,1.2246467991473532e-16,-1.0,0.39359027665646673,-0.9192859697186104,0.0,8432.0,0.0,4867.571428571428,6006.0,3428.1651971641627,4582.433333333333,5787.5,2949.315884244591,17290.0,0,0,0,0,0,1,1,0,0,5844
1038,2,2015-06-09,0.9749279121818236,-0.22252093395631434,1.2246467991473532e-16,-1.0,0.3777079652039649,-0.9259247771938498,5844.0,6599.0,6123.0,4603.571428571428,5844.0,3342.6978055228997,4740.8,5787.5,2819.4691405444996,17290.0,0,0,0,0,0,1,1,0,0,4751
1038,2,2015-06-10,0.43388373911755823,-0.900968867902419,1.2246467991473532e-16,-1.0,0.36171373072976765,-0.9322892131745133,4751.0,7292.0,5178.0,4270.428571428572,4960.0,3140.177163640233,4759.9,5787.5,2818.930530269013,17290.0,0,0,0,0,0,1,1,0,0,4960
1038,2,2015-06-11,-0.433883739117558,-0.9009688679024191,1.2246467991473532e-16,-1.0,0.3456123126707335,-0.9383773917408641,4960.0,0.0,5082.0,4930.714285714285,4960.0,2516.5941742949376,4765.733333333334,5787.5,2818.4417305500087,17290.0,0,0,0,0,0,1,1,0,0,4622
1038,2,2015-06-12,-0.9749279121818236,-0.2225209339563146,1.2246467991473532e-16,-1.0,0.3294084822245304,-0.9441875088341993,4622.0,8332.0,6372.0,4470.0,4960.0,2040.2616662248647,4713.433333333333,5635.0,2796.241845928124,17290.0,0,0,0,0,0,1,1,0,0,5107
1038,2,2015-06-13,-0.7818314824680299,0.6234898018587334,1.2246467991473532e-16,-1.0,0.3131070409358269,-0.9497178427914316,5107.0,6006.0,7218.0,4503.857142857143,4960.0,2071.7229084807173,4921.533333333334,5787.5,2662.4725186644946,17290.0,0,0,0,0,0,1,1,0,0,6243
1038,2,2015-06-14,-2.4492935982947064e-16,1.0,1.2246467991473532e-16,-1.0,0.29671281927349075,-0.9549667548552551,6243.0,0.0,0.0,4503.857142857143,4960.0,2071.7229084807173,4703.4,5635.0,2789.980009815912,17290.0,0,0,0,0,0,1,1,0,0,0
1038,2,2015-06-15,0.7818314824680298,0.6234898018587336,1.2246467991473532e-16,-1.0,0.28023067519921585,-0.9599326896597447,0.0,5844.0,8432.0,4878.142857142857,4960.0,2538.31751550585,4767.333333333333,5635.0,2854.8807491651914,17290.0,1,0,0,0,0,1,1,0,0,8464
1038,2,2015-06-16,0.9749279121818236,-0.22252093395631434,1.2246467991473532e-16,-1.0,0.26366549272800704,-0.9646141756912435,8464.0,4751.0,6599.0,5149.714285714285,5107.0,2622.7365298027707,4989.066666666667,5787.5,2727.3171727761182,17290.0,1,0,0,0,0,1,1,0,0,6652
1038,2,2015-06-17,0.43388373911755823,-0.900968867902419,1.2246467991473532e-16,-1.0,0.24702218048093552,-0.9690098257244062,6652.0,4960.0,7292.0,5323.857142857143,6179.0,2648.3843772239293,4963.366666666667,5787.5,2711.7902024859573,17290.0,1,0,0,0,0,1,1,0,0,6179
1038,2,2015-06-18,-0.433883739117558,-0.9009688679024191,1.2246467991473532e-16,-1.0,0.23030567023061221,-0.9731183372332619,6179.0,4622.0,0.0,5502.0,6179.0,2635.2125783953934,4967.966666666666,5856.5,2713.2538867608696,17290.0,1,0,0,0,0,1,1,0,0,5869
1038,2,2015-06-19,-0.9749279121818236,-0.2225209339563146,1.2246467991473532e-16,-1.0,0.21352091543979612,-0.9769384927771817,5869.0,5107.0,8332.0,5746.428571428572,6243.0,2671.569005730698,5015.966666666666,5937.5,2733.4204224281166,17290.0,1,0,0,0,0,1,1,0,0,6818
1038,2,2015-06-20,-0.7818314824680299,0.6234898018587334,1.2246467991473532e-16,-1.0,0.19667288979357647,-0.980469160361632,6818.0,6243.0,6006.0,5716.571428571428,6179.0,2666.25704294383,5007.4,5937.5,2729.686790167284,17290.0,0,0,0,0,0,1,1,0,0,6034
1038,2,2015-06-21,-2.4492935982947064e-16,1.0,1.2246467991473532e-16,-1.0,0.1797665857255624,-0.9837092937736097,6034.0,0.0,0.0,5716.571428571428,6179.0,2666.25704294383,4790.533333333334,5856.5,2861.768367374573,17290.0,0,0,0,0,0,1,1,0,0,0
1038,2,2015-06-22,0.7818314824680298,0.6234898018587336,1.2246467991473532e-16,-1.0,0.16280701293851715,-0.986657932891657,0.0,8464.0,5844.0,5126.0,6034.0,2400.914895062569,4750.233333333334,5856.5,2859.3765498833777,17290.0,0,0,0,0,0,1,1,0,0,4330
1038,2,2015-06-23,0.9749279121818236,-0.22252093395631434,1.2246467991473532e-16,-1.0,0.1457991969198751,-0.9893142039703663,4330.0,6652.0,4751.0,4855.857142857143,5869.0,2305.069155041512,4908.933333333333,5856.5,2715.1225403645008,17290.0,0,0,0,0,0,1,1,0,0,4761
1038,2,2015-06-24,0.43388373911755823,-0.900968867902419,1.2246467991473532e-16,-1.0,0.12874817745258132,-0.99167731989929,4761.0,6179.0,4960.0,4543.857142857143,4761.0,2243.101381909386,5042.1,5856.5,2559.569391990334,17290.0,0,0,0,0,0,1,1,0,0,3995
1038,2,2015-06-25,-0.433883739117558,-0.9009688679024191,1.2246467991473532e-16,-1.0,0.11165900712169512,-0.993746580436178,3995.0,5869.0,4622.0,4344.714285714285,4475.0,2166.416219957566,4987.166666666667,5511.0,2553.248074489636,17290.0,0,0,0,0,0,1,1,0,0,4475
1038,2,2015-06-26,-0.9749279121818236,-0.2225209339563146,1.2246467991473532e-16,-1.0,0.09453674981719912,-0.9955213724144752,4475.0,6818.0,5107.0,4115.142857142857,4475.0,1933.241787651976,4988.266666666666,5527.5,2553.340231976511,17290.0,0,0,0,0,0,1,1,0,0,5211
1038,2,2015-06-27,-0.7818314824680299,0.6234898018587334,1.2246467991473532e-16,-1.0,0.07738647923346301,-0.9970011699250151,5211.0,6034.0,6243.0,4119.857142857143,4475.0,1938.7333002565895,5021.1,5856.5,2560.9089354879543,17290.0,0,0,0,0,0,1,1,0,0,6067
1038,2,2015-06-28,-2.4492935982947064e-16,1.0,1.2246467991473532e-16,-1.0,0.06021327736579302,-0.9981855344718586,6067.0,0.0,0.0,4119.857142857143,4475.0,1938.7333002565895,4808.7,5527.5,2705.183302476928,17290.0,0,0,0,0,0,1,1,0,0,0
1038,2,2015-06-29,0.7818314824680298,0.6234898018587336,1.2246467991473532e-16,-1.0,0.04302223300453059,-0.99907411510223,0.0,4330.0,8464.0,4523.714285714285,4761.0,2257.967132495192,4806.666666666667,5527.5,2703.3322136709808,17290.0,1,0,0,0,0,1,1,0,0,7157
1038,2,2015-06-30,0.9749279121818236,-0.22252093395631434,1.2246467991473532e-16,-1.0,0.02581844022713308,-0.9996666485105112,7157.0,4761.0,6652.0,4876.857142857143,5211.0,2483.32602427815,5047.766666666666,5856.5,2579.5703957125806,17290.0,1,0,0,0,0,1,1,0,0,7233
1038,2,2015-07-01,0.43388373911755823,-0.900968867902419,-0.4999999999999998,-0.8660254037844388,0.008606996888688698,-0.9999629591162655,7233.0,3995.0,6179.0,5124.714285714285,5730.0,2467.1710327340256,4957.7,5787.0,2503.3795522770015,17290.0,1,0,0,0,0,1,1,0,0,5730
1038,2,2015-07-02,-0.433883739117558,-0.9009688679024191,-0.4999999999999998,-0.8660254037844388,-0.008606996888688009,-0.9999629591162655,5730.0,4475.0,5869.0,5452.428571428572,6067.0,2518.311858973703,4963.366666666667,5787.0,2507.4120809468354,17290.0,1,0,0,0,0,1,1,0,0,6769
1038,2,2015-07-03,-0.9749279121818236,-0.2225209339563146,-0.4999999999999998,-0.8660254037844388,-0.02581844022713239,-0.9996666485105112,6769.0,5211.0,6818.0,5693.714285714285,6769.0,2571.672977802945,4950.3,5787.0,2495.853376965547,17290.0,1,0,0,0,0,1,1,0,0,6900
1038,2,2015-07-04,-0.7818314824680299,0.6234898018587334,-0.4999999999999998,-0.8660254037844388,-0.04302223300453034,-0.99907411510223,6900.0,6067.0,6034.0,5735.428571428572,6769.0,2581.088068828257,5162.266666666666,5856.5,2325.1274185824,17290.0,0,0,0,0,0,1,1,0,0,6359
1038,2,2015-07-05,-2.4492935982947064e-16,1.0,-0.4999999999999998,-0.8660254037844388,-0.060213277365792774,-0.9981855344718586,6359.0,0.0,0.0,5735.428571428572,6769.0,2581.088068828257,4884.533333333334,5787.0,2428.7645608321122,17290.0,0,0,0,0,0,1,1,0,0,0
1038,2,2015-07-06,0.7818314824680298,0.6234898018587336,-0.4999999999999998,-0.8660254037844388,-0.07738647923346322,-0.9970011699250151,0.0,7157.0,4330.0,5448.428571428572,6359.0,2507.313227151244,4855.933333333333,5470.5,2420.1397071861015,17290.0,0,0,0,0,0,1,1,0,0,5148
1038,2,2015-07-07,0.9749279121818236,-0.22252093395631434,-0.4999999999999998,-0.8660254037844388,-0.09453674981719933,-0.9955213724144752,5148.0,7233.0,4761.0,5009.285714285715,5730.0,2409.9696895940165,4994.566666666667,5470.5,2245.1807497060345,17290.0,0,0,0,0,0,1,1,0,0,4159
1038,2,2015-07-08,0.43388373911755823,-0.900968867902419,-0.4999999999999998,-0.8660254037844388,-0.11165900712169444,-0.9937465804361781,4159.0,5730.0,3995.0,4852.571428571428,5148.0,2390.8844149632714,4954.2,5179.5,2240.2629987231976,17290.0,0,0,0,0,0,1,1,0,0,4633
1038,2,2015-07-09,-0.433883739117558,-0.9009688679024191,-0.4999999999999998,-0.8660254037844388,-0.12874817745258066,-0.99167731989929,4633.0,6769.0,4475.0,4709.0,5148.0,2284.428593762559,4987.966666666666,5470.5,2244.724474043038,17290.0,0,0,0,0,0,1,1,0,0,5764
1038,2,2015-07-10,-0.9749279121818236,-0.2225209339563146,-0.4999999999999998,-0.8660254037844388,-0.14579919691987442,-0.9893142039703664,5764.0,6900.0,5211.0,4576.142857142857,5148.0,2159.389067041215,5021.633333333333,5747.0,2251.853297777771,17290.0,0,0,0,0,0,1,1,0,0,5970
1038,2,2015-07-11,-0.7818314824680299,0.6234898018587334,-0.4999999999999998,-0.8660254037844388,-0.16280701293851646,-0.9866579328916572,5970.0,6359.0,6067.0,4533.571428571428,5148.0,2120.97861510065,5069.6,5816.5,2258.3638202972443,17290.0,0,0,0,0,0,1,1,0,0,6061
1038,2,2015-07-12,-2.4492935982947064e-16,1.0,-0.4999999999999998,-0.8660254037844388,-0.17976658572556214,-0.9837092937736098,6061.0,0.0,0.0,4533.571428571428,5148.0,2120.97861510065,4899.366666666667,5816.5,2440.577030177467,17290.0,0,0,0,0,0,1,1,0,0,0
1038,2,2015-07-13,0.7818314824680298,0.6234898018587336,-0.4999999999999998,-0.8660254037844388,-0.19667288979357622,-0.9804691603616321,0.0,5148.0,7157.0,4989.714285714285,5764.0,2570.791947648665,4969.3,5816.5,2509.4912267711475,17290.0,1,0,0,0,0,1,1,0,0,8341
1038,2,2015-07-14,0.9749279121818236,-0.22252093395631434,-0.4999999999999998,-0.8660254037844388,-0.2135209154397959,-0.9769384927771817,8341.0,4159.0,7233.0,5293.0,5970.0,2581.6618678672794,5178.7,5919.5,2336.6836822801797,17290.0,1,0,0,0,0,1,1,0,0,6282
1038,2,2015-07-15,0.43388373911755823,-0.900968867902419,-0.4999999999999998,-0.8660254037844388,-0.23030567023061196,-0.973118337233262,6282.0,4633.0,5730.0,5453.142857142857,5970.0,2568.6335166498766,5088.366666666667,5816.5,2256.2984560976156,17290.0,1,0,0,0,0,1,1,0,0,5754
1038,2,2015-07-16,-0.433883739117558,-0.9009688679024191,-0.4999999999999998,-0.8660254037844388,-0.24702218048093527,-0.9690098257244063,5754.0,5764.0,6769.0,5468.714285714285,5970.0,2571.161197739627,5062.4,5816.5,2242.1208494298994,17290.0,1,0,0,0,0,1,1,0,0,5873
1038,2,2015-07-17,-0.9749279121818236,-0.2225209339563146,-0.4999999999999998,-0.8660254037844388,-0.2636654927280072,-0.9646141756912435,5873.0,5970.0,6900.0,5483.0,6061.0,2574.6860002726485,5058.766666666666,5816.5,2240.3366231567634,17290.0,1,0,0,0,0,1,1,0,0,6070
1038,2,2015-07-18,-0.7818314824680299,0.6234898018587334,-0.4999999999999998,-0.8660254037844388,-0.2802306751992161,-0.9599326896597445,6070.0,6061.0,6359.0,5411.714285714285,5873.0,2562.896584874598,5048.533333333334,5759.0,2237.207013887737,17290.0,0,0,0,0,0,1,1,0,0,5562
1038,2,2015-07-19,-2.4492935982947064e-16,1.0,-0.4999999999999998,-0.8660254037844388,-0.2967128192734901,-0.9549667548552553,5562.0,0.0,0.0,5411.714285714285,5873.0,2562.896584874598,4821.266666666666,5742.0,2392.192284586831,17290.0,0,0,0,0,0,1,1,0,0,0
1038,2,2015-07-20,0.7818314824680298,0.6234898018587336,-0.4999999999999998,-0.8660254037844388,-0.3131070409358267,-0.9497178427914317,0.0,8341.0,5148.0,4938.285714285715,5754.0,2213.932452619521,4787.7,5646.0,2381.6303912844323,17290.0,0,0,0,0,0,1,1,0,0,5027
1038,2,2015-07-21,0.9749279121818236,-0.22252093395631434,-0.4999999999999998,-0.8660254037844388,-0.3294084822245302,-0.9441875088341994,5027.0,6282.0,4159.0,4610.0,5562.0,2150.956143981863,4920.5,5646.0,2210.3793050998675,17290.0,0,0,0,0,0,1,1,0,0,3984
1038,2,2015-07-22,0.43388373911755823,-0.900968867902419,-0.4999999999999998,-0.8660254037844388,-0.3456123126707333,-0.9383773917408642,3984.0,5754.0,4633.0,4427.428571428572,5027.0,2091.074991253928,4925.366666666667,5646.0,2209.1947586415226,17290.0,0,0,0,0,0,1,1,0,0,4476
1038,2,2015-07-23,-0.433883739117558,-0.9009688679024191,-0.4999999999999998,-0.8660254037844388,-0.3617137307297674,-0.9322892131745134,4476.0,5873.0,5764.0,4332.714285714285,5027.0,2028.7727582856353,4940.333333333333,5646.0,2209.563716232672,17290.0,0,0,0,0,0,1,1,0,0,5210
1038,2,2015-07-24,-0.9749279121818236,-0.2225209339563146,-0.4999999999999998,-0.8660254037844388,-0.37770796520396466,-0.9259247771938499,5210.0,6070.0,5970.0,4159.428571428572,4857.0,1903.5944821261057,4969.066666666667,5646.0,2202.4398998936745,17290.0,0,0,0,0,0,1,1,0,0,4857
1038,2,2015-07-25,-0.7818314824680299,0.6234898018587334,-0.4999999999999998,-0.8660254037844388,-0.39359027665646645,-0.9192859697186105,4857.0,5562.0,6061.0,4243.428571428572,4857.0,1986.9494086113402,5024.9,5742.0,2210.698787168027,17290.0,0,0,0,0,0,1,1,0,0,6150
1038,2,2015-07-26,-2.4492935982947064e-16,1.0,-0.4999999999999998,-0.8660254037844388,-0.4093559588156211,-0.9123747579707274,6150.0,0.0,0.0,4243.428571428572,4857.0,1986.9494086113402,4851.2,5742.0,2392.793208351072,17290.0,0,0,0,0,0,1,1,0,0,0
1038,2,2015-07-27,0.7818314824680298,0.6234898018587336,-0.4999999999999998,-0.8660254037844388,-0.42500033996955394,-0.9051931898913975,0.0,5027.0,8341.0,4627.142857142857,4857.0,2383.3132699788202,4906.066666666667,5742.0,2440.0377319486915,17290.0,1,0,0,0,0,1,1,0,0,7713
1038,2,2015-07-28,0.9749279121818236,-0.22252093395631434,-0.4999999999999998,-0.8660254037844388,-0.4405187843504952,-0.8977433935342336,7713.0,3984.0,6282.0,5014.142857142857,5210.0,2479.477191437164,5129.166666666667,5759.0,2276.4928574201667,17290.0,1,0,0,0,0,1,1,0,0,6693
1038,2,2015-07-29,0.43388373911755823,-0.900968867902419,-0.4999999999999998,-0.8660254037844388,-0.455906693508459,-0.8900275764346766,6693.0,4476.0,5754.0,5211.285714285715,5856.0,2484.41513669285,5085.8,5759.0,2248.7539139526184,17290.0,1,0,0,0,0,1,1,0,0,5856
1038,2,2015-07-30,-0.433883739117558,-0.9009688679024191,-0.4999999999999998,-0.8660254037844388,-0.47115950767386394,-0.8820480249558535,5856.0,5210.0,5873.0,5452.857142857143,6150.0,2565.1688332071085,5074.733333333334,5759.0,2238.6167208766415,17290.0,1,0,0,0,0,1,1,0,0,6901
1038,2,2015-07-31,-0.9749279121818236,-0.2225209339563146,-0.4999999999999998,-0.8660254037844388,-0.4862727071086902,-0.8738071036110807,6901.0,4857.0,6070.0,5708.857142857143,6649.0,2585.1340022373656,5105.366666666667,5810.0,2254.1267057880987,17290.0,1,0,0,0,0,1,1,0,0,6649
